image_id,image_path,label,split,source
Male_Normal-0109.jpg,dataset_stage1/no_wound/Nomal/Male_Normal-0109.jpg,0,valid,dataset_stage1/no_wound
Male_Normal-1432.jpg,dataset_stage1/no_wound/Nomal/Male_Normal-1432.jpg,0,valid,dataset_stage1/no_wound
Male_Normal-0978.jpg,dataset_stage1/no_wound/Nomal/Male_Normal-0978.jpg,0,valid,dataset_stage1/no_wound
Male_Normal-0241.jpg,dataset_stage1/no_wound/Nomal/Male_Normal-0241.jpg,0,valid,dataset_stage1/no_wound
Male_Normal-0332.jpg,dataset_stage1/no_wound/Nomal/Male_Normal-0332.jpg,0,valid,dataset_stage1/no_wound
Female_normal-336.jpg,dataset_stage1/no_wound/Nomal/Female_normal-336.jpg,0,valid,dataset_stage1/no_wound
Male_Normal-1651.jpg,dataset_stage1/no_wound/Nomal/Male_Normal-1651.jpg,0,valid,dataset_stage1/no_wound
Male_Normal-1491.jpg,dataset_stage1/no_wound/Nomal/Male_Normal-1491.jpg,0,valid,dataset_stage1/no_wound
Male_Normal-1020.jpg,dataset_stage1/no_wound/Nomal/Male_Normal-1020.jpg,0,valid,dataset_stage1/no_wound
Male_Normal-0916.jpg,dataset_stage1/no_wound/Nomal/Male_Normal-0916.jpg,0,valid,dataset_stage1/no_wound
Female_normal-244.jpg,dataset_stage1/no_wound/Nomal/Female_normal-244.jpg,0,valid,dataset_stage1/no_wound
Male_Normal-1845.jpg,dataset_stage1/no_wound/Nomal/Male_Normal-1845.jpg,0,valid,dataset_stage1/no_wound
Male_Normal-1891.jpg,dataset_stage1/no_wound/Nomal/Male_Normal-1891.jpg,0,valid,dataset_stage1/no_wound
Male_Normal-0250.jpg,dataset_stage1/no_wound/Nomal/Male_Normal-0250.jpg,0,valid,dataset_stage1/no_wound
93.jpg,dataset_stage1/no_wound/BG/93.jpg,0,valid,dataset_stage1/no_wound
Male_Normal-1690.jpg,dataset_stage1/no_wound/Nomal/Male_Normal-1690.jpg,0,valid,dataset_stage1/no_wound
Male_Normal-1433.jpg,dataset_stage1/no_wound/Nomal/Male_Normal-1433.jpg,0,valid,dataset_stage1/no_wound
Male_Normal-0382.jpg,dataset_stage1/no_wound/Nomal/Male_Normal-0382.jpg,0,valid,dataset_stage1/no_wound
Male_Normal-0035.jpg,dataset_stage1/no_wound/Nomal/Male_Normal-0035.jpg,0,valid,dataset_stage1/no_wound
Male_Normal-1661.jpg,dataset_stage1/no_wound/Nomal/Male_Normal-1661.jpg,0,valid,dataset_stage1/no_wound
Male_Normal-1916.jpg,dataset_stage1/no_wound/Nomal/Male_Normal-1916.jpg,0,valid,dataset_stage1/no_wound
Male_Normal-1833.jpg,dataset_stage1/no_wound/Nomal/Male_Normal-1833.jpg,0,valid,dataset_stage1/no_wound
Female_normal-730.jpg,dataset_stage1/no_wound/Nomal/Female_normal-730.jpg,0,valid,dataset_stage1/no_wound
Male_Normal-1763.jpg,dataset_stage1/no_wound/Nomal/Male_Normal-1763.jpg,0,valid,dataset_stage1/no_wound
Male_Normal-1829.jpg,dataset_stage1/no_wound/Nomal/Male_Normal-1829.jpg,0,valid,dataset_stage1/no_wound
Male_Normal-0461.jpg,dataset_stage1/no_wound/Nomal/Male_Normal-0461.jpg,0,valid,dataset_stage1/no_wound
100.jpg,dataset_stage1/no_wound/N/100.jpg,0,valid,dataset_stage1/no_wound
Male_Normal-1862.jpg,dataset_stage1/no_wound/Nomal/Male_Normal-1862.jpg,0,valid,dataset_stage1/no_wound
49.jpg,dataset_stage1/no_wound/N/49.jpg,0,valid,dataset_stage1/no_wound
Male_Normal-0298.jpg,dataset_stage1/no_wound/Nomal/Male_Normal-0298.jpg,0,valid,dataset_stage1/no_wound
Male_Normal-0746.jpg,dataset_stage1/no_wound/Nomal/Male_Normal-0746.jpg,0,valid,dataset_stage1/no_wound
Male_Normal-0709.jpg,dataset_stage1/no_wound/Nomal/Male_Normal-0709.jpg,0,valid,dataset_stage1/no_wound
Male_Normal-1855.jpg,dataset_stage1/no_wound/Nomal/Male_Normal-1855.jpg,0,valid,dataset_stage1/no_wound
76.jpg,dataset_stage1/no_wound/N/76.jpg,0,valid,dataset_stage1/no_wound
Male_Normal-1794.jpg,dataset_stage1/no_wound/Nomal/Male_Normal-1794.jpg,0,valid,dataset_stage1/no_wound
Male_Normal-0719.jpg,dataset_stage1/no_wound/Nomal/Male_Normal-0719.jpg,0,valid,dataset_stage1/no_wound
Male_Normal-1528.jpg,dataset_stage1/no_wound/Nomal/Male_Normal-1528.jpg,0,valid,dataset_stage1/no_wound
Male_Normal-0602.jpg,dataset_stage1/no_wound/Nomal/Male_Normal-0602.jpg,0,valid,dataset_stage1/no_wound
Male_Normal-1105.jpg,dataset_stage1/no_wound/Nomal/Male_Normal-1105.jpg,0,valid,dataset_stage1/no_wound
Male_Normal-0653.jpg,dataset_stage1/no_wound/Nomal/Male_Normal-0653.jpg,0,valid,dataset_stage1/no_wound
Male_Normal-1925.jpg,dataset_stage1/no_wound/Nomal/Male_Normal-1925.jpg,0,valid,dataset_stage1/no_wound
Male_Normal-0816.jpg,dataset_stage1/no_wound/Nomal/Male_Normal-0816.jpg,0,valid,dataset_stage1/no_wound
Male_Normal-1883.jpg,dataset_stage1/no_wound/Nomal/Male_Normal-1883.jpg,0,valid,dataset_stage1/no_wound
Female_normal-698.jpg,dataset_stage1/no_wound/Nomal/Female_normal-698.jpg,0,valid,dataset_stage1/no_wound
Male_Normal-0118.jpg,dataset_stage1/no_wound/Nomal/Male_Normal-0118.jpg,0,valid,dataset_stage1/no_wound
Female_normal-122.jpg,dataset_stage1/no_wound/Nomal/Female_normal-122.jpg,0,valid,dataset_stage1/no_wound
5.jpg,dataset_stage1/no_wound/BG/5.jpg,0,valid,dataset_stage1/no_wound
Male_Normal-0809.jpg,dataset_stage1/no_wound/Nomal/Male_Normal-0809.jpg,0,valid,dataset_stage1/no_wound
Female_normal-099.jpg,dataset_stage1/no_wound/Nomal/Female_normal-099.jpg,0,valid,dataset_stage1/no_wound
Male_Normal-0777.jpg,dataset_stage1/no_wound/Nomal/Male_Normal-0777.jpg,0,valid,dataset_stage1/no_wound
Male_Normal-1513.jpg,dataset_stage1/no_wound/Nomal/Male_Normal-1513.jpg,0,valid,dataset_stage1/no_wound
Female_normal-763.jpg,dataset_stage1/no_wound/Nomal/Female_normal-763.jpg,0,valid,dataset_stage1/no_wound
Male_Normal-1487.jpg,dataset_stage1/no_wound/Nomal/Male_Normal-1487.jpg,0,valid,dataset_stage1/no_wound
Male_Normal-1977.jpg,dataset_stage1/no_wound/Nomal/Male_Normal-1977.jpg,0,valid,dataset_stage1/no_wound
Male_Normal-0351.jpg,dataset_stage1/no_wound/Nomal/Male_Normal-0351.jpg,0,valid,dataset_stage1/no_wound
Female_normal-547.jpg,dataset_stage1/no_wound/Nomal/Female_normal-547.jpg,0,valid,dataset_stage1/no_wound
Male_Normal-0073.jpg,dataset_stage1/no_wound/Nomal/Male_Normal-0073.jpg,0,valid,dataset_stage1/no_wound
Male_Normal-1338.jpg,dataset_stage1/no_wound/Nomal/Male_Normal-1338.jpg,0,valid,dataset_stage1/no_wound
Male_Normal-0796.jpg,dataset_stage1/no_wound/Nomal/Male_Normal-0796.jpg,0,valid,dataset_stage1/no_wound
Male_Normal-0893.jpg,dataset_stage1/no_wound/Nomal/Male_Normal-0893.jpg,0,valid,dataset_stage1/no_wound
Male_Normal-1797.jpg,dataset_stage1/no_wound/Nomal/Male_Normal-1797.jpg,0,valid,dataset_stage1/no_wound
Male_Normal-0908.jpg,dataset_stage1/no_wound/Nomal/Male_Normal-0908.jpg,0,valid,dataset_stage1/no_wound
Female_normal-052.jpg,dataset_stage1/no_wound/Nomal/Female_normal-052.jpg,0,valid,dataset_stage1/no_wound
Male_Normal-1412.jpg,dataset_stage1/no_wound/Nomal/Male_Normal-1412.jpg,0,valid,dataset_stage1/no_wound
Male_Normal-1529.jpg,dataset_stage1/no_wound/Nomal/Male_Normal-1529.jpg,0,valid,dataset_stage1/no_wound
Male_Normal-0467.jpg,dataset_stage1/no_wound/Nomal/Male_Normal-0467.jpg,0,valid,dataset_stage1/no_wound
Male_Normal-1324.jpg,dataset_stage1/no_wound/Nomal/Male_Normal-1324.jpg,0,valid,dataset_stage1/no_wound
Male_Normal-0523.jpg,dataset_stage1/no_wound/Nomal/Male_Normal-0523.jpg,0,valid,dataset_stage1/no_wound
Male_Normal-1760.jpg,dataset_stage1/no_wound/Nomal/Male_Normal-1760.jpg,0,valid,dataset_stage1/no_wound
Male_Normal-0892.jpg,dataset_stage1/no_wound/Nomal/Male_Normal-0892.jpg,0,valid,dataset_stage1/no_wound
Male_Normal-0221.jpg,dataset_stage1/no_wound/Nomal/Male_Normal-0221.jpg,0,valid,dataset_stage1/no_wound
Male_Normal-0078.jpg,dataset_stage1/no_wound/Nomal/Male_Normal-0078.jpg,0,valid,dataset_stage1/no_wound
Male_Normal-1286.jpg,dataset_stage1/no_wound/Nomal/Male_Normal-1286.jpg,0,valid,dataset_stage1/no_wound
Male_Normal-1732.jpg,dataset_stage1/no_wound/Nomal/Male_Normal-1732.jpg,0,valid,dataset_stage1/no_wound
Male_Normal-1539.jpg,dataset_stage1/no_wound/Nomal/Male_Normal-1539.jpg,0,valid,dataset_stage1/no_wound
Female_normal-646.jpg,dataset_stage1/no_wound/Nomal/Female_normal-646.jpg,0,valid,dataset_stage1/no_wound
Male_Normal-1687.jpg,dataset_stage1/no_wound/Nomal/Male_Normal-1687.jpg,0,valid,dataset_stage1/no_wound
Male_Normal-0716.jpg,dataset_stage1/no_wound/Nomal/Male_Normal-0716.jpg,0,valid,dataset_stage1/no_wound
Female_normal-047.jpg,dataset_stage1/no_wound/Nomal/Female_normal-047.jpg,0,valid,dataset_stage1/no_wound
Female_normal-221.jpg,dataset_stage1/no_wound/Nomal/Female_normal-221.jpg,0,valid,dataset_stage1/no_wound
Male_Normal-1721.jpg,dataset_stage1/no_wound/Nomal/Male_Normal-1721.jpg,0,valid,dataset_stage1/no_wound
Female_normal-478.jpg,dataset_stage1/no_wound/Nomal/Female_normal-478.jpg,0,valid,dataset_stage1/no_wound
Male_Normal-1075.jpg,dataset_stage1/no_wound/Nomal/Male_Normal-1075.jpg,0,valid,dataset_stage1/no_wound
Male_Normal-1124.jpg,dataset_stage1/no_wound/Nomal/Male_Normal-1124.jpg,0,valid,dataset_stage1/no_wound
Female_normal-261.jpg,dataset_stage1/no_wound/Nomal/Female_normal-261.jpg,0,valid,dataset_stage1/no_wound
Male_Normal-1430.jpg,dataset_stage1/no_wound/Nomal/Male_Normal-1430.jpg,0,valid,dataset_stage1/no_wound
Male_Normal-1776.jpg,dataset_stage1/no_wound/Nomal/Male_Normal-1776.jpg,0,valid,dataset_stage1/no_wound
Female_normal-477.jpg,dataset_stage1/no_wound/Nomal/Female_normal-477.jpg,0,valid,dataset_stage1/no_wound
Male_Normal-0713.jpg,dataset_stage1/no_wound/Nomal/Male_Normal-0713.jpg,0,valid,dataset_stage1/no_wound
Male_Normal-0365.jpg,dataset_stage1/no_wound/Nomal/Male_Normal-0365.jpg,0,valid,dataset_stage1/no_wound
Male_Normal-1743.jpg,dataset_stage1/no_wound/Nomal/Male_Normal-1743.jpg,0,valid,dataset_stage1/no_wound
Male_Normal-0131.jpg,dataset_stage1/no_wound/Nomal/Male_Normal-0131.jpg,0,valid,dataset_stage1/no_wound
Female_normal-668.jpg,dataset_stage1/no_wound/Nomal/Female_normal-668.jpg,0,valid,dataset_stage1/no_wound
55.jpg,dataset_stage1/no_wound/BG/55.jpg,0,valid,dataset_stage1/no_wound
Male_Normal-0648.jpg,dataset_stage1/no_wound/Nomal/Male_Normal-0648.jpg,0,valid,dataset_stage1/no_wound
Male_Normal-1155.jpg,dataset_stage1/no_wound/Nomal/Male_Normal-1155.jpg,0,valid,dataset_stage1/no_wound
Female_normal-712.jpg,dataset_stage1/no_wound/Nomal/Female_normal-712.jpg,0,valid,dataset_stage1/no_wound
Female_normal-345.jpg,dataset_stage1/no_wound/Nomal/Female_normal-345.jpg,0,valid,dataset_stage1/no_wound
Male_Normal-1441.jpg,dataset_stage1/no_wound/Nomal/Male_Normal-1441.jpg,0,valid,dataset_stage1/no_wound
Male_Normal-1228.jpg,dataset_stage1/no_wound/Nomal/Male_Normal-1228.jpg,0,valid,dataset_stage1/no_wound
Female_normal-480.jpg,dataset_stage1/no_wound/Nomal/Female_normal-480.jpg,0,valid,dataset_stage1/no_wound
Male_Normal-0317.jpg,dataset_stage1/no_wound/Nomal/Male_Normal-0317.jpg,0,valid,dataset_stage1/no_wound
Male_Normal-0247.jpg,dataset_stage1/no_wound/Nomal/Male_Normal-0247.jpg,0,valid,dataset_stage1/no_wound
Female_normal-272.jpg,dataset_stage1/no_wound/Nomal/Female_normal-272.jpg,0,valid,dataset_stage1/no_wound
Female_normal-233.jpg,dataset_stage1/no_wound/Nomal/Female_normal-233.jpg,0,valid,dataset_stage1/no_wound
Female_normal-584.jpg,dataset_stage1/no_wound/Nomal/Female_normal-584.jpg,0,valid,dataset_stage1/no_wound
8.jpg,dataset_stage1/no_wound/N/8.jpg,0,valid,dataset_stage1/no_wound
Male_Normal-1343.jpg,dataset_stage1/no_wound/Nomal/Male_Normal-1343.jpg,0,valid,dataset_stage1/no_wound
Female_normal-279.jpg,dataset_stage1/no_wound/Nomal/Female_normal-279.jpg,0,valid,dataset_stage1/no_wound
Male_Normal-1968.jpg,dataset_stage1/no_wound/Nomal/Male_Normal-1968.jpg,0,valid,dataset_stage1/no_wound
Male_Normal-1139.jpg,dataset_stage1/no_wound/Nomal/Male_Normal-1139.jpg,0,valid,dataset_stage1/no_wound
Male_Normal-1757.jpg,dataset_stage1/no_wound/Nomal/Male_Normal-1757.jpg,0,valid,dataset_stage1/no_wound
Female_normal-542.jpg,dataset_stage1/no_wound/Nomal/Female_normal-542.jpg,0,valid,dataset_stage1/no_wound
Male_Normal-0385.jpg,dataset_stage1/no_wound/Nomal/Male_Normal-0385.jpg,0,valid,dataset_stage1/no_wound
Female_normal-090.jpg,dataset_stage1/no_wound/Nomal/Female_normal-090.jpg,0,valid,dataset_stage1/no_wound
Male_Normal-0940.jpg,dataset_stage1/no_wound/Nomal/Male_Normal-0940.jpg,0,valid,dataset_stage1/no_wound
Male_Normal-1722.jpg,dataset_stage1/no_wound/Nomal/Male_Normal-1722.jpg,0,valid,dataset_stage1/no_wound
Male_Normal-1748.jpg,dataset_stage1/no_wound/Nomal/Male_Normal-1748.jpg,0,valid,dataset_stage1/no_wound
Male_Normal-1407.jpg,dataset_stage1/no_wound/Nomal/Male_Normal-1407.jpg,0,valid,dataset_stage1/no_wound
Male_Normal-1980.jpg,dataset_stage1/no_wound/Nomal/Male_Normal-1980.jpg,0,valid,dataset_stage1/no_wound
7.jpg,dataset_stage1/no_wound/BG/7.jpg,0,valid,dataset_stage1/no_wound
Male_Normal-1142.jpg,dataset_stage1/no_wound/Nomal/Male_Normal-1142.jpg,0,valid,dataset_stage1/no_wound
Female_normal-123.jpg,dataset_stage1/no_wound/Nomal/Female_normal-123.jpg,0,valid,dataset_stage1/no_wound
96.jpg,dataset_stage1/no_wound/N/96.jpg,0,valid,dataset_stage1/no_wound
94.jpg,dataset_stage1/no_wound/N/94.jpg,0,valid,dataset_stage1/no_wound
Female_normal-611.jpg,dataset_stage1/no_wound/Nomal/Female_normal-611.jpg,0,valid,dataset_stage1/no_wound
66.jpg,dataset_stage1/no_wound/BG/66.jpg,0,valid,dataset_stage1/no_wound
Female_normal-240.jpg,dataset_stage1/no_wound/Nomal/Female_normal-240.jpg,0,valid,dataset_stage1/no_wound
Male_Normal-0381.jpg,dataset_stage1/no_wound/Nomal/Male_Normal-0381.jpg,0,valid,dataset_stage1/no_wound
Female_normal-413.jpg,dataset_stage1/no_wound/Nomal/Female_normal-413.jpg,0,valid,dataset_stage1/no_wound
Male_Normal-0750.jpg,dataset_stage1/no_wound/Nomal/Male_Normal-0750.jpg,0,valid,dataset_stage1/no_wound
Male_Normal-1564.jpg,dataset_stage1/no_wound/Nomal/Male_Normal-1564.jpg,0,valid,dataset_stage1/no_wound
Male_Normal-0420.jpg,dataset_stage1/no_wound/Nomal/Male_Normal-0420.jpg,0,valid,dataset_stage1/no_wound
Female_normal-727.jpg,dataset_stage1/no_wound/Nomal/Female_normal-727.jpg,0,valid,dataset_stage1/no_wound
Male_Normal-0296.jpg,dataset_stage1/no_wound/Nomal/Male_Normal-0296.jpg,0,valid,dataset_stage1/no_wound
30.jpg,dataset_stage1/no_wound/N/30.jpg,0,valid,dataset_stage1/no_wound
Female_normal-012.jpg,dataset_stage1/no_wound/Nomal/Female_normal-012.jpg,0,valid,dataset_stage1/no_wound
Male_Normal-0499.jpg,dataset_stage1/no_wound/Nomal/Male_Normal-0499.jpg,0,valid,dataset_stage1/no_wound
Female_normal-194.jpg,dataset_stage1/no_wound/Nomal/Female_normal-194.jpg,0,valid,dataset_stage1/no_wound
Male_Normal-1366.jpg,dataset_stage1/no_wound/Nomal/Male_Normal-1366.jpg,0,valid,dataset_stage1/no_wound
Female_normal-287.jpg,dataset_stage1/no_wound/Nomal/Female_normal-287.jpg,0,valid,dataset_stage1/no_wound
Male_Normal-1365.jpg,dataset_stage1/no_wound/Nomal/Male_Normal-1365.jpg,0,valid,dataset_stage1/no_wound
Male_Normal-1731.jpg,dataset_stage1/no_wound/Nomal/Male_Normal-1731.jpg,0,valid,dataset_stage1/no_wound
Male_Normal-0048.jpg,dataset_stage1/no_wound/Nomal/Male_Normal-0048.jpg,0,valid,dataset_stage1/no_wound
Male_Normal-0089.jpg,dataset_stage1/no_wound/Nomal/Male_Normal-0089.jpg,0,valid,dataset_stage1/no_wound
Male_Normal-0706.jpg,dataset_stage1/no_wound/Nomal/Male_Normal-0706.jpg,0,valid,dataset_stage1/no_wound
Female_normal-057.jpg,dataset_stage1/no_wound/Nomal/Female_normal-057.jpg,0,valid,dataset_stage1/no_wound
Male_Normal-0516.jpg,dataset_stage1/no_wound/Nomal/Male_Normal-0516.jpg,0,valid,dataset_stage1/no_wound
Male_Normal-0460.jpg,dataset_stage1/no_wound/Nomal/Male_Normal-0460.jpg,0,valid,dataset_stage1/no_wound
Female_normal-680.jpg,dataset_stage1/no_wound/Nomal/Female_normal-680.jpg,0,valid,dataset_stage1/no_wound
Female_normal-610.jpg,dataset_stage1/no_wound/Nomal/Female_normal-610.jpg,0,valid,dataset_stage1/no_wound
Male_Normal-0601.jpg,dataset_stage1/no_wound/Nomal/Male_Normal-0601.jpg,0,valid,dataset_stage1/no_wound
Female_normal-328.jpg,dataset_stage1/no_wound/Nomal/Female_normal-328.jpg,0,valid,dataset_stage1/no_wound
Female_normal-312.jpg,dataset_stage1/no_wound/Nomal/Female_normal-312.jpg,0,valid,dataset_stage1/no_wound
Male_Normal-1172.jpg,dataset_stage1/no_wound/Nomal/Male_Normal-1172.jpg,0,valid,dataset_stage1/no_wound
Male_Normal-1220.jpg,dataset_stage1/no_wound/Nomal/Male_Normal-1220.jpg,0,valid,dataset_stage1/no_wound
Male_Normal-0811.jpg,dataset_stage1/no_wound/Nomal/Male_Normal-0811.jpg,0,valid,dataset_stage1/no_wound
Male_Normal-1096.jpg,dataset_stage1/no_wound/Nomal/Male_Normal-1096.jpg,0,valid,dataset_stage1/no_wound
81.jpg,dataset_stage1/no_wound/BG/81.jpg,0,valid,dataset_stage1/no_wound
38.jpg,dataset_stage1/no_wound/BG/38.jpg,0,valid,dataset_stage1/no_wound
Female_normal-231.jpg,dataset_stage1/no_wound/Nomal/Female_normal-231.jpg,0,valid,dataset_stage1/no_wound
Female_normal-603.jpg,dataset_stage1/no_wound/Nomal/Female_normal-603.jpg,0,valid,dataset_stage1/no_wound
92.jpg,dataset_stage1/no_wound/N/92.jpg,0,valid,dataset_stage1/no_wound
Male_Normal-1841.jpg,dataset_stage1/no_wound/Nomal/Male_Normal-1841.jpg,0,valid,dataset_stage1/no_wound
Male_Normal-0611.jpg,dataset_stage1/no_wound/Nomal/Male_Normal-0611.jpg,0,valid,dataset_stage1/no_wound
Male_Normal-1154.jpg,dataset_stage1/no_wound/Nomal/Male_Normal-1154.jpg,0,valid,dataset_stage1/no_wound
Female_normal-582.jpg,dataset_stage1/no_wound/Nomal/Female_normal-582.jpg,0,valid,dataset_stage1/no_wound
Female_normal-745.jpg,dataset_stage1/no_wound/Nomal/Female_normal-745.jpg,0,valid,dataset_stage1/no_wound
Male_Normal-1045.jpg,dataset_stage1/no_wound/Nomal/Male_Normal-1045.jpg,0,valid,dataset_stage1/no_wound
Male_Normal-1425.jpg,dataset_stage1/no_wound/Nomal/Male_Normal-1425.jpg,0,valid,dataset_stage1/no_wound
Male_Normal-0057.jpg,dataset_stage1/no_wound/Nomal/Male_Normal-0057.jpg,0,valid,dataset_stage1/no_wound
Female_normal-203.jpg,dataset_stage1/no_wound/Nomal/Female_normal-203.jpg,0,valid,dataset_stage1/no_wound
Male_Normal-1818.jpg,dataset_stage1/no_wound/Nomal/Male_Normal-1818.jpg,0,valid,dataset_stage1/no_wound
Female_normal-329.jpg,dataset_stage1/no_wound/Nomal/Female_normal-329.jpg,0,valid,dataset_stage1/no_wound
Male_Normal-0592.jpg,dataset_stage1/no_wound/Nomal/Male_Normal-0592.jpg,0,valid,dataset_stage1/no_wound
Female_normal-562.jpg,dataset_stage1/no_wound/Nomal/Female_normal-562.jpg,0,valid,dataset_stage1/no_wound
Male_Normal-1043.jpg,dataset_stage1/no_wound/Nomal/Male_Normal-1043.jpg,0,valid,dataset_stage1/no_wound
Male_Normal-0276.jpg,dataset_stage1/no_wound/Nomal/Male_Normal-0276.jpg,0,valid,dataset_stage1/no_wound
Male_Normal-1122.jpg,dataset_stage1/no_wound/Nomal/Male_Normal-1122.jpg,0,valid,dataset_stage1/no_wound
Male_Normal-0093.jpg,dataset_stage1/no_wound/Nomal/Male_Normal-0093.jpg,0,valid,dataset_stage1/no_wound
Female_normal-155.jpg,dataset_stage1/no_wound/Nomal/Female_normal-155.jpg,0,valid,dataset_stage1/no_wound
46.jpg,dataset_stage1/no_wound/N/46.jpg,0,valid,dataset_stage1/no_wound
Male_Normal-0575.jpg,dataset_stage1/no_wound/Nomal/Male_Normal-0575.jpg,0,valid,dataset_stage1/no_wound
Male_Normal-1435.jpg,dataset_stage1/no_wound/Nomal/Male_Normal-1435.jpg,0,valid,dataset_stage1/no_wound
Female_normal-132.jpg,dataset_stage1/no_wound/Nomal/Female_normal-132.jpg,0,valid,dataset_stage1/no_wound
Male_Normal-1141.jpg,dataset_stage1/no_wound/Nomal/Male_Normal-1141.jpg,0,valid,dataset_stage1/no_wound
Male_Normal-1750.jpg,dataset_stage1/no_wound/Nomal/Male_Normal-1750.jpg,0,valid,dataset_stage1/no_wound
77.jpg,dataset_stage1/no_wound/N/77.jpg,0,valid,dataset_stage1/no_wound
Female_normal-212.jpg,dataset_stage1/no_wound/Nomal/Female_normal-212.jpg,0,valid,dataset_stage1/no_wound
Male_Normal-1939.jpg,dataset_stage1/no_wound/Nomal/Male_Normal-1939.jpg,0,valid,dataset_stage1/no_wound
Male_Normal-1364.jpg,dataset_stage1/no_wound/Nomal/Male_Normal-1364.jpg,0,valid,dataset_stage1/no_wound
Male_Normal-1146.jpg,dataset_stage1/no_wound/Nomal/Male_Normal-1146.jpg,0,valid,dataset_stage1/no_wound
Male_Normal-1108.jpg,dataset_stage1/no_wound/Nomal/Male_Normal-1108.jpg,0,valid,dataset_stage1/no_wound
Male_Normal-0860.jpg,dataset_stage1/no_wound/Nomal/Male_Normal-0860.jpg,0,valid,dataset_stage1/no_wound
Male_Normal-1176.jpg,dataset_stage1/no_wound/Nomal/Male_Normal-1176.jpg,0,valid,dataset_stage1/no_wound
Male_Normal-1830.jpg,dataset_stage1/no_wound/Nomal/Male_Normal-1830.jpg,0,valid,dataset_stage1/no_wound
79.jpg,dataset_stage1/no_wound/N/79.jpg,0,valid,dataset_stage1/no_wound
Male_Normal-1905.jpg,dataset_stage1/no_wound/Nomal/Male_Normal-1905.jpg,0,valid,dataset_stage1/no_wound
Male_Normal-0387.jpg,dataset_stage1/no_wound/Nomal/Male_Normal-0387.jpg,0,valid,dataset_stage1/no_wound
85.jpg,dataset_stage1/no_wound/N/85.jpg,0,valid,dataset_stage1/no_wound
Female_normal-004.jpg,dataset_stage1/no_wound/Nomal/Female_normal-004.jpg,0,valid,dataset_stage1/no_wound
Male_Normal-0174.jpg,dataset_stage1/no_wound/Nomal/Male_Normal-0174.jpg,0,valid,dataset_stage1/no_wound
Male_Normal-1053.jpg,dataset_stage1/no_wound/Nomal/Male_Normal-1053.jpg,0,valid,dataset_stage1/no_wound
Male_Normal-0836.jpg,dataset_stage1/no_wound/Nomal/Male_Normal-0836.jpg,0,valid,dataset_stage1/no_wound
Male_Normal-0779.jpg,dataset_stage1/no_wound/Nomal/Male_Normal-0779.jpg,0,valid,dataset_stage1/no_wound
49.jpg,dataset_stage1/no_wound/BG/49.jpg,0,valid,dataset_stage1/no_wound
Male_Normal-0527.jpg,dataset_stage1/no_wound/Nomal/Male_Normal-0527.jpg,0,valid,dataset_stage1/no_wound
Male_Normal-0769.jpg,dataset_stage1/no_wound/Nomal/Male_Normal-0769.jpg,0,valid,dataset_stage1/no_wound
Male_Normal-0568.jpg,dataset_stage1/no_wound/Nomal/Male_Normal-0568.jpg,0,valid,dataset_stage1/no_wound
Male_Normal-1809.jpg,dataset_stage1/no_wound/Nomal/Male_Normal-1809.jpg,0,valid,dataset_stage1/no_wound
Male_Normal-1279.jpg,dataset_stage1/no_wound/Nomal/Male_Normal-1279.jpg,0,valid,dataset_stage1/no_wound
Male_Normal-0362.jpg,dataset_stage1/no_wound/Nomal/Male_Normal-0362.jpg,0,valid,dataset_stage1/no_wound
Female_normal-368.jpg,dataset_stage1/no_wound/Nomal/Female_normal-368.jpg,0,valid,dataset_stage1/no_wound
Female_normal-406.jpg,dataset_stage1/no_wound/Nomal/Female_normal-406.jpg,0,valid,dataset_stage1/no_wound
Male_Normal-1699.jpg,dataset_stage1/no_wound/Nomal/Male_Normal-1699.jpg,0,valid,dataset_stage1/no_wound
Male_Normal-1532.jpg,dataset_stage1/no_wound/Nomal/Male_Normal-1532.jpg,0,valid,dataset_stage1/no_wound
Male_Normal-0288.jpg,dataset_stage1/no_wound/Nomal/Male_Normal-0288.jpg,0,valid,dataset_stage1/no_wound
Male_Normal-1354.jpg,dataset_stage1/no_wound/Nomal/Male_Normal-1354.jpg,0,valid,dataset_stage1/no_wound
Female_normal-438.jpg,dataset_stage1/no_wound/Nomal/Female_normal-438.jpg,0,valid,dataset_stage1/no_wound
Male_Normal-1436.jpg,dataset_stage1/no_wound/Nomal/Male_Normal-1436.jpg,0,valid,dataset_stage1/no_wound
Female_normal-296.jpg,dataset_stage1/no_wound/Nomal/Female_normal-296.jpg,0,valid,dataset_stage1/no_wound
Male_Normal-0936.jpg,dataset_stage1/no_wound/Nomal/Male_Normal-0936.jpg,0,valid,dataset_stage1/no_wound
Female_normal-133.jpg,dataset_stage1/no_wound/Nomal/Female_normal-133.jpg,0,valid,dataset_stage1/no_wound
Male_Normal-0482.jpg,dataset_stage1/no_wound/Nomal/Male_Normal-0482.jpg,0,valid,dataset_stage1/no_wound
Female_normal-215.jpg,dataset_stage1/no_wound/Nomal/Female_normal-215.jpg,0,valid,dataset_stage1/no_wound
Male_Normal-1272.jpg,dataset_stage1/no_wound/Nomal/Male_Normal-1272.jpg,0,valid,dataset_stage1/no_wound
Female_normal-365.jpg,dataset_stage1/no_wound/Nomal/Female_normal-365.jpg,0,valid,dataset_stage1/no_wound
Male_Normal-1394.jpg,dataset_stage1/no_wound/Nomal/Male_Normal-1394.jpg,0,valid,dataset_stage1/no_wound
Male_Normal-1495.jpg,dataset_stage1/no_wound/Nomal/Male_Normal-1495.jpg,0,valid,dataset_stage1/no_wound
Female_normal-537.jpg,dataset_stage1/no_wound/Nomal/Female_normal-537.jpg,0,valid,dataset_stage1/no_wound
Male_Normal-1727.jpg,dataset_stage1/no_wound/Nomal/Male_Normal-1727.jpg,0,valid,dataset_stage1/no_wound
Male_Normal-0772.jpg,dataset_stage1/no_wound/Nomal/Male_Normal-0772.jpg,0,valid,dataset_stage1/no_wound
36.jpg,dataset_stage1/no_wound/BG/36.jpg,0,valid,dataset_stage1/no_wound
Male_Normal-1616.jpg,dataset_stage1/no_wound/Nomal/Male_Normal-1616.jpg,0,valid,dataset_stage1/no_wound
Male_Normal-0436.jpg,dataset_stage1/no_wound/Nomal/Male_Normal-0436.jpg,0,valid,dataset_stage1/no_wound
Male_Normal-0572.jpg,dataset_stage1/no_wound/Nomal/Male_Normal-0572.jpg,0,valid,dataset_stage1/no_wound
Male_Normal-1824.jpg,dataset_stage1/no_wound/Nomal/Male_Normal-1824.jpg,0,valid,dataset_stage1/no_wound
Female_normal-237.jpg,dataset_stage1/no_wound/Nomal/Female_normal-237.jpg,0,valid,dataset_stage1/no_wound
Male_Normal-1255.jpg,dataset_stage1/no_wound/Nomal/Male_Normal-1255.jpg,0,valid,dataset_stage1/no_wound
Male_Normal-0790.jpg,dataset_stage1/no_wound/Nomal/Male_Normal-0790.jpg,0,valid,dataset_stage1/no_wound
Male_Normal-0153.jpg,dataset_stage1/no_wound/Nomal/Male_Normal-0153.jpg,0,valid,dataset_stage1/no_wound
Male_Normal-1963.jpg,dataset_stage1/no_wound/Nomal/Male_Normal-1963.jpg,0,valid,dataset_stage1/no_wound
Male_Normal-0756.jpg,dataset_stage1/no_wound/Nomal/Male_Normal-0756.jpg,0,valid,dataset_stage1/no_wound
Male_Normal-0582.jpg,dataset_stage1/no_wound/Nomal/Male_Normal-0582.jpg,0,valid,dataset_stage1/no_wound
Male_Normal-0581.jpg,dataset_stage1/no_wound/Nomal/Male_Normal-0581.jpg,0,valid,dataset_stage1/no_wound
65.jpg,dataset_stage1/no_wound/N/65.jpg,0,valid,dataset_stage1/no_wound
Male_Normal-0751.jpg,dataset_stage1/no_wound/Nomal/Male_Normal-0751.jpg,0,valid,dataset_stage1/no_wound
Female_normal-471.jpg,dataset_stage1/no_wound/Nomal/Female_normal-471.jpg,0,valid,dataset_stage1/no_wound
Female_normal-494.jpg,dataset_stage1/no_wound/Nomal/Female_normal-494.jpg,0,valid,dataset_stage1/no_wound
Male_Normal-1517.jpg,dataset_stage1/no_wound/Nomal/Male_Normal-1517.jpg,0,valid,dataset_stage1/no_wound
Female_normal-119.jpg,dataset_stage1/no_wound/Nomal/Female_normal-119.jpg,0,valid,dataset_stage1/no_wound
Male_Normal-0633.jpg,dataset_stage1/no_wound/Nomal/Male_Normal-0633.jpg,0,valid,dataset_stage1/no_wound
Male_Normal-1882.jpg,dataset_stage1/no_wound/Nomal/Male_Normal-1882.jpg,0,valid,dataset_stage1/no_wound
Male_Normal-0788.jpg,dataset_stage1/no_wound/Nomal/Male_Normal-0788.jpg,0,valid,dataset_stage1/no_wound
Male_Normal-1586.jpg,dataset_stage1/no_wound/Nomal/Male_Normal-1586.jpg,0,valid,dataset_stage1/no_wound
Female_normal-097.jpg,dataset_stage1/no_wound/Nomal/Female_normal-097.jpg,0,valid,dataset_stage1/no_wound
75.jpg,dataset_stage1/no_wound/BG/75.jpg,0,valid,dataset_stage1/no_wound
Male_Normal-0346.jpg,dataset_stage1/no_wound/Nomal/Male_Normal-0346.jpg,0,valid,dataset_stage1/no_wound
Male_Normal-0959.jpg,dataset_stage1/no_wound/Nomal/Male_Normal-0959.jpg,0,valid,dataset_stage1/no_wound
Male_Normal-1389.jpg,dataset_stage1/no_wound/Nomal/Male_Normal-1389.jpg,0,valid,dataset_stage1/no_wound
Male_Normal-1877.jpg,dataset_stage1/no_wound/Nomal/Male_Normal-1877.jpg,0,valid,dataset_stage1/no_wound
Male_Normal-0086.jpg,dataset_stage1/no_wound/Nomal/Male_Normal-0086.jpg,0,valid,dataset_stage1/no_wound
Female_normal-366.jpg,dataset_stage1/no_wound/Nomal/Female_normal-366.jpg,0,valid,dataset_stage1/no_wound
Female_normal-286.jpg,dataset_stage1/no_wound/Nomal/Female_normal-286.jpg,0,valid,dataset_stage1/no_wound
Female_normal-486.jpg,dataset_stage1/no_wound/Nomal/Female_normal-486.jpg,0,valid,dataset_stage1/no_wound
Male_Normal-0795.jpg,dataset_stage1/no_wound/Nomal/Male_Normal-0795.jpg,0,valid,dataset_stage1/no_wound
Male_Normal-1712.jpg,dataset_stage1/no_wound/Nomal/Male_Normal-1712.jpg,0,valid,dataset_stage1/no_wound
Male_Normal-1382.jpg,dataset_stage1/no_wound/Nomal/Male_Normal-1382.jpg,0,valid,dataset_stage1/no_wound
Male_Normal-1117.jpg,dataset_stage1/no_wound/Nomal/Male_Normal-1117.jpg,0,valid,dataset_stage1/no_wound
Male_Normal-1316.jpg,dataset_stage1/no_wound/Nomal/Male_Normal-1316.jpg,0,valid,dataset_stage1/no_wound
Male_Normal-0588.jpg,dataset_stage1/no_wound/Nomal/Male_Normal-0588.jpg,0,valid,dataset_stage1/no_wound
Male_Normal-0939.jpg,dataset_stage1/no_wound/Nomal/Male_Normal-0939.jpg,0,valid,dataset_stage1/no_wound
Male_Normal-0591.jpg,dataset_stage1/no_wound/Nomal/Male_Normal-0591.jpg,0,valid,dataset_stage1/no_wound
Male_Normal-0992.jpg,dataset_stage1/no_wound/Nomal/Male_Normal-0992.jpg,0,valid,dataset_stage1/no_wound
Male_Normal-1033.jpg,dataset_stage1/no_wound/Nomal/Male_Normal-1033.jpg,0,valid,dataset_stage1/no_wound
Male_Normal-1157.jpg,dataset_stage1/no_wound/Nomal/Male_Normal-1157.jpg,0,valid,dataset_stage1/no_wound
Female_normal-519.jpg,dataset_stage1/no_wound/Nomal/Female_normal-519.jpg,0,valid,dataset_stage1/no_wound
Male_Normal-1912.jpg,dataset_stage1/no_wound/Nomal/Male_Normal-1912.jpg,0,valid,dataset_stage1/no_wound
Male_Normal-1909.jpg,dataset_stage1/no_wound/Nomal/Male_Normal-1909.jpg,0,valid,dataset_stage1/no_wound
Female_normal-040.jpg,dataset_stage1/no_wound/Nomal/Female_normal-040.jpg,0,valid,dataset_stage1/no_wound
Female_normal-322.jpg,dataset_stage1/no_wound/Nomal/Female_normal-322.jpg,0,valid,dataset_stage1/no_wound
Male_Normal-0699.jpg,dataset_stage1/no_wound/Nomal/Male_Normal-0699.jpg,0,valid,dataset_stage1/no_wound
Male_Normal-0080.jpg,dataset_stage1/no_wound/Nomal/Male_Normal-0080.jpg,0,valid,dataset_stage1/no_wound
Male_Normal-0897.jpg,dataset_stage1/no_wound/Nomal/Male_Normal-0897.jpg,0,valid,dataset_stage1/no_wound
Female_normal-188.jpg,dataset_stage1/no_wound/Nomal/Female_normal-188.jpg,0,valid,dataset_stage1/no_wound
Male_Normal-0947.jpg,dataset_stage1/no_wound/Nomal/Male_Normal-0947.jpg,0,valid,dataset_stage1/no_wound
Male_Normal-0267.jpg,dataset_stage1/no_wound/Nomal/Male_Normal-0267.jpg,0,valid,dataset_stage1/no_wound
Male_Normal-0341.jpg,dataset_stage1/no_wound/Nomal/Male_Normal-0341.jpg,0,valid,dataset_stage1/no_wound
Female_normal-543.jpg,dataset_stage1/no_wound/Nomal/Female_normal-543.jpg,0,valid,dataset_stage1/no_wound
Male_Normal-0476.jpg,dataset_stage1/no_wound/Nomal/Male_Normal-0476.jpg,0,valid,dataset_stage1/no_wound
Male_Normal-1370.jpg,dataset_stage1/no_wound/Nomal/Male_Normal-1370.jpg,0,valid,dataset_stage1/no_wound
Male_Normal-0149.jpg,dataset_stage1/no_wound/Nomal/Male_Normal-0149.jpg,0,valid,dataset_stage1/no_wound
Male_Normal-1270.jpg,dataset_stage1/no_wound/Nomal/Male_Normal-1270.jpg,0,valid,dataset_stage1/no_wound
Male_Normal-1320.jpg,dataset_stage1/no_wound/Nomal/Male_Normal-1320.jpg,0,valid,dataset_stage1/no_wound
Male_Normal-1621.jpg,dataset_stage1/no_wound/Nomal/Male_Normal-1621.jpg,0,valid,dataset_stage1/no_wound
Male_Normal-1689.jpg,dataset_stage1/no_wound/Nomal/Male_Normal-1689.jpg,0,valid,dataset_stage1/no_wound
Male_Normal-0122.jpg,dataset_stage1/no_wound/Nomal/Male_Normal-0122.jpg,0,valid,dataset_stage1/no_wound
Female_normal-443.jpg,dataset_stage1/no_wound/Nomal/Female_normal-443.jpg,0,valid,dataset_stage1/no_wound
Male_Normal-1405.jpg,dataset_stage1/no_wound/Nomal/Male_Normal-1405.jpg,0,valid,dataset_stage1/no_wound
Male_Normal-0042.jpg,dataset_stage1/no_wound/Nomal/Male_Normal-0042.jpg,0,valid,dataset_stage1/no_wound
16.jpg,dataset_stage1/no_wound/N/16.jpg,0,valid,dataset_stage1/no_wound
Male_Normal-0115.jpg,dataset_stage1/no_wound/Nomal/Male_Normal-0115.jpg,0,valid,dataset_stage1/no_wound
Male_Normal-0072.jpg,dataset_stage1/no_wound/Nomal/Male_Normal-0072.jpg,0,valid,dataset_stage1/no_wound
Male_Normal-1335.jpg,dataset_stage1/no_wound/Nomal/Male_Normal-1335.jpg,0,valid,dataset_stage1/no_wound
Female_normal-125.jpg,dataset_stage1/no_wound/Nomal/Female_normal-125.jpg,0,valid,dataset_stage1/no_wound
Male_Normal-0293.jpg,dataset_stage1/no_wound/Nomal/Male_Normal-0293.jpg,0,valid,dataset_stage1/no_wound
Male_Normal-1814.jpg,dataset_stage1/no_wound/Nomal/Male_Normal-1814.jpg,0,valid,dataset_stage1/no_wound
Female_normal-530.jpg,dataset_stage1/no_wound/Nomal/Female_normal-530.jpg,0,valid,dataset_stage1/no_wound
Male_Normal-1136.jpg,dataset_stage1/no_wound/Nomal/Male_Normal-1136.jpg,0,valid,dataset_stage1/no_wound
Male_Normal-0682.jpg,dataset_stage1/no_wound/Nomal/Male_Normal-0682.jpg,0,valid,dataset_stage1/no_wound
Male_Normal-1307.jpg,dataset_stage1/no_wound/Nomal/Male_Normal-1307.jpg,0,valid,dataset_stage1/no_wound
Female_normal-528.jpg,dataset_stage1/no_wound/Nomal/Female_normal-528.jpg,0,valid,dataset_stage1/no_wound
Male_Normal-0618.jpg,dataset_stage1/no_wound/Nomal/Male_Normal-0618.jpg,0,valid,dataset_stage1/no_wound
Male_Normal-1872.jpg,dataset_stage1/no_wound/Nomal/Male_Normal-1872.jpg,0,valid,dataset_stage1/no_wound
Male_Normal-1631.jpg,dataset_stage1/no_wound/Nomal/Male_Normal-1631.jpg,0,valid,dataset_stage1/no_wound
Female_normal-169.jpg,dataset_stage1/no_wound/Nomal/Female_normal-169.jpg,0,valid,dataset_stage1/no_wound
Male_Normal-0435.jpg,dataset_stage1/no_wound/Nomal/Male_Normal-0435.jpg,0,valid,dataset_stage1/no_wound
Female_normal-399.jpg,dataset_stage1/no_wound/Nomal/Female_normal-399.jpg,0,valid,dataset_stage1/no_wound
Male_Normal-0734.jpg,dataset_stage1/no_wound/Nomal/Male_Normal-0734.jpg,0,valid,dataset_stage1/no_wound
72.jpg,dataset_stage1/no_wound/BG/72.jpg,0,valid,dataset_stage1/no_wound
Male_Normal-0934.jpg,dataset_stage1/no_wound/Nomal/Male_Normal-0934.jpg,0,valid,dataset_stage1/no_wound
Male_Normal-1981.jpg,dataset_stage1/no_wound/Nomal/Male_Normal-1981.jpg,0,valid,dataset_stage1/no_wound
Male_Normal-1556.jpg,dataset_stage1/no_wound/Nomal/Male_Normal-1556.jpg,0,valid,dataset_stage1/no_wound
6.jpg,dataset_stage1/no_wound/BG/6.jpg,0,valid,dataset_stage1/no_wound
Male_Normal-0569.jpg,dataset_stage1/no_wound/Nomal/Male_Normal-0569.jpg,0,valid,dataset_stage1/no_wound
Male_Normal-0965.jpg,dataset_stage1/no_wound/Nomal/Male_Normal-0965.jpg,0,valid,dataset_stage1/no_wound
Female_normal-501.jpg,dataset_stage1/no_wound/Nomal/Female_normal-501.jpg,0,valid,dataset_stage1/no_wound
Male_Normal-0386.jpg,dataset_stage1/no_wound/Nomal/Male_Normal-0386.jpg,0,valid,dataset_stage1/no_wound
Female_normal-110.jpg,dataset_stage1/no_wound/Nomal/Female_normal-110.jpg,0,valid,dataset_stage1/no_wound
Male_Normal-1817.jpg,dataset_stage1/no_wound/Nomal/Male_Normal-1817.jpg,0,valid,dataset_stage1/no_wound
Male_Normal-1603.jpg,dataset_stage1/no_wound/Nomal/Male_Normal-1603.jpg,0,valid,dataset_stage1/no_wound
Female_normal-635.jpg,dataset_stage1/no_wound/Nomal/Female_normal-635.jpg,0,valid,dataset_stage1/no_wound
Male_Normal-1296.jpg,dataset_stage1/no_wound/Nomal/Male_Normal-1296.jpg,0,valid,dataset_stage1/no_wound
Male_Normal-1622.jpg,dataset_stage1/no_wound/Nomal/Male_Normal-1622.jpg,0,valid,dataset_stage1/no_wound
Male_Normal-1219.jpg,dataset_stage1/no_wound/Nomal/Male_Normal-1219.jpg,0,valid,dataset_stage1/no_wound
Male_Normal-0400.jpg,dataset_stage1/no_wound/Nomal/Male_Normal-0400.jpg,0,valid,dataset_stage1/no_wound
Male_Normal-0883.jpg,dataset_stage1/no_wound/Nomal/Male_Normal-0883.jpg,0,valid,dataset_stage1/no_wound
Male_Normal-1887.jpg,dataset_stage1/no_wound/Nomal/Male_Normal-1887.jpg,0,valid,dataset_stage1/no_wound
Male_Normal-0637.jpg,dataset_stage1/no_wound/Nomal/Male_Normal-0637.jpg,0,valid,dataset_stage1/no_wound
Female_normal-333.jpg,dataset_stage1/no_wound/Nomal/Female_normal-333.jpg,0,valid,dataset_stage1/no_wound
Male_Normal-0870.jpg,dataset_stage1/no_wound/Nomal/Male_Normal-0870.jpg,0,valid,dataset_stage1/no_wound
Male_Normal-0324.jpg,dataset_stage1/no_wound/Nomal/Male_Normal-0324.jpg,0,valid,dataset_stage1/no_wound
Female_normal-568.jpg,dataset_stage1/no_wound/Nomal/Female_normal-568.jpg,0,valid,dataset_stage1/no_wound
Male_Normal-0695.jpg,dataset_stage1/no_wound/Nomal/Male_Normal-0695.jpg,0,valid,dataset_stage1/no_wound
Male_Normal-1971.jpg,dataset_stage1/no_wound/Nomal/Male_Normal-1971.jpg,0,valid,dataset_stage1/no_wound
Male_Normal-0727.jpg,dataset_stage1/no_wound/Nomal/Male_Normal-0727.jpg,0,valid,dataset_stage1/no_wound
Male_Normal-1612.jpg,dataset_stage1/no_wound/Nomal/Male_Normal-1612.jpg,0,valid,dataset_stage1/no_wound
27.jpg,dataset_stage1/no_wound/N/27.jpg,0,valid,dataset_stage1/no_wound
Male_Normal-0119.jpg,dataset_stage1/no_wound/Nomal/Male_Normal-0119.jpg,0,valid,dataset_stage1/no_wound
Male_Normal-0062.jpg,dataset_stage1/no_wound/Nomal/Male_Normal-0062.jpg,0,valid,dataset_stage1/no_wound
Male_Normal-1577.jpg,dataset_stage1/no_wound/Nomal/Male_Normal-1577.jpg,0,valid,dataset_stage1/no_wound
Male_Normal-1428.jpg,dataset_stage1/no_wound/Nomal/Male_Normal-1428.jpg,0,valid,dataset_stage1/no_wound
Female_normal-114.jpg,dataset_stage1/no_wound/Nomal/Female_normal-114.jpg,0,valid,dataset_stage1/no_wound
Male_Normal-1696.jpg,dataset_stage1/no_wound/Nomal/Male_Normal-1696.jpg,0,valid,dataset_stage1/no_wound
Female_normal-034.jpg,dataset_stage1/no_wound/Nomal/Female_normal-034.jpg,0,valid,dataset_stage1/no_wound
Female_normal-211.jpg,dataset_stage1/no_wound/Nomal/Female_normal-211.jpg,0,valid,dataset_stage1/no_wound
Male_Normal-0096.jpg,dataset_stage1/no_wound/Nomal/Male_Normal-0096.jpg,0,valid,dataset_stage1/no_wound
19.jpg,dataset_stage1/no_wound/N/19.jpg,0,valid,dataset_stage1/no_wound
Male_Normal-0253.jpg,dataset_stage1/no_wound/Nomal/Male_Normal-0253.jpg,0,valid,dataset_stage1/no_wound
Female_normal-019.jpg,dataset_stage1/no_wound/Nomal/Female_normal-019.jpg,0,valid,dataset_stage1/no_wound
Female_normal-395.jpg,dataset_stage1/no_wound/Nomal/Female_normal-395.jpg,0,valid,dataset_stage1/no_wound
Male_Normal-1039.jpg,dataset_stage1/no_wound/Nomal/Male_Normal-1039.jpg,0,valid,dataset_stage1/no_wound
Male_Normal-0922.jpg,dataset_stage1/no_wound/Nomal/Male_Normal-0922.jpg,0,valid,dataset_stage1/no_wound
Female_normal-545.jpg,dataset_stage1/no_wound/Nomal/Female_normal-545.jpg,0,valid,dataset_stage1/no_wound
Male_Normal-1295.jpg,dataset_stage1/no_wound/Nomal/Male_Normal-1295.jpg,0,valid,dataset_stage1/no_wound
Male_Normal-0138.jpg,dataset_stage1/no_wound/Nomal/Male_Normal-0138.jpg,0,valid,dataset_stage1/no_wound
Female_normal-586.jpg,dataset_stage1/no_wound/Nomal/Female_normal-586.jpg,0,valid,dataset_stage1/no_wound
Male_Normal-0204.jpg,dataset_stage1/no_wound/Nomal/Male_Normal-0204.jpg,0,valid,dataset_stage1/no_wound
Male_Normal-0768.jpg,dataset_stage1/no_wound/Nomal/Male_Normal-0768.jpg,0,valid,dataset_stage1/no_wound
Female_normal-307.jpg,dataset_stage1/no_wound/Nomal/Female_normal-307.jpg,0,valid,dataset_stage1/no_wound
Male_Normal-0982.jpg,dataset_stage1/no_wound/Nomal/Male_Normal-0982.jpg,0,valid,dataset_stage1/no_wound
Male_Normal-1426.jpg,dataset_stage1/no_wound/Nomal/Male_Normal-1426.jpg,0,valid,dataset_stage1/no_wound
Male_Normal-0251.jpg,dataset_stage1/no_wound/Nomal/Male_Normal-0251.jpg,0,valid,dataset_stage1/no_wound
Male_Normal-0469.jpg,dataset_stage1/no_wound/Nomal/Male_Normal-0469.jpg,0,valid,dataset_stage1/no_wound
Male_Normal-1604.jpg,dataset_stage1/no_wound/Nomal/Male_Normal-1604.jpg,0,valid,dataset_stage1/no_wound
Male_Normal-0757.jpg,dataset_stage1/no_wound/Nomal/Male_Normal-0757.jpg,0,valid,dataset_stage1/no_wound
Female_normal-373.jpg,dataset_stage1/no_wound/Nomal/Female_normal-373.jpg,0,valid,dataset_stage1/no_wound
Male_Normal-0098.jpg,dataset_stage1/no_wound/Nomal/Male_Normal-0098.jpg,0,valid,dataset_stage1/no_wound
Male_Normal-1186.jpg,dataset_stage1/no_wound/Nomal/Male_Normal-1186.jpg,0,valid,dataset_stage1/no_wound
Male_Normal-0289.jpg,dataset_stage1/no_wound/Nomal/Male_Normal-0289.jpg,0,valid,dataset_stage1/no_wound
Male_Normal-1244.jpg,dataset_stage1/no_wound/Nomal/Male_Normal-1244.jpg,0,valid,dataset_stage1/no_wound
Female_normal-167.jpg,dataset_stage1/no_wound/Nomal/Female_normal-167.jpg,0,valid,dataset_stage1/no_wound
Male_Normal-1923.jpg,dataset_stage1/no_wound/Nomal/Male_Normal-1923.jpg,0,valid,dataset_stage1/no_wound
Male_Normal-0142.jpg,dataset_stage1/no_wound/Nomal/Male_Normal-0142.jpg,0,valid,dataset_stage1/no_wound
35.jpg,dataset_stage1/no_wound/BG/35.jpg,0,valid,dataset_stage1/no_wound
Male_Normal-1103.jpg,dataset_stage1/no_wound/Nomal/Male_Normal-1103.jpg,0,valid,dataset_stage1/no_wound
Male_Normal-1127.jpg,dataset_stage1/no_wound/Nomal/Male_Normal-1127.jpg,0,valid,dataset_stage1/no_wound
Male_Normal-0432.jpg,dataset_stage1/no_wound/Nomal/Male_Normal-0432.jpg,0,valid,dataset_stage1/no_wound
Male_Normal-0490.jpg,dataset_stage1/no_wound/Nomal/Male_Normal-0490.jpg,0,valid,dataset_stage1/no_wound
Female_normal-743.jpg,dataset_stage1/no_wound/Nomal/Female_normal-743.jpg,0,valid,dataset_stage1/no_wound
84.jpg,dataset_stage1/no_wound/N/84.jpg,0,valid,dataset_stage1/no_wound
Male_Normal-0857.jpg,dataset_stage1/no_wound/Nomal/Male_Normal-0857.jpg,0,valid,dataset_stage1/no_wound
89.jpg,dataset_stage1/no_wound/N/89.jpg,0,valid,dataset_stage1/no_wound
72.jpg,dataset_stage1/no_wound/N/72.jpg,0,valid,dataset_stage1/no_wound
Male_Normal-0823.jpg,dataset_stage1/no_wound/Nomal/Male_Normal-0823.jpg,0,valid,dataset_stage1/no_wound
48.jpg,dataset_stage1/no_wound/BG/48.jpg,0,valid,dataset_stage1/no_wound
88.jpg,dataset_stage1/no_wound/BG/88.jpg,0,valid,dataset_stage1/no_wound
Female_normal-451.jpg,dataset_stage1/no_wound/Nomal/Female_normal-451.jpg,0,valid,dataset_stage1/no_wound
Female_normal-632.jpg,dataset_stage1/no_wound/Nomal/Female_normal-632.jpg,0,valid,dataset_stage1/no_wound
Female_normal-083.jpg,dataset_stage1/no_wound/Nomal/Female_normal-083.jpg,0,valid,dataset_stage1/no_wound
Male_Normal-0838.jpg,dataset_stage1/no_wound/Nomal/Male_Normal-0838.jpg,0,valid,dataset_stage1/no_wound
Female_normal-556.jpg,dataset_stage1/no_wound/Nomal/Female_normal-556.jpg,0,valid,dataset_stage1/no_wound
Female_normal-741.jpg,dataset_stage1/no_wound/Nomal/Female_normal-741.jpg,0,valid,dataset_stage1/no_wound
Female_normal-264.jpg,dataset_stage1/no_wound/Nomal/Female_normal-264.jpg,0,valid,dataset_stage1/no_wound
Male_Normal-0755.jpg,dataset_stage1/no_wound/Nomal/Male_Normal-0755.jpg,0,valid,dataset_stage1/no_wound
Male_Normal-1456.jpg,dataset_stage1/no_wound/Nomal/Male_Normal-1456.jpg,0,valid,dataset_stage1/no_wound
Male_Normal-0725.jpg,dataset_stage1/no_wound/Nomal/Male_Normal-0725.jpg,0,valid,dataset_stage1/no_wound
Male_Normal-1084.jpg,dataset_stage1/no_wound/Nomal/Male_Normal-1084.jpg,0,valid,dataset_stage1/no_wound
Male_Normal-1440.jpg,dataset_stage1/no_wound/Nomal/Male_Normal-1440.jpg,0,valid,dataset_stage1/no_wound
53.jpg,dataset_stage1/no_wound/N/53.jpg,0,valid,dataset_stage1/no_wound
Male_Normal-0054.jpg,dataset_stage1/no_wound/Nomal/Male_Normal-0054.jpg,0,valid,dataset_stage1/no_wound
Male_Normal-0284.jpg,dataset_stage1/no_wound/Nomal/Male_Normal-0284.jpg,0,valid,dataset_stage1/no_wound
Male_Normal-1380.jpg,dataset_stage1/no_wound/Nomal/Male_Normal-1380.jpg,0,valid,dataset_stage1/no_wound
Male_Normal-0416.jpg,dataset_stage1/no_wound/Nomal/Male_Normal-0416.jpg,0,valid,dataset_stage1/no_wound
Male_Normal-1104.jpg,dataset_stage1/no_wound/Nomal/Male_Normal-1104.jpg,0,valid,dataset_stage1/no_wound
Male_Normal-0342.jpg,dataset_stage1/no_wound/Nomal/Male_Normal-0342.jpg,0,valid,dataset_stage1/no_wound
4.jpg,dataset_stage1/no_wound/N/4.jpg,0,valid,dataset_stage1/no_wound
Male_Normal-1135.jpg,dataset_stage1/no_wound/Nomal/Male_Normal-1135.jpg,0,valid,dataset_stage1/no_wound
Male_Normal-1673.jpg,dataset_stage1/no_wound/Nomal/Male_Normal-1673.jpg,0,valid,dataset_stage1/no_wound
Male_Normal-1625.jpg,dataset_stage1/no_wound/Nomal/Male_Normal-1625.jpg,0,valid,dataset_stage1/no_wound
Male_Normal-0822.jpg,dataset_stage1/no_wound/Nomal/Male_Normal-0822.jpg,0,valid,dataset_stage1/no_wound
Male_Normal-0785.jpg,dataset_stage1/no_wound/Nomal/Male_Normal-0785.jpg,0,valid,dataset_stage1/no_wound
Male_Normal-0171.jpg,dataset_stage1/no_wound/Nomal/Male_Normal-0171.jpg,0,valid,dataset_stage1/no_wound
Female_normal-355.jpg,dataset_stage1/no_wound/Nomal/Female_normal-355.jpg,0,valid,dataset_stage1/no_wound
Male_Normal-0450.jpg,dataset_stage1/no_wound/Nomal/Male_Normal-0450.jpg,0,valid,dataset_stage1/no_wound
Male_Normal-0858.jpg,dataset_stage1/no_wound/Nomal/Male_Normal-0858.jpg,0,valid,dataset_stage1/no_wound
Male_Normal-1180.jpg,dataset_stage1/no_wound/Nomal/Male_Normal-1180.jpg,0,valid,dataset_stage1/no_wound
Male_Normal-1734.jpg,dataset_stage1/no_wound/Nomal/Male_Normal-1734.jpg,0,valid,dataset_stage1/no_wound
Female_normal-670.jpg,dataset_stage1/no_wound/Nomal/Female_normal-670.jpg,0,valid,dataset_stage1/no_wound
Male_Normal-1484.jpg,dataset_stage1/no_wound/Nomal/Male_Normal-1484.jpg,0,valid,dataset_stage1/no_wound
Female_normal-022.jpg,dataset_stage1/no_wound/Nomal/Female_normal-022.jpg,0,valid,dataset_stage1/no_wound
Male_Normal-1742.jpg,dataset_stage1/no_wound/Nomal/Male_Normal-1742.jpg,0,valid,dataset_stage1/no_wound
Male_Normal-1417.jpg,dataset_stage1/no_wound/Nomal/Male_Normal-1417.jpg,0,valid,dataset_stage1/no_wound
Male_Normal-1831.jpg,dataset_stage1/no_wound/Nomal/Male_Normal-1831.jpg,0,valid,dataset_stage1/no_wound
Male_Normal-0424.jpg,dataset_stage1/no_wound/Nomal/Male_Normal-0424.jpg,0,valid,dataset_stage1/no_wound
Male_Normal-1132.jpg,dataset_stage1/no_wound/Nomal/Male_Normal-1132.jpg,0,valid,dataset_stage1/no_wound
75.jpg,dataset_stage1/no_wound/N/75.jpg,0,valid,dataset_stage1/no_wound
Male_Normal-1708.jpg,dataset_stage1/no_wound/Nomal/Male_Normal-1708.jpg,0,valid,dataset_stage1/no_wound
Female_normal-258.jpg,dataset_stage1/no_wound/Nomal/Female_normal-258.jpg,0,valid,dataset_stage1/no_wound
Male_Normal-0297.jpg,dataset_stage1/no_wound/Nomal/Male_Normal-0297.jpg,0,valid,dataset_stage1/no_wound
Male_Normal-1919.jpg,dataset_stage1/no_wound/Nomal/Male_Normal-1919.jpg,0,valid,dataset_stage1/no_wound
Male_Normal-0359.jpg,dataset_stage1/no_wound/Nomal/Male_Normal-0359.jpg,0,valid,dataset_stage1/no_wound
Male_Normal-0417.jpg,dataset_stage1/no_wound/Nomal/Male_Normal-0417.jpg,0,valid,dataset_stage1/no_wound
Female_normal-496.jpg,dataset_stage1/no_wound/Nomal/Female_normal-496.jpg,0,valid,dataset_stage1/no_wound
Female_normal-595.jpg,dataset_stage1/no_wound/Nomal/Female_normal-595.jpg,0,valid,dataset_stage1/no_wound
Male_Normal-1552.jpg,dataset_stage1/no_wound/Nomal/Male_Normal-1552.jpg,0,valid,dataset_stage1/no_wound
Female_normal-115.jpg,dataset_stage1/no_wound/Nomal/Female_normal-115.jpg,0,valid,dataset_stage1/no_wound
56.jpg,dataset_stage1/no_wound/N/56.jpg,0,valid,dataset_stage1/no_wound
Male_Normal-1964.jpg,dataset_stage1/no_wound/Nomal/Male_Normal-1964.jpg,0,valid,dataset_stage1/no_wound
Male_Normal-0578.jpg,dataset_stage1/no_wound/Nomal/Male_Normal-0578.jpg,0,valid,dataset_stage1/no_wound
Female_normal-224.jpg,dataset_stage1/no_wound/Nomal/Female_normal-224.jpg,0,valid,dataset_stage1/no_wound
Female_normal-073.jpg,dataset_stage1/no_wound/Nomal/Female_normal-073.jpg,0,valid,dataset_stage1/no_wound
Female_normal-071.jpg,dataset_stage1/no_wound/Nomal/Female_normal-071.jpg,0,valid,dataset_stage1/no_wound
Female_normal-344.jpg,dataset_stage1/no_wound/Nomal/Female_normal-344.jpg,0,valid,dataset_stage1/no_wound
Male_Normal-0246.jpg,dataset_stage1/no_wound/Nomal/Male_Normal-0246.jpg,0,valid,dataset_stage1/no_wound
Male_Normal-0497.jpg,dataset_stage1/no_wound/Nomal/Male_Normal-0497.jpg,0,valid,dataset_stage1/no_wound
Female_normal-400.jpg,dataset_stage1/no_wound/Nomal/Female_normal-400.jpg,0,valid,dataset_stage1/no_wound
Female_normal-588.jpg,dataset_stage1/no_wound/Nomal/Female_normal-588.jpg,0,valid,dataset_stage1/no_wound
Male_Normal-1431.jpg,dataset_stage1/no_wound/Nomal/Male_Normal-1431.jpg,0,valid,dataset_stage1/no_wound
Male_Normal-0030.jpg,dataset_stage1/no_wound/Nomal/Male_Normal-0030.jpg,0,valid,dataset_stage1/no_wound
Male_Normal-1298.jpg,dataset_stage1/no_wound/Nomal/Male_Normal-1298.jpg,0,valid,dataset_stage1/no_wound
Female_normal-560.jpg,dataset_stage1/no_wound/Nomal/Female_normal-560.jpg,0,valid,dataset_stage1/no_wound
Male_Normal-1647.jpg,dataset_stage1/no_wound/Nomal/Male_Normal-1647.jpg,0,valid,dataset_stage1/no_wound
Male_Normal-1579.jpg,dataset_stage1/no_wound/Nomal/Male_Normal-1579.jpg,0,valid,dataset_stage1/no_wound
Male_Normal-0285.jpg,dataset_stage1/no_wound/Nomal/Male_Normal-0285.jpg,0,valid,dataset_stage1/no_wound
Female_normal-058.jpg,dataset_stage1/no_wound/Nomal/Female_normal-058.jpg,0,valid,dataset_stage1/no_wound
Male_Normal-1217.jpg,dataset_stage1/no_wound/Nomal/Male_Normal-1217.jpg,0,valid,dataset_stage1/no_wound
44.jpg,dataset_stage1/no_wound/N/44.jpg,0,valid,dataset_stage1/no_wound
Female_normal-369.jpg,dataset_stage1/no_wound/Nomal/Female_normal-369.jpg,0,valid,dataset_stage1/no_wound
Male_Normal-1401.jpg,dataset_stage1/no_wound/Nomal/Male_Normal-1401.jpg,0,valid,dataset_stage1/no_wound
Male_Normal-1940.jpg,dataset_stage1/no_wound/Nomal/Male_Normal-1940.jpg,0,valid,dataset_stage1/no_wound
Male_Normal-1578.jpg,dataset_stage1/no_wound/Nomal/Male_Normal-1578.jpg,0,valid,dataset_stage1/no_wound
Female_normal-055.jpg,dataset_stage1/no_wound/Nomal/Female_normal-055.jpg,0,valid,dataset_stage1/no_wound
Male_Normal-1755.jpg,dataset_stage1/no_wound/Nomal/Male_Normal-1755.jpg,0,valid,dataset_stage1/no_wound
Male_Normal-1004.jpg,dataset_stage1/no_wound/Nomal/Male_Normal-1004.jpg,0,valid,dataset_stage1/no_wound
Female_normal-643.jpg,dataset_stage1/no_wound/Nomal/Female_normal-643.jpg,0,valid,dataset_stage1/no_wound
Male_Normal-0069.jpg,dataset_stage1/no_wound/Nomal/Male_Normal-0069.jpg,0,valid,dataset_stage1/no_wound
70.jpg,dataset_stage1/no_wound/N/70.jpg,0,valid,dataset_stage1/no_wound
Female_normal-356.jpg,dataset_stage1/no_wound/Nomal/Female_normal-356.jpg,0,valid,dataset_stage1/no_wound
Male_Normal-1088.jpg,dataset_stage1/no_wound/Nomal/Male_Normal-1088.jpg,0,valid,dataset_stage1/no_wound
Male_Normal-0973.jpg,dataset_stage1/no_wound/Nomal/Male_Normal-0973.jpg,0,valid,dataset_stage1/no_wound
Male_Normal-1828.jpg,dataset_stage1/no_wound/Nomal/Male_Normal-1828.jpg,0,valid,dataset_stage1/no_wound
Female_normal-092.jpg,dataset_stage1/no_wound/Nomal/Female_normal-092.jpg,0,valid,dataset_stage1/no_wound
Male_Normal-1765.jpg,dataset_stage1/no_wound/Nomal/Male_Normal-1765.jpg,0,valid,dataset_stage1/no_wound
Female_normal-251.jpg,dataset_stage1/no_wound/Nomal/Female_normal-251.jpg,0,valid,dataset_stage1/no_wound
Female_normal-234.jpg,dataset_stage1/no_wound/Nomal/Female_normal-234.jpg,0,valid,dataset_stage1/no_wound
Male_Normal-1717.jpg,dataset_stage1/no_wound/Nomal/Male_Normal-1717.jpg,0,valid,dataset_stage1/no_wound
Female_normal-738.jpg,dataset_stage1/no_wound/Nomal/Female_normal-738.jpg,0,valid,dataset_stage1/no_wound
Female_normal-411.jpg,dataset_stage1/no_wound/Nomal/Female_normal-411.jpg,0,valid,dataset_stage1/no_wound
Female_normal-209.jpg,dataset_stage1/no_wound/Nomal/Female_normal-209.jpg,0,valid,dataset_stage1/no_wound
Male_Normal-0369.jpg,dataset_stage1/no_wound/Nomal/Male_Normal-0369.jpg,0,valid,dataset_stage1/no_wound
Male_Normal-1346.jpg,dataset_stage1/no_wound/Nomal/Male_Normal-1346.jpg,0,valid,dataset_stage1/no_wound
40.jpg,dataset_stage1/no_wound/N/40.jpg,0,valid,dataset_stage1/no_wound
Male_Normal-0752.jpg,dataset_stage1/no_wound/Nomal/Male_Normal-0752.jpg,0,valid,dataset_stage1/no_wound
Male_Normal-1596.jpg,dataset_stage1/no_wound/Nomal/Male_Normal-1596.jpg,0,valid,dataset_stage1/no_wound
Female_normal-648.jpg,dataset_stage1/no_wound/Nomal/Female_normal-648.jpg,0,valid,dataset_stage1/no_wound
Female_normal-168.jpg,dataset_stage1/no_wound/Nomal/Female_normal-168.jpg,0,valid,dataset_stage1/no_wound
Female_normal-280.jpg,dataset_stage1/no_wound/Nomal/Female_normal-280.jpg,0,valid,dataset_stage1/no_wound
Male_Normal-0202.jpg,dataset_stage1/no_wound/Nomal/Male_Normal-0202.jpg,0,valid,dataset_stage1/no_wound
Male_Normal-0431.jpg,dataset_stage1/no_wound/Nomal/Male_Normal-0431.jpg,0,valid,dataset_stage1/no_wound
Male_Normal-1263.jpg,dataset_stage1/no_wound/Nomal/Male_Normal-1263.jpg,0,valid,dataset_stage1/no_wound
Male_Normal-0083.jpg,dataset_stage1/no_wound/Nomal/Male_Normal-0083.jpg,0,valid,dataset_stage1/no_wound
Male_Normal-0443.jpg,dataset_stage1/no_wound/Nomal/Male_Normal-0443.jpg,0,valid,dataset_stage1/no_wound
Female_normal-152.jpg,dataset_stage1/no_wound/Nomal/Female_normal-152.jpg,0,valid,dataset_stage1/no_wound
Male_Normal-1311.jpg,dataset_stage1/no_wound/Nomal/Male_Normal-1311.jpg,0,valid,dataset_stage1/no_wound
Male_Normal-0910.jpg,dataset_stage1/no_wound/Nomal/Male_Normal-0910.jpg,0,valid,dataset_stage1/no_wound
Female_normal-308.jpg,dataset_stage1/no_wound/Nomal/Female_normal-308.jpg,0,valid,dataset_stage1/no_wound
Male_Normal-1038.jpg,dataset_stage1/no_wound/Nomal/Male_Normal-1038.jpg,0,valid,dataset_stage1/no_wound
Male_Normal-1701.jpg,dataset_stage1/no_wound/Nomal/Male_Normal-1701.jpg,0,valid,dataset_stage1/no_wound
Male_Normal-0803.jpg,dataset_stage1/no_wound/Nomal/Male_Normal-0803.jpg,0,valid,dataset_stage1/no_wound
Male_Normal-0763.jpg,dataset_stage1/no_wound/Nomal/Male_Normal-0763.jpg,0,valid,dataset_stage1/no_wound
Male_Normal-0113.jpg,dataset_stage1/no_wound/Nomal/Male_Normal-0113.jpg,0,valid,dataset_stage1/no_wound
Female_normal-299.jpg,dataset_stage1/no_wound/Nomal/Female_normal-299.jpg,0,valid,dataset_stage1/no_wound
Male_Normal-1098.jpg,dataset_stage1/no_wound/Nomal/Male_Normal-1098.jpg,0,valid,dataset_stage1/no_wound
Female_normal-011.jpg,dataset_stage1/no_wound/Nomal/Female_normal-011.jpg,0,valid,dataset_stage1/no_wound
Male_Normal-1820.jpg,dataset_stage1/no_wound/Nomal/Male_Normal-1820.jpg,0,valid,dataset_stage1/no_wound
Male_Normal-1554.jpg,dataset_stage1/no_wound/Nomal/Male_Normal-1554.jpg,0,valid,dataset_stage1/no_wound
Male_Normal-1027.jpg,dataset_stage1/no_wound/Nomal/Male_Normal-1027.jpg,0,valid,dataset_stage1/no_wound
Female_normal-166.jpg,dataset_stage1/no_wound/Nomal/Female_normal-166.jpg,0,valid,dataset_stage1/no_wound
Male_Normal-1752.jpg,dataset_stage1/no_wound/Nomal/Male_Normal-1752.jpg,0,valid,dataset_stage1/no_wound
Male_Normal-0462.jpg,dataset_stage1/no_wound/Nomal/Male_Normal-0462.jpg,0,valid,dataset_stage1/no_wound
Male_Normal-0886.jpg,dataset_stage1/no_wound/Nomal/Male_Normal-0886.jpg,0,valid,dataset_stage1/no_wound
Female_normal-403.jpg,dataset_stage1/no_wound/Nomal/Female_normal-403.jpg,0,valid,dataset_stage1/no_wound
Male_Normal-0278.jpg,dataset_stage1/no_wound/Nomal/Male_Normal-0278.jpg,0,valid,dataset_stage1/no_wound
Female_normal-208.jpg,dataset_stage1/no_wound/Nomal/Female_normal-208.jpg,0,valid,dataset_stage1/no_wound
Male_Normal-0872.jpg,dataset_stage1/no_wound/Nomal/Male_Normal-0872.jpg,0,valid,dataset_stage1/no_wound
Female_normal-658.jpg,dataset_stage1/no_wound/Nomal/Female_normal-658.jpg,0,valid,dataset_stage1/no_wound
Male_Normal-1709.jpg,dataset_stage1/no_wound/Nomal/Male_Normal-1709.jpg,0,valid,dataset_stage1/no_wound
Female_normal-334.jpg,dataset_stage1/no_wound/Nomal/Female_normal-334.jpg,0,valid,dataset_stage1/no_wound
Male_Normal-1395.jpg,dataset_stage1/no_wound/Nomal/Male_Normal-1395.jpg,0,valid,dataset_stage1/no_wound
Male_Normal-1358.jpg,dataset_stage1/no_wound/Nomal/Male_Normal-1358.jpg,0,valid,dataset_stage1/no_wound
15.jpg,dataset_stage1/no_wound/BG/15.jpg,0,valid,dataset_stage1/no_wound
Male_Normal-1728.jpg,dataset_stage1/no_wound/Nomal/Male_Normal-1728.jpg,0,valid,dataset_stage1/no_wound
Male_Normal-0996.jpg,dataset_stage1/no_wound/Nomal/Male_Normal-0996.jpg,0,valid,dataset_stage1/no_wound
Female_normal-492.jpg,dataset_stage1/no_wound/Nomal/Female_normal-492.jpg,0,valid,dataset_stage1/no_wound
Female_normal-216.jpg,dataset_stage1/no_wound/Nomal/Female_normal-216.jpg,0,valid,dataset_stage1/no_wound
Male_Normal-0794.jpg,dataset_stage1/no_wound/Nomal/Male_Normal-0794.jpg,0,valid,dataset_stage1/no_wound
Male_Normal-0481.jpg,dataset_stage1/no_wound/Nomal/Male_Normal-0481.jpg,0,valid,dataset_stage1/no_wound
Male_Normal-1213.jpg,dataset_stage1/no_wound/Nomal/Male_Normal-1213.jpg,0,valid,dataset_stage1/no_wound
99.jpg,dataset_stage1/no_wound/N/99.jpg,0,valid,dataset_stage1/no_wound
Female_normal-084.jpg,dataset_stage1/no_wound/Nomal/Female_normal-084.jpg,0,valid,dataset_stage1/no_wound
Female_normal-032.jpg,dataset_stage1/no_wound/Nomal/Female_normal-032.jpg,0,valid,dataset_stage1/no_wound
Female_normal-382.jpg,dataset_stage1/no_wound/Nomal/Female_normal-382.jpg,0,valid,dataset_stage1/no_wound
Male_Normal-0820.jpg,dataset_stage1/no_wound/Nomal/Male_Normal-0820.jpg,0,valid,dataset_stage1/no_wound
96.jpg,dataset_stage1/no_wound/BG/96.jpg,0,valid,dataset_stage1/no_wound
Male_Normal-0320.jpg,dataset_stage1/no_wound/Nomal/Male_Normal-0320.jpg,0,valid,dataset_stage1/no_wound
Male_Normal-1630.jpg,dataset_stage1/no_wound/Nomal/Male_Normal-1630.jpg,0,valid,dataset_stage1/no_wound
Male_Normal-1404.jpg,dataset_stage1/no_wound/Nomal/Male_Normal-1404.jpg,0,valid,dataset_stage1/no_wound
Male_Normal-1761.jpg,dataset_stage1/no_wound/Nomal/Male_Normal-1761.jpg,0,valid,dataset_stage1/no_wound
Male_Normal-1846.jpg,dataset_stage1/no_wound/Nomal/Male_Normal-1846.jpg,0,valid,dataset_stage1/no_wound
Male_Normal-1572.jpg,dataset_stage1/no_wound/Nomal/Male_Normal-1572.jpg,0,valid,dataset_stage1/no_wound
Male_Normal-0370.jpg,dataset_stage1/no_wound/Nomal/Male_Normal-0370.jpg,0,valid,dataset_stage1/no_wound
Male_Normal-1082.jpg,dataset_stage1/no_wound/Nomal/Male_Normal-1082.jpg,0,valid,dataset_stage1/no_wound
12.jpg,dataset_stage1/no_wound/N/12.jpg,0,valid,dataset_stage1/no_wound
Male_Normal-0001.jpg,dataset_stage1/no_wound/Nomal/Male_Normal-0001.jpg,0,valid,dataset_stage1/no_wound
Female_normal-358.jpg,dataset_stage1/no_wound/Nomal/Female_normal-358.jpg,0,valid,dataset_stage1/no_wound
Male_Normal-0269.jpg,dataset_stage1/no_wound/Nomal/Male_Normal-0269.jpg,0,valid,dataset_stage1/no_wound
Male_Normal-1865.jpg,dataset_stage1/no_wound/Nomal/Male_Normal-1865.jpg,0,valid,dataset_stage1/no_wound
Male_Normal-1468.jpg,dataset_stage1/no_wound/Nomal/Male_Normal-1468.jpg,0,valid,dataset_stage1/no_wound
Male_Normal-1002.jpg,dataset_stage1/no_wound/Nomal/Male_Normal-1002.jpg,0,valid,dataset_stage1/no_wound
Female_normal-027.jpg,dataset_stage1/no_wound/Nomal/Female_normal-027.jpg,0,valid,dataset_stage1/no_wound
Male_Normal-0542.jpg,dataset_stage1/no_wound/Nomal/Male_Normal-0542.jpg,0,valid,dataset_stage1/no_wound
Male_Normal-0215.jpg,dataset_stage1/no_wound/Nomal/Male_Normal-0215.jpg,0,valid,dataset_stage1/no_wound
Female_normal-639.jpg,dataset_stage1/no_wound/Nomal/Female_normal-639.jpg,0,valid,dataset_stage1/no_wound
Male_Normal-1058.jpg,dataset_stage1/no_wound/Nomal/Male_Normal-1058.jpg,0,valid,dataset_stage1/no_wound
Male_Normal-0254.jpg,dataset_stage1/no_wound/Nomal/Male_Normal-0254.jpg,0,valid,dataset_stage1/no_wound
Female_normal-753.jpg,dataset_stage1/no_wound/Nomal/Female_normal-753.jpg,0,valid,dataset_stage1/no_wound
Female_normal-265.jpg,dataset_stage1/no_wound/Nomal/Female_normal-265.jpg,0,valid,dataset_stage1/no_wound
Female_normal-452.jpg,dataset_stage1/no_wound/Nomal/Female_normal-452.jpg,0,valid,dataset_stage1/no_wound
Female_normal-591.jpg,dataset_stage1/no_wound/Nomal/Female_normal-591.jpg,0,valid,dataset_stage1/no_wound
Male_Normal-0738.jpg,dataset_stage1/no_wound/Nomal/Male_Normal-0738.jpg,0,valid,dataset_stage1/no_wound
Male_Normal-0025.jpg,dataset_stage1/no_wound/Nomal/Male_Normal-0025.jpg,0,valid,dataset_stage1/no_wound
Male_Normal-0550.jpg,dataset_stage1/no_wound/Nomal/Male_Normal-0550.jpg,0,valid,dataset_stage1/no_wound
Female_normal-659.jpg,dataset_stage1/no_wound/Nomal/Female_normal-659.jpg,0,valid,dataset_stage1/no_wound
Female_normal-013.jpg,dataset_stage1/no_wound/Nomal/Female_normal-013.jpg,0,valid,dataset_stage1/no_wound
2.jpg,dataset_stage1/no_wound/BG/2.jpg,0,valid,dataset_stage1/no_wound
Female_normal-765.jpg,dataset_stage1/no_wound/Nomal/Female_normal-765.jpg,0,valid,dataset_stage1/no_wound
Female_normal-223.jpg,dataset_stage1/no_wound/Nomal/Female_normal-223.jpg,0,valid,dataset_stage1/no_wound
Female_normal-660.jpg,dataset_stage1/no_wound/Nomal/Female_normal-660.jpg,0,valid,dataset_stage1/no_wound
Male_Normal-1624.jpg,dataset_stage1/no_wound/Nomal/Male_Normal-1624.jpg,0,valid,dataset_stage1/no_wound
Female_normal-613.jpg,dataset_stage1/no_wound/Nomal/Female_normal-613.jpg,0,valid,dataset_stage1/no_wound
Male_Normal-0103.jpg,dataset_stage1/no_wound/Nomal/Male_Normal-0103.jpg,0,valid,dataset_stage1/no_wound
Male_Normal-0256.jpg,dataset_stage1/no_wound/Nomal/Male_Normal-0256.jpg,0,valid,dataset_stage1/no_wound
Male_Normal-0562.jpg,dataset_stage1/no_wound/Nomal/Male_Normal-0562.jpg,0,valid,dataset_stage1/no_wound
Female_normal-310.jpg,dataset_stage1/no_wound/Nomal/Female_normal-310.jpg,0,valid,dataset_stage1/no_wound
Male_Normal-1306.jpg,dataset_stage1/no_wound/Nomal/Male_Normal-1306.jpg,0,valid,dataset_stage1/no_wound
Male_Normal-1774.jpg,dataset_stage1/no_wound/Nomal/Male_Normal-1774.jpg,0,valid,dataset_stage1/no_wound
Male_Normal-1656.jpg,dataset_stage1/no_wound/Nomal/Male_Normal-1656.jpg,0,valid,dataset_stage1/no_wound
Male_Normal-1628.jpg,dataset_stage1/no_wound/Nomal/Male_Normal-1628.jpg,0,valid,dataset_stage1/no_wound
Female_normal-319.jpg,dataset_stage1/no_wound/Nomal/Female_normal-319.jpg,0,valid,dataset_stage1/no_wound
Female_normal-445.jpg,dataset_stage1/no_wound/Nomal/Female_normal-445.jpg,0,valid,dataset_stage1/no_wound
Female_normal-374.jpg,dataset_stage1/no_wound/Nomal/Female_normal-374.jpg,0,train,dataset_stage1/no_wound
Male_Normal-0384.jpg,dataset_stage1/no_wound/Nomal/Male_Normal-0384.jpg,0,train,dataset_stage1/no_wound
Male_Normal-0898.jpg,dataset_stage1/no_wound/Nomal/Male_Normal-0898.jpg,0,train,dataset_stage1/no_wound
Male_Normal-1542.jpg,dataset_stage1/no_wound/Nomal/Male_Normal-1542.jpg,0,train,dataset_stage1/no_wound
Male_Normal-0391.jpg,dataset_stage1/no_wound/Nomal/Male_Normal-0391.jpg,0,train,dataset_stage1/no_wound
Male_Normal-1115.jpg,dataset_stage1/no_wound/Nomal/Male_Normal-1115.jpg,0,train,dataset_stage1/no_wound
Male_Normal-0303.jpg,dataset_stage1/no_wound/Nomal/Male_Normal-0303.jpg,0,train,dataset_stage1/no_wound
Male_Normal-1511.jpg,dataset_stage1/no_wound/Nomal/Male_Normal-1511.jpg,0,train,dataset_stage1/no_wound
Male_Normal-1890.jpg,dataset_stage1/no_wound/Nomal/Male_Normal-1890.jpg,0,train,dataset_stage1/no_wound
Female_normal-159.jpg,dataset_stage1/no_wound/Nomal/Female_normal-159.jpg,0,train,dataset_stage1/no_wound
Female_normal-479.jpg,dataset_stage1/no_wound/Nomal/Female_normal-479.jpg,0,train,dataset_stage1/no_wound
Male_Normal-0742.jpg,dataset_stage1/no_wound/Nomal/Male_Normal-0742.jpg,0,train,dataset_stage1/no_wound
Female_normal-060.jpg,dataset_stage1/no_wound/Nomal/Female_normal-060.jpg,0,train,dataset_stage1/no_wound
Male_Normal-0891.jpg,dataset_stage1/no_wound/Nomal/Male_Normal-0891.jpg,0,train,dataset_stage1/no_wound
Male_Normal-1381.jpg,dataset_stage1/no_wound/Nomal/Male_Normal-1381.jpg,0,train,dataset_stage1/no_wound
Male_Normal-0422.jpg,dataset_stage1/no_wound/Nomal/Male_Normal-0422.jpg,0,train,dataset_stage1/no_wound
Male_Normal-1515.jpg,dataset_stage1/no_wound/Nomal/Male_Normal-1515.jpg,0,train,dataset_stage1/no_wound
Male_Normal-1396.jpg,dataset_stage1/no_wound/Nomal/Male_Normal-1396.jpg,0,train,dataset_stage1/no_wound
Male_Normal-1551.jpg,dataset_stage1/no_wound/Nomal/Male_Normal-1551.jpg,0,train,dataset_stage1/no_wound
Male_Normal-0452.jpg,dataset_stage1/no_wound/Nomal/Male_Normal-0452.jpg,0,train,dataset_stage1/no_wound
Female_normal-566.jpg,dataset_stage1/no_wound/Nomal/Female_normal-566.jpg,0,train,dataset_stage1/no_wound
Male_Normal-1804.jpg,dataset_stage1/no_wound/Nomal/Male_Normal-1804.jpg,0,train,dataset_stage1/no_wound
Male_Normal-1313.jpg,dataset_stage1/no_wound/Nomal/Male_Normal-1313.jpg,0,train,dataset_stage1/no_wound
Female_normal-257.jpg,dataset_stage1/no_wound/Nomal/Female_normal-257.jpg,0,train,dataset_stage1/no_wound
Female_normal-263.jpg,dataset_stage1/no_wound/Nomal/Female_normal-263.jpg,0,train,dataset_stage1/no_wound
Male_Normal-1212.jpg,dataset_stage1/no_wound/Nomal/Male_Normal-1212.jpg,0,train,dataset_stage1/no_wound
Male_Normal-1463.jpg,dataset_stage1/no_wound/Nomal/Male_Normal-1463.jpg,0,train,dataset_stage1/no_wound
Female_normal-182.jpg,dataset_stage1/no_wound/Nomal/Female_normal-182.jpg,0,train,dataset_stage1/no_wound
Male_Normal-1277.jpg,dataset_stage1/no_wound/Nomal/Male_Normal-1277.jpg,0,train,dataset_stage1/no_wound
Male_Normal-1285.jpg,dataset_stage1/no_wound/Nomal/Male_Normal-1285.jpg,0,train,dataset_stage1/no_wound
Male_Normal-0231.jpg,dataset_stage1/no_wound/Nomal/Male_Normal-0231.jpg,0,train,dataset_stage1/no_wound
Male_Normal-1438.jpg,dataset_stage1/no_wound/Nomal/Male_Normal-1438.jpg,0,train,dataset_stage1/no_wound
Male_Normal-0665.jpg,dataset_stage1/no_wound/Nomal/Male_Normal-0665.jpg,0,train,dataset_stage1/no_wound
Female_normal-759.jpg,dataset_stage1/no_wound/Nomal/Female_normal-759.jpg,0,train,dataset_stage1/no_wound
Male_Normal-1662.jpg,dataset_stage1/no_wound/Nomal/Male_Normal-1662.jpg,0,train,dataset_stage1/no_wound
Female_normal-599.jpg,dataset_stage1/no_wound/Nomal/Female_normal-599.jpg,0,train,dataset_stage1/no_wound
Male_Normal-0907.jpg,dataset_stage1/no_wound/Nomal/Male_Normal-0907.jpg,0,train,dataset_stage1/no_wound
Male_Normal-1348.jpg,dataset_stage1/no_wound/Nomal/Male_Normal-1348.jpg,0,train,dataset_stage1/no_wound
Male_Normal-1275.jpg,dataset_stage1/no_wound/Nomal/Male_Normal-1275.jpg,0,train,dataset_stage1/no_wound
Male_Normal-0152.jpg,dataset_stage1/no_wound/Nomal/Male_Normal-0152.jpg,0,train,dataset_stage1/no_wound
Female_normal-343.jpg,dataset_stage1/no_wound/Nomal/Female_normal-343.jpg,0,train,dataset_stage1/no_wound
Male_Normal-0233.jpg,dataset_stage1/no_wound/Nomal/Male_Normal-0233.jpg,0,train,dataset_stage1/no_wound
Male_Normal-0148.jpg,dataset_stage1/no_wound/Nomal/Male_Normal-0148.jpg,0,train,dataset_stage1/no_wound
Male_Normal-1378.jpg,dataset_stage1/no_wound/Nomal/Male_Normal-1378.jpg,0,train,dataset_stage1/no_wound
Male_Normal-1196.jpg,dataset_stage1/no_wound/Nomal/Male_Normal-1196.jpg,0,train,dataset_stage1/no_wound
Male_Normal-1408.jpg,dataset_stage1/no_wound/Nomal/Male_Normal-1408.jpg,0,train,dataset_stage1/no_wound
Female_normal-645.jpg,dataset_stage1/no_wound/Nomal/Female_normal-645.jpg,0,train,dataset_stage1/no_wound
Male_Normal-0607.jpg,dataset_stage1/no_wound/Nomal/Male_Normal-0607.jpg,0,train,dataset_stage1/no_wound
Male_Normal-0576.jpg,dataset_stage1/no_wound/Nomal/Male_Normal-0576.jpg,0,train,dataset_stage1/no_wound
Male_Normal-1876.jpg,dataset_stage1/no_wound/Nomal/Male_Normal-1876.jpg,0,train,dataset_stage1/no_wound
Male_Normal-0003.jpg,dataset_stage1/no_wound/Nomal/Male_Normal-0003.jpg,0,train,dataset_stage1/no_wound
Male_Normal-1195.jpg,dataset_stage1/no_wound/Nomal/Male_Normal-1195.jpg,0,train,dataset_stage1/no_wound
Male_Normal-0641.jpg,dataset_stage1/no_wound/Nomal/Male_Normal-0641.jpg,0,train,dataset_stage1/no_wound
Female_normal-618.jpg,dataset_stage1/no_wound/Nomal/Female_normal-618.jpg,0,train,dataset_stage1/no_wound
Female_normal-236.jpg,dataset_stage1/no_wound/Nomal/Female_normal-236.jpg,0,train,dataset_stage1/no_wound
Male_Normal-1406.jpg,dataset_stage1/no_wound/Nomal/Male_Normal-1406.jpg,0,train,dataset_stage1/no_wound
Female_normal-038.jpg,dataset_stage1/no_wound/Nomal/Female_normal-038.jpg,0,train,dataset_stage1/no_wound
Female_normal-713.jpg,dataset_stage1/no_wound/Nomal/Female_normal-713.jpg,0,train,dataset_stage1/no_wound
17.jpg,dataset_stage1/no_wound/N/17.jpg,0,train,dataset_stage1/no_wound
Male_Normal-1746.jpg,dataset_stage1/no_wound/Nomal/Male_Normal-1746.jpg,0,train,dataset_stage1/no_wound
66.jpg,dataset_stage1/no_wound/N/66.jpg,0,train,dataset_stage1/no_wound
Male_Normal-1274.jpg,dataset_stage1/no_wound/Nomal/Male_Normal-1274.jpg,0,train,dataset_stage1/no_wound
Female_normal-053.jpg,dataset_stage1/no_wound/Nomal/Female_normal-053.jpg,0,train,dataset_stage1/no_wound
Male_Normal-0923.jpg,dataset_stage1/no_wound/Nomal/Male_Normal-0923.jpg,0,train,dataset_stage1/no_wound
Male_Normal-0522.jpg,dataset_stage1/no_wound/Nomal/Male_Normal-0522.jpg,0,train,dataset_stage1/no_wound
Male_Normal-0645.jpg,dataset_stage1/no_wound/Nomal/Male_Normal-0645.jpg,0,train,dataset_stage1/no_wound
Female_normal-620.jpg,dataset_stage1/no_wound/Nomal/Female_normal-620.jpg,0,train,dataset_stage1/no_wound
Male_Normal-1714.jpg,dataset_stage1/no_wound/Nomal/Male_Normal-1714.jpg,0,train,dataset_stage1/no_wound
Male_Normal-0176.jpg,dataset_stage1/no_wound/Nomal/Male_Normal-0176.jpg,0,train,dataset_stage1/no_wound
Male_Normal-1321.jpg,dataset_stage1/no_wound/Nomal/Male_Normal-1321.jpg,0,train,dataset_stage1/no_wound
Male_Normal-0972.jpg,dataset_stage1/no_wound/Nomal/Male_Normal-0972.jpg,0,train,dataset_stage1/no_wound
Male_Normal-1293.jpg,dataset_stage1/no_wound/Nomal/Male_Normal-1293.jpg,0,train,dataset_stage1/no_wound
Male_Normal-0616.jpg,dataset_stage1/no_wound/Nomal/Male_Normal-0616.jpg,0,train,dataset_stage1/no_wound
Male_Normal-0199.jpg,dataset_stage1/no_wound/Nomal/Male_Normal-0199.jpg,0,train,dataset_stage1/no_wound
Male_Normal-0141.jpg,dataset_stage1/no_wound/Nomal/Male_Normal-0141.jpg,0,train,dataset_stage1/no_wound
Male_Normal-1932.jpg,dataset_stage1/no_wound/Nomal/Male_Normal-1932.jpg,0,train,dataset_stage1/no_wound
Female_normal-262.jpg,dataset_stage1/no_wound/Nomal/Female_normal-262.jpg,0,train,dataset_stage1/no_wound
Male_Normal-0406.jpg,dataset_stage1/no_wound/Nomal/Male_Normal-0406.jpg,0,train,dataset_stage1/no_wound
60.jpg,dataset_stage1/no_wound/N/60.jpg,0,train,dataset_stage1/no_wound
Male_Normal-0864.jpg,dataset_stage1/no_wound/Nomal/Male_Normal-0864.jpg,0,train,dataset_stage1/no_wound
Male_Normal-1429.jpg,dataset_stage1/no_wound/Nomal/Male_Normal-1429.jpg,0,train,dataset_stage1/no_wound
Male_Normal-1347.jpg,dataset_stage1/no_wound/Nomal/Male_Normal-1347.jpg,0,train,dataset_stage1/no_wound
Female_normal-565.jpg,dataset_stage1/no_wound/Nomal/Female_normal-565.jpg,0,train,dataset_stage1/no_wound
Female_normal-039.jpg,dataset_stage1/no_wound/Nomal/Female_normal-039.jpg,0,train,dataset_stage1/no_wound
Female_normal-549.jpg,dataset_stage1/no_wound/Nomal/Female_normal-549.jpg,0,train,dataset_stage1/no_wound
Male_Normal-1221.jpg,dataset_stage1/no_wound/Nomal/Male_Normal-1221.jpg,0,train,dataset_stage1/no_wound
Male_Normal-1943.jpg,dataset_stage1/no_wound/Nomal/Male_Normal-1943.jpg,0,train,dataset_stage1/no_wound
1.jpg,dataset_stage1/no_wound/N/1.jpg,0,train,dataset_stage1/no_wound
Female_normal-116.jpg,dataset_stage1/no_wound/Nomal/Female_normal-116.jpg,0,train,dataset_stage1/no_wound
Female_normal-690.jpg,dataset_stage1/no_wound/Nomal/Female_normal-690.jpg,0,train,dataset_stage1/no_wound
Male_Normal-0976.jpg,dataset_stage1/no_wound/Nomal/Male_Normal-0976.jpg,0,train,dataset_stage1/no_wound
Female_normal-506.jpg,dataset_stage1/no_wound/Nomal/Female_normal-506.jpg,0,train,dataset_stage1/no_wound
Female_normal-608.jpg,dataset_stage1/no_wound/Nomal/Female_normal-608.jpg,0,train,dataset_stage1/no_wound
Female_normal-062.jpg,dataset_stage1/no_wound/Nomal/Female_normal-062.jpg,0,train,dataset_stage1/no_wound
Male_Normal-0266.jpg,dataset_stage1/no_wound/Nomal/Male_Normal-0266.jpg,0,train,dataset_stage1/no_wound
Male_Normal-0609.jpg,dataset_stage1/no_wound/Nomal/Male_Normal-0609.jpg,0,train,dataset_stage1/no_wound
Male_Normal-1040.jpg,dataset_stage1/no_wound/Nomal/Male_Normal-1040.jpg,0,train,dataset_stage1/no_wound
Male_Normal-1169.jpg,dataset_stage1/no_wound/Nomal/Male_Normal-1169.jpg,0,train,dataset_stage1/no_wound
Male_Normal-1076.jpg,dataset_stage1/no_wound/Nomal/Male_Normal-1076.jpg,0,train,dataset_stage1/no_wound
80.jpg,dataset_stage1/no_wound/N/80.jpg,0,train,dataset_stage1/no_wound
Male_Normal-1305.jpg,dataset_stage1/no_wound/Nomal/Male_Normal-1305.jpg,0,train,dataset_stage1/no_wound
Female_normal-141.jpg,dataset_stage1/no_wound/Nomal/Female_normal-141.jpg,0,train,dataset_stage1/no_wound
Male_Normal-0361.jpg,dataset_stage1/no_wound/Nomal/Male_Normal-0361.jpg,0,train,dataset_stage1/no_wound
Male_Normal-1047.jpg,dataset_stage1/no_wound/Nomal/Male_Normal-1047.jpg,0,train,dataset_stage1/no_wound
Male_Normal-1201.jpg,dataset_stage1/no_wound/Nomal/Male_Normal-1201.jpg,0,train,dataset_stage1/no_wound
Female_normal-463.jpg,dataset_stage1/no_wound/Nomal/Female_normal-463.jpg,0,train,dataset_stage1/no_wound
Female_normal-281.jpg,dataset_stage1/no_wound/Nomal/Female_normal-281.jpg,0,train,dataset_stage1/no_wound
Male_Normal-0036.jpg,dataset_stage1/no_wound/Nomal/Male_Normal-0036.jpg,0,train,dataset_stage1/no_wound
Male_Normal-0262.jpg,dataset_stage1/no_wound/Nomal/Male_Normal-0262.jpg,0,train,dataset_stage1/no_wound
Male_Normal-1422.jpg,dataset_stage1/no_wound/Nomal/Male_Normal-1422.jpg,0,train,dataset_stage1/no_wound
Male_Normal-0997.jpg,dataset_stage1/no_wound/Nomal/Male_Normal-0997.jpg,0,train,dataset_stage1/no_wound
Male_Normal-0493.jpg,dataset_stage1/no_wound/Nomal/Male_Normal-0493.jpg,0,train,dataset_stage1/no_wound
Male_Normal-0023.jpg,dataset_stage1/no_wound/Nomal/Male_Normal-0023.jpg,0,train,dataset_stage1/no_wound
Male_Normal-1402.jpg,dataset_stage1/no_wound/Nomal/Male_Normal-1402.jpg,0,train,dataset_stage1/no_wound
Male_Normal-0667.jpg,dataset_stage1/no_wound/Nomal/Male_Normal-0667.jpg,0,train,dataset_stage1/no_wound
Male_Normal-0761.jpg,dataset_stage1/no_wound/Nomal/Male_Normal-0761.jpg,0,train,dataset_stage1/no_wound
Male_Normal-1641.jpg,dataset_stage1/no_wound/Nomal/Male_Normal-1641.jpg,0,train,dataset_stage1/no_wound
Male_Normal-0862.jpg,dataset_stage1/no_wound/Nomal/Male_Normal-0862.jpg,0,train,dataset_stage1/no_wound
Male_Normal-0245.jpg,dataset_stage1/no_wound/Nomal/Male_Normal-0245.jpg,0,train,dataset_stage1/no_wound
Male_Normal-1112.jpg,dataset_stage1/no_wound/Nomal/Male_Normal-1112.jpg,0,train,dataset_stage1/no_wound
Male_Normal-0066.jpg,dataset_stage1/no_wound/Nomal/Male_Normal-0066.jpg,0,train,dataset_stage1/no_wound
Female_normal-048.jpg,dataset_stage1/no_wound/Nomal/Female_normal-048.jpg,0,train,dataset_stage1/no_wound
Male_Normal-0737.jpg,dataset_stage1/no_wound/Nomal/Male_Normal-0737.jpg,0,train,dataset_stage1/no_wound
Male_Normal-0105.jpg,dataset_stage1/no_wound/Nomal/Male_Normal-0105.jpg,0,train,dataset_stage1/no_wound
Male_Normal-1071.jpg,dataset_stage1/no_wound/Nomal/Male_Normal-1071.jpg,0,train,dataset_stage1/no_wound
Male_Normal-1010.jpg,dataset_stage1/no_wound/Nomal/Male_Normal-1010.jpg,0,train,dataset_stage1/no_wound
Female_normal-148.jpg,dataset_stage1/no_wound/Nomal/Female_normal-148.jpg,0,train,dataset_stage1/no_wound
Male_Normal-1561.jpg,dataset_stage1/no_wound/Nomal/Male_Normal-1561.jpg,0,train,dataset_stage1/no_wound
Male_Normal-0741.jpg,dataset_stage1/no_wound/Nomal/Male_Normal-0741.jpg,0,train,dataset_stage1/no_wound
Male_Normal-1268.jpg,dataset_stage1/no_wound/Nomal/Male_Normal-1268.jpg,0,train,dataset_stage1/no_wound
Female_normal-456.jpg,dataset_stage1/no_wound/Nomal/Female_normal-456.jpg,0,train,dataset_stage1/no_wound
Male_Normal-1371.jpg,dataset_stage1/no_wound/Nomal/Male_Normal-1371.jpg,0,train,dataset_stage1/no_wound
Male_Normal-1341.jpg,dataset_stage1/no_wound/Nomal/Male_Normal-1341.jpg,0,train,dataset_stage1/no_wound
Male_Normal-1609.jpg,dataset_stage1/no_wound/Nomal/Male_Normal-1609.jpg,0,train,dataset_stage1/no_wound
Male_Normal-1573.jpg,dataset_stage1/no_wound/Nomal/Male_Normal-1573.jpg,0,train,dataset_stage1/no_wound
Female_normal-731.jpg,dataset_stage1/no_wound/Nomal/Female_normal-731.jpg,0,train,dataset_stage1/no_wound
Male_Normal-0981.jpg,dataset_stage1/no_wound/Nomal/Male_Normal-0981.jpg,0,train,dataset_stage1/no_wound
Female_normal-746.jpg,dataset_stage1/no_wound/Nomal/Female_normal-746.jpg,0,train,dataset_stage1/no_wound
Male_Normal-0590.jpg,dataset_stage1/no_wound/Nomal/Male_Normal-0590.jpg,0,train,dataset_stage1/no_wound
Female_normal-246.jpg,dataset_stage1/no_wound/Nomal/Female_normal-246.jpg,0,train,dataset_stage1/no_wound
Female_normal-418.jpg,dataset_stage1/no_wound/Nomal/Female_normal-418.jpg,0,train,dataset_stage1/no_wound
Male_Normal-0950.jpg,dataset_stage1/no_wound/Nomal/Male_Normal-0950.jpg,0,train,dataset_stage1/no_wound
Male_Normal-1237.jpg,dataset_stage1/no_wound/Nomal/Male_Normal-1237.jpg,0,train,dataset_stage1/no_wound
Male_Normal-0050.jpg,dataset_stage1/no_wound/Nomal/Male_Normal-0050.jpg,0,train,dataset_stage1/no_wound
Male_Normal-0184.jpg,dataset_stage1/no_wound/Nomal/Male_Normal-0184.jpg,0,train,dataset_stage1/no_wound
Male_Normal-0531.jpg,dataset_stage1/no_wound/Nomal/Male_Normal-0531.jpg,0,train,dataset_stage1/no_wound
Male_Normal-1537.jpg,dataset_stage1/no_wound/Nomal/Male_Normal-1537.jpg,0,train,dataset_stage1/no_wound
Female_normal-348.jpg,dataset_stage1/no_wound/Nomal/Female_normal-348.jpg,0,train,dataset_stage1/no_wound
Male_Normal-1770.jpg,dataset_stage1/no_wound/Nomal/Male_Normal-1770.jpg,0,train,dataset_stage1/no_wound
Female_normal-612.jpg,dataset_stage1/no_wound/Nomal/Female_normal-612.jpg,0,train,dataset_stage1/no_wound
Female_normal-064.jpg,dataset_stage1/no_wound/Nomal/Female_normal-064.jpg,0,train,dataset_stage1/no_wound
Male_Normal-1060.jpg,dataset_stage1/no_wound/Nomal/Male_Normal-1060.jpg,0,train,dataset_stage1/no_wound
Male_Normal-0771.jpg,dataset_stage1/no_wound/Nomal/Male_Normal-0771.jpg,0,train,dataset_stage1/no_wound
Female_normal-154.jpg,dataset_stage1/no_wound/Nomal/Female_normal-154.jpg,0,train,dataset_stage1/no_wound
Female_normal-009.jpg,dataset_stage1/no_wound/Nomal/Female_normal-009.jpg,0,train,dataset_stage1/no_wound
Male_Normal-1197.jpg,dataset_stage1/no_wound/Nomal/Male_Normal-1197.jpg,0,train,dataset_stage1/no_wound
Female_normal-657.jpg,dataset_stage1/no_wound/Nomal/Female_normal-657.jpg,0,train,dataset_stage1/no_wound
Male_Normal-1706.jpg,dataset_stage1/no_wound/Nomal/Male_Normal-1706.jpg,0,train,dataset_stage1/no_wound
Male_Normal-0116.jpg,dataset_stage1/no_wound/Nomal/Male_Normal-0116.jpg,0,train,dataset_stage1/no_wound
Male_Normal-1822.jpg,dataset_stage1/no_wound/Nomal/Male_Normal-1822.jpg,0,train,dataset_stage1/no_wound
Male_Normal-0471.jpg,dataset_stage1/no_wound/Nomal/Male_Normal-0471.jpg,0,train,dataset_stage1/no_wound
60.jpg,dataset_stage1/no_wound/BG/60.jpg,0,train,dataset_stage1/no_wound
Male_Normal-0563.jpg,dataset_stage1/no_wound/Nomal/Male_Normal-0563.jpg,0,train,dataset_stage1/no_wound
Male_Normal-1447.jpg,dataset_stage1/no_wound/Nomal/Male_Normal-1447.jpg,0,train,dataset_stage1/no_wound
Female_normal-362.jpg,dataset_stage1/no_wound/Nomal/Female_normal-362.jpg,0,train,dataset_stage1/no_wound
Male_Normal-1068.jpg,dataset_stage1/no_wound/Nomal/Male_Normal-1068.jpg,0,train,dataset_stage1/no_wound
Female_normal-030.jpg,dataset_stage1/no_wound/Nomal/Female_normal-030.jpg,0,train,dataset_stage1/no_wound
Male_Normal-1035.jpg,dataset_stage1/no_wound/Nomal/Male_Normal-1035.jpg,0,train,dataset_stage1/no_wound
Male_Normal-1639.jpg,dataset_stage1/no_wound/Nomal/Male_Normal-1639.jpg,0,train,dataset_stage1/no_wound
Male_Normal-0061.jpg,dataset_stage1/no_wound/Nomal/Male_Normal-0061.jpg,0,train,dataset_stage1/no_wound
Male_Normal-0212.jpg,dataset_stage1/no_wound/Nomal/Male_Normal-0212.jpg,0,train,dataset_stage1/no_wound
Male_Normal-1372.jpg,dataset_stage1/no_wound/Nomal/Male_Normal-1372.jpg,0,train,dataset_stage1/no_wound
Male_Normal-1779.jpg,dataset_stage1/no_wound/Nomal/Male_Normal-1779.jpg,0,train,dataset_stage1/no_wound
Male_Normal-1560.jpg,dataset_stage1/no_wound/Nomal/Male_Normal-1560.jpg,0,train,dataset_stage1/no_wound
Female_normal-508.jpg,dataset_stage1/no_wound/Nomal/Female_normal-508.jpg,0,train,dataset_stage1/no_wound
Female_normal-225.jpg,dataset_stage1/no_wound/Nomal/Female_normal-225.jpg,0,train,dataset_stage1/no_wound
71.jpg,dataset_stage1/no_wound/BG/71.jpg,0,train,dataset_stage1/no_wound
Female_normal-573.jpg,dataset_stage1/no_wound/Nomal/Female_normal-573.jpg,0,train,dataset_stage1/no_wound
Male_Normal-0213.jpg,dataset_stage1/no_wound/Nomal/Male_Normal-0213.jpg,0,train,dataset_stage1/no_wound
Male_Normal-0649.jpg,dataset_stage1/no_wound/Nomal/Male_Normal-0649.jpg,0,train,dataset_stage1/no_wound
Male_Normal-1392.jpg,dataset_stage1/no_wound/Nomal/Male_Normal-1392.jpg,0,train,dataset_stage1/no_wound
Male_Normal-1773.jpg,dataset_stage1/no_wound/Nomal/Male_Normal-1773.jpg,0,train,dataset_stage1/no_wound
Male_Normal-1566.jpg,dataset_stage1/no_wound/Nomal/Male_Normal-1566.jpg,0,train,dataset_stage1/no_wound
Male_Normal-0082.jpg,dataset_stage1/no_wound/Nomal/Male_Normal-0082.jpg,0,train,dataset_stage1/no_wound
Female_normal-663.jpg,dataset_stage1/no_wound/Nomal/Female_normal-663.jpg,0,train,dataset_stage1/no_wound
Female_normal-421.jpg,dataset_stage1/no_wound/Nomal/Female_normal-421.jpg,0,train,dataset_stage1/no_wound
Female_normal-590.jpg,dataset_stage1/no_wound/Nomal/Female_normal-590.jpg,0,train,dataset_stage1/no_wound
Male_Normal-0513.jpg,dataset_stage1/no_wound/Nomal/Male_Normal-0513.jpg,0,train,dataset_stage1/no_wound
Female_normal-708.jpg,dataset_stage1/no_wound/Nomal/Female_normal-708.jpg,0,train,dataset_stage1/no_wound
Female_normal-750.jpg,dataset_stage1/no_wound/Nomal/Female_normal-750.jpg,0,train,dataset_stage1/no_wound
Male_Normal-0475.jpg,dataset_stage1/no_wound/Nomal/Male_Normal-0475.jpg,0,train,dataset_stage1/no_wound
Male_Normal-0826.jpg,dataset_stage1/no_wound/Nomal/Male_Normal-0826.jpg,0,train,dataset_stage1/no_wound
Female_normal-630.jpg,dataset_stage1/no_wound/Nomal/Female_normal-630.jpg,0,train,dataset_stage1/no_wound
Male_Normal-0991.jpg,dataset_stage1/no_wound/Nomal/Male_Normal-0991.jpg,0,train,dataset_stage1/no_wound
Male_Normal-1587.jpg,dataset_stage1/no_wound/Nomal/Male_Normal-1587.jpg,0,train,dataset_stage1/no_wound
Female_normal-080.jpg,dataset_stage1/no_wound/Nomal/Female_normal-080.jpg,0,train,dataset_stage1/no_wound
Female_normal-675.jpg,dataset_stage1/no_wound/Nomal/Female_normal-675.jpg,0,train,dataset_stage1/no_wound
Male_Normal-0473.jpg,dataset_stage1/no_wound/Nomal/Male_Normal-0473.jpg,0,train,dataset_stage1/no_wound
Male_Normal-0587.jpg,dataset_stage1/no_wound/Nomal/Male_Normal-0587.jpg,0,train,dataset_stage1/no_wound
Female_normal-641.jpg,dataset_stage1/no_wound/Nomal/Female_normal-641.jpg,0,train,dataset_stage1/no_wound
Male_Normal-1777.jpg,dataset_stage1/no_wound/Nomal/Male_Normal-1777.jpg,0,train,dataset_stage1/no_wound
Male_Normal-1911.jpg,dataset_stage1/no_wound/Nomal/Male_Normal-1911.jpg,0,train,dataset_stage1/no_wound
Female_normal-682.jpg,dataset_stage1/no_wound/Nomal/Female_normal-682.jpg,0,train,dataset_stage1/no_wound
Female_normal-397.jpg,dataset_stage1/no_wound/Nomal/Female_normal-397.jpg,0,train,dataset_stage1/no_wound
Male_Normal-0500.jpg,dataset_stage1/no_wound/Nomal/Male_Normal-0500.jpg,0,train,dataset_stage1/no_wound
Male_Normal-1128.jpg,dataset_stage1/no_wound/Nomal/Male_Normal-1128.jpg,0,train,dataset_stage1/no_wound
Male_Normal-1967.jpg,dataset_stage1/no_wound/Nomal/Male_Normal-1967.jpg,0,train,dataset_stage1/no_wound
Male_Normal-1703.jpg,dataset_stage1/no_wound/Nomal/Male_Normal-1703.jpg,0,train,dataset_stage1/no_wound
Female_normal-241.jpg,dataset_stage1/no_wound/Nomal/Female_normal-241.jpg,0,train,dataset_stage1/no_wound
Female_normal-309.jpg,dataset_stage1/no_wound/Nomal/Female_normal-309.jpg,0,train,dataset_stage1/no_wound
78.jpg,dataset_stage1/no_wound/BG/78.jpg,0,train,dataset_stage1/no_wound
Male_Normal-0856.jpg,dataset_stage1/no_wound/Nomal/Male_Normal-0856.jpg,0,train,dataset_stage1/no_wound
Female_normal-450.jpg,dataset_stage1/no_wound/Nomal/Female_normal-450.jpg,0,train,dataset_stage1/no_wound
Female_normal-323.jpg,dataset_stage1/no_wound/Nomal/Female_normal-323.jpg,0,train,dataset_stage1/no_wound
Male_Normal-0457.jpg,dataset_stage1/no_wound/Nomal/Male_Normal-0457.jpg,0,train,dataset_stage1/no_wound
Male_Normal-0535.jpg,dataset_stage1/no_wound/Nomal/Male_Normal-0535.jpg,0,train,dataset_stage1/no_wound
Male_Normal-0536.jpg,dataset_stage1/no_wound/Nomal/Male_Normal-0536.jpg,0,train,dataset_stage1/no_wound
Male_Normal-0026.jpg,dataset_stage1/no_wound/Nomal/Male_Normal-0026.jpg,0,train,dataset_stage1/no_wound
Male_Normal-0478.jpg,dataset_stage1/no_wound/Nomal/Male_Normal-0478.jpg,0,train,dataset_stage1/no_wound
Male_Normal-0977.jpg,dataset_stage1/no_wound/Nomal/Male_Normal-0977.jpg,0,train,dataset_stage1/no_wound
Male_Normal-1808.jpg,dataset_stage1/no_wound/Nomal/Male_Normal-1808.jpg,0,train,dataset_stage1/no_wound
Male_Normal-0623.jpg,dataset_stage1/no_wound/Nomal/Male_Normal-0623.jpg,0,train,dataset_stage1/no_wound
Female_normal-431.jpg,dataset_stage1/no_wound/Nomal/Female_normal-431.jpg,0,train,dataset_stage1/no_wound
Male_Normal-0232.jpg,dataset_stage1/no_wound/Nomal/Male_Normal-0232.jpg,0,train,dataset_stage1/no_wound
Male_Normal-1236.jpg,dataset_stage1/no_wound/Nomal/Male_Normal-1236.jpg,0,train,dataset_stage1/no_wound
Male_Normal-0998.jpg,dataset_stage1/no_wound/Nomal/Male_Normal-0998.jpg,0,train,dataset_stage1/no_wound
Female_normal-283.jpg,dataset_stage1/no_wound/Nomal/Female_normal-283.jpg,0,train,dataset_stage1/no_wound
Male_Normal-0941.jpg,dataset_stage1/no_wound/Nomal/Male_Normal-0941.jpg,0,train,dataset_stage1/no_wound
Male_Normal-0236.jpg,dataset_stage1/no_wound/Nomal/Male_Normal-0236.jpg,0,train,dataset_stage1/no_wound
Male_Normal-1548.jpg,dataset_stage1/no_wound/Nomal/Male_Normal-1548.jpg,0,train,dataset_stage1/no_wound
Male_Normal-1079.jpg,dataset_stage1/no_wound/Nomal/Male_Normal-1079.jpg,0,train,dataset_stage1/no_wound
Female_normal-239.jpg,dataset_stage1/no_wound/Nomal/Female_normal-239.jpg,0,train,dataset_stage1/no_wound
Male_Normal-1976.jpg,dataset_stage1/no_wound/Nomal/Male_Normal-1976.jpg,0,train,dataset_stage1/no_wound
Male_Normal-0958.jpg,dataset_stage1/no_wound/Nomal/Male_Normal-0958.jpg,0,train,dataset_stage1/no_wound
Male_Normal-0932.jpg,dataset_stage1/no_wound/Nomal/Male_Normal-0932.jpg,0,train,dataset_stage1/no_wound
69.jpg,dataset_stage1/no_wound/N/69.jpg,0,train,dataset_stage1/no_wound
62.jpg,dataset_stage1/no_wound/BG/62.jpg,0,train,dataset_stage1/no_wound
Female_normal-412.jpg,dataset_stage1/no_wound/Nomal/Female_normal-412.jpg,0,train,dataset_stage1/no_wound
Female_normal-331.jpg,dataset_stage1/no_wound/Nomal/Female_normal-331.jpg,0,train,dataset_stage1/no_wound
Male_Normal-0669.jpg,dataset_stage1/no_wound/Nomal/Male_Normal-0669.jpg,0,train,dataset_stage1/no_wound
53.jpg,dataset_stage1/no_wound/BG/53.jpg,0,train,dataset_stage1/no_wound
Male_Normal-0451.jpg,dataset_stage1/no_wound/Nomal/Male_Normal-0451.jpg,0,train,dataset_stage1/no_wound
Female_normal-728.jpg,dataset_stage1/no_wound/Nomal/Female_normal-728.jpg,0,train,dataset_stage1/no_wound
Female_normal-733.jpg,dataset_stage1/no_wound/Nomal/Female_normal-733.jpg,0,train,dataset_stage1/no_wound
52.jpg,dataset_stage1/no_wound/BG/52.jpg,0,train,dataset_stage1/no_wound
Female_normal-520.jpg,dataset_stage1/no_wound/Nomal/Female_normal-520.jpg,0,train,dataset_stage1/no_wound
Male_Normal-0150.jpg,dataset_stage1/no_wound/Nomal/Male_Normal-0150.jpg,0,train,dataset_stage1/no_wound
Male_Normal-0255.jpg,dataset_stage1/no_wound/Nomal/Male_Normal-0255.jpg,0,train,dataset_stage1/no_wound
Male_Normal-1234.jpg,dataset_stage1/no_wound/Nomal/Male_Normal-1234.jpg,0,train,dataset_stage1/no_wound
Male_Normal-0139.jpg,dataset_stage1/no_wound/Nomal/Male_Normal-0139.jpg,0,train,dataset_stage1/no_wound
Female_normal-433.jpg,dataset_stage1/no_wound/Nomal/Female_normal-433.jpg,0,train,dataset_stage1/no_wound
Male_Normal-0368.jpg,dataset_stage1/no_wound/Nomal/Male_Normal-0368.jpg,0,train,dataset_stage1/no_wound
Male_Normal-1227.jpg,dataset_stage1/no_wound/Nomal/Male_Normal-1227.jpg,0,train,dataset_stage1/no_wound
Female_normal-704.jpg,dataset_stage1/no_wound/Nomal/Female_normal-704.jpg,0,train,dataset_stage1/no_wound
Male_Normal-1442.jpg,dataset_stage1/no_wound/Nomal/Male_Normal-1442.jpg,0,train,dataset_stage1/no_wound
31.jpg,dataset_stage1/no_wound/BG/31.jpg,0,train,dataset_stage1/no_wound
Male_Normal-0764.jpg,dataset_stage1/no_wound/Nomal/Male_Normal-0764.jpg,0,train,dataset_stage1/no_wound
Male_Normal-0260.jpg,dataset_stage1/no_wound/Nomal/Male_Normal-0260.jpg,0,train,dataset_stage1/no_wound
Female_normal-077.jpg,dataset_stage1/no_wound/Nomal/Female_normal-077.jpg,0,train,dataset_stage1/no_wound
Male_Normal-1148.jpg,dataset_stage1/no_wound/Nomal/Male_Normal-1148.jpg,0,train,dataset_stage1/no_wound
Female_normal-701.jpg,dataset_stage1/no_wound/Nomal/Female_normal-701.jpg,0,train,dataset_stage1/no_wound
Male_Normal-1131.jpg,dataset_stage1/no_wound/Nomal/Male_Normal-1131.jpg,0,train,dataset_stage1/no_wound
Female_normal-162.jpg,dataset_stage1/no_wound/Nomal/Female_normal-162.jpg,0,train,dataset_stage1/no_wound
Male_Normal-1653.jpg,dataset_stage1/no_wound/Nomal/Male_Normal-1653.jpg,0,train,dataset_stage1/no_wound
Male_Normal-0512.jpg,dataset_stage1/no_wound/Nomal/Male_Normal-0512.jpg,0,train,dataset_stage1/no_wound
Male_Normal-0635.jpg,dataset_stage1/no_wound/Nomal/Male_Normal-0635.jpg,0,train,dataset_stage1/no_wound
Male_Normal-1322.jpg,dataset_stage1/no_wound/Nomal/Male_Normal-1322.jpg,0,train,dataset_stage1/no_wound
Female_normal-770.jpg,dataset_stage1/no_wound/Nomal/Female_normal-770.jpg,0,train,dataset_stage1/no_wound
Male_Normal-0791.jpg,dataset_stage1/no_wound/Nomal/Male_Normal-0791.jpg,0,train,dataset_stage1/no_wound
Male_Normal-0802.jpg,dataset_stage1/no_wound/Nomal/Male_Normal-0802.jpg,0,train,dataset_stage1/no_wound
Male_Normal-1730.jpg,dataset_stage1/no_wound/Nomal/Male_Normal-1730.jpg,0,train,dataset_stage1/no_wound
Male_Normal-1614.jpg,dataset_stage1/no_wound/Nomal/Male_Normal-1614.jpg,0,train,dataset_stage1/no_wound
Female_normal-098.jpg,dataset_stage1/no_wound/Nomal/Female_normal-098.jpg,0,train,dataset_stage1/no_wound
Male_Normal-1643.jpg,dataset_stage1/no_wound/Nomal/Male_Normal-1643.jpg,0,train,dataset_stage1/no_wound
Female_normal-041.jpg,dataset_stage1/no_wound/Nomal/Female_normal-041.jpg,0,train,dataset_stage1/no_wound
Male_Normal-1873.jpg,dataset_stage1/no_wound/Nomal/Male_Normal-1873.jpg,0,train,dataset_stage1/no_wound
Female_normal-383.jpg,dataset_stage1/no_wound/Nomal/Female_normal-383.jpg,0,train,dataset_stage1/no_wound
Male_Normal-0015.jpg,dataset_stage1/no_wound/Nomal/Male_Normal-0015.jpg,0,train,dataset_stage1/no_wound
Male_Normal-0308.jpg,dataset_stage1/no_wound/Nomal/Male_Normal-0308.jpg,0,train,dataset_stage1/no_wound
Male_Normal-0634.jpg,dataset_stage1/no_wound/Nomal/Male_Normal-0634.jpg,0,train,dataset_stage1/no_wound
Male_Normal-0636.jpg,dataset_stage1/no_wound/Nomal/Male_Normal-0636.jpg,0,train,dataset_stage1/no_wound
Female_normal-151.jpg,dataset_stage1/no_wound/Nomal/Female_normal-151.jpg,0,train,dataset_stage1/no_wound
Male_Normal-1729.jpg,dataset_stage1/no_wound/Nomal/Male_Normal-1729.jpg,0,train,dataset_stage1/no_wound
Male_Normal-0198.jpg,dataset_stage1/no_wound/Nomal/Male_Normal-0198.jpg,0,train,dataset_stage1/no_wound
Female_normal-150.jpg,dataset_stage1/no_wound/Nomal/Female_normal-150.jpg,0,train,dataset_stage1/no_wound
Male_Normal-0839.jpg,dataset_stage1/no_wound/Nomal/Male_Normal-0839.jpg,0,train,dataset_stage1/no_wound
Male_Normal-1836.jpg,dataset_stage1/no_wound/Nomal/Male_Normal-1836.jpg,0,train,dataset_stage1/no_wound
Male_Normal-0561.jpg,dataset_stage1/no_wound/Nomal/Male_Normal-0561.jpg,0,train,dataset_stage1/no_wound
Male_Normal-1922.jpg,dataset_stage1/no_wound/Nomal/Male_Normal-1922.jpg,0,train,dataset_stage1/no_wound
Male_Normal-0127.jpg,dataset_stage1/no_wound/Nomal/Male_Normal-0127.jpg,0,train,dataset_stage1/no_wound
Female_normal-458.jpg,dataset_stage1/no_wound/Nomal/Female_normal-458.jpg,0,train,dataset_stage1/no_wound
Male_Normal-0867.jpg,dataset_stage1/no_wound/Nomal/Male_Normal-0867.jpg,0,train,dataset_stage1/no_wound
Male_Normal-0519.jpg,dataset_stage1/no_wound/Nomal/Male_Normal-0519.jpg,0,train,dataset_stage1/no_wound
Male_Normal-0220.jpg,dataset_stage1/no_wound/Nomal/Male_Normal-0220.jpg,0,train,dataset_stage1/no_wound
Male_Normal-1453.jpg,dataset_stage1/no_wound/Nomal/Male_Normal-1453.jpg,0,train,dataset_stage1/no_wound
Female_normal-448.jpg,dataset_stage1/no_wound/Nomal/Female_normal-448.jpg,0,train,dataset_stage1/no_wound
Male_Normal-0448.jpg,dataset_stage1/no_wound/Nomal/Male_Normal-0448.jpg,0,train,dataset_stage1/no_wound
Male_Normal-1503.jpg,dataset_stage1/no_wound/Nomal/Male_Normal-1503.jpg,0,train,dataset_stage1/no_wound
Male_Normal-0662.jpg,dataset_stage1/no_wound/Nomal/Male_Normal-0662.jpg,0,train,dataset_stage1/no_wound
Male_Normal-0059.jpg,dataset_stage1/no_wound/Nomal/Male_Normal-0059.jpg,0,train,dataset_stage1/no_wound
Female_normal-339.jpg,dataset_stage1/no_wound/Nomal/Female_normal-339.jpg,0,train,dataset_stage1/no_wound
Male_Normal-0773.jpg,dataset_stage1/no_wound/Nomal/Male_Normal-0773.jpg,0,train,dataset_stage1/no_wound
Male_Normal-1250.jpg,dataset_stage1/no_wound/Nomal/Male_Normal-1250.jpg,0,train,dataset_stage1/no_wound
Male_Normal-1363.jpg,dataset_stage1/no_wound/Nomal/Male_Normal-1363.jpg,0,train,dataset_stage1/no_wound
Male_Normal-0454.jpg,dataset_stage1/no_wound/Nomal/Male_Normal-0454.jpg,0,train,dataset_stage1/no_wound
Male_Normal-0410.jpg,dataset_stage1/no_wound/Nomal/Male_Normal-0410.jpg,0,train,dataset_stage1/no_wound
Female_normal-602.jpg,dataset_stage1/no_wound/Nomal/Female_normal-602.jpg,0,train,dataset_stage1/no_wound
Female_normal-587.jpg,dataset_stage1/no_wound/Nomal/Female_normal-587.jpg,0,train,dataset_stage1/no_wound
Male_Normal-1678.jpg,dataset_stage1/no_wound/Nomal/Male_Normal-1678.jpg,0,train,dataset_stage1/no_wound
Male_Normal-0987.jpg,dataset_stage1/no_wound/Nomal/Male_Normal-0987.jpg,0,train,dataset_stage1/no_wound
Female_normal-589.jpg,dataset_stage1/no_wound/Nomal/Female_normal-589.jpg,0,train,dataset_stage1/no_wound
Male_Normal-1540.jpg,dataset_stage1/no_wound/Nomal/Male_Normal-1540.jpg,0,train,dataset_stage1/no_wound
Male_Normal-1635.jpg,dataset_stage1/no_wound/Nomal/Male_Normal-1635.jpg,0,train,dataset_stage1/no_wound
Male_Normal-1248.jpg,dataset_stage1/no_wound/Nomal/Male_Normal-1248.jpg,0,train,dataset_stage1/no_wound
Female_normal-515.jpg,dataset_stage1/no_wound/Nomal/Female_normal-515.jpg,0,train,dataset_stage1/no_wound
Female_normal-604.jpg,dataset_stage1/no_wound/Nomal/Female_normal-604.jpg,0,train,dataset_stage1/no_wound
Male_Normal-0286.jpg,dataset_stage1/no_wound/Nomal/Male_Normal-0286.jpg,0,train,dataset_stage1/no_wound
Male_Normal-1799.jpg,dataset_stage1/no_wound/Nomal/Male_Normal-1799.jpg,0,train,dataset_stage1/no_wound
3.jpg,dataset_stage1/no_wound/N/3.jpg,0,train,dataset_stage1/no_wound
Male_Normal-0745.jpg,dataset_stage1/no_wound/Nomal/Male_Normal-0745.jpg,0,train,dataset_stage1/no_wound
Male_Normal-1229.jpg,dataset_stage1/no_wound/Nomal/Male_Normal-1229.jpg,0,train,dataset_stage1/no_wound
Male_Normal-0722.jpg,dataset_stage1/no_wound/Nomal/Male_Normal-0722.jpg,0,train,dataset_stage1/no_wound
Female_normal-419.jpg,dataset_stage1/no_wound/Nomal/Female_normal-419.jpg,0,train,dataset_stage1/no_wound
Female_normal-207.jpg,dataset_stage1/no_wound/Nomal/Female_normal-207.jpg,0,train,dataset_stage1/no_wound
Male_Normal-0949.jpg,dataset_stage1/no_wound/Nomal/Male_Normal-0949.jpg,0,train,dataset_stage1/no_wound
Male_Normal-0052.jpg,dataset_stage1/no_wound/Nomal/Male_Normal-0052.jpg,0,train,dataset_stage1/no_wound
Male_Normal-0114.jpg,dataset_stage1/no_wound/Nomal/Male_Normal-0114.jpg,0,train,dataset_stage1/no_wound
Male_Normal-0680.jpg,dataset_stage1/no_wound/Nomal/Male_Normal-0680.jpg,0,train,dataset_stage1/no_wound
Female_normal-298.jpg,dataset_stage1/no_wound/Nomal/Female_normal-298.jpg,0,train,dataset_stage1/no_wound
Male_Normal-0043.jpg,dataset_stage1/no_wound/Nomal/Male_Normal-0043.jpg,0,train,dataset_stage1/no_wound
Female_normal-126.jpg,dataset_stage1/no_wound/Nomal/Female_normal-126.jpg,0,train,dataset_stage1/no_wound
Female_normal-143.jpg,dataset_stage1/no_wound/Nomal/Female_normal-143.jpg,0,train,dataset_stage1/no_wound
Male_Normal-1254.jpg,dataset_stage1/no_wound/Nomal/Male_Normal-1254.jpg,0,train,dataset_stage1/no_wound
Female_normal-583.jpg,dataset_stage1/no_wound/Nomal/Female_normal-583.jpg,0,train,dataset_stage1/no_wound
Male_Normal-1355.jpg,dataset_stage1/no_wound/Nomal/Male_Normal-1355.jpg,0,train,dataset_stage1/no_wound
Female_normal-100.jpg,dataset_stage1/no_wound/Nomal/Female_normal-100.jpg,0,train,dataset_stage1/no_wound
Male_Normal-0125.jpg,dataset_stage1/no_wound/Nomal/Male_Normal-0125.jpg,0,train,dataset_stage1/no_wound
Male_Normal-0970.jpg,dataset_stage1/no_wound/Nomal/Male_Normal-0970.jpg,0,train,dataset_stage1/no_wound
Male_Normal-0100.jpg,dataset_stage1/no_wound/Nomal/Male_Normal-0100.jpg,0,train,dataset_stage1/no_wound
Male_Normal-0621.jpg,dataset_stage1/no_wound/Nomal/Male_Normal-0621.jpg,0,train,dataset_stage1/no_wound
Female_normal-465.jpg,dataset_stage1/no_wound/Nomal/Female_normal-465.jpg,0,train,dataset_stage1/no_wound
Male_Normal-0813.jpg,dataset_stage1/no_wound/Nomal/Male_Normal-0813.jpg,0,train,dataset_stage1/no_wound
Female_normal-021.jpg,dataset_stage1/no_wound/Nomal/Female_normal-021.jpg,0,train,dataset_stage1/no_wound
Male_Normal-1509.jpg,dataset_stage1/no_wound/Nomal/Male_Normal-1509.jpg,0,train,dataset_stage1/no_wound
Male_Normal-0770.jpg,dataset_stage1/no_wound/Nomal/Male_Normal-0770.jpg,0,train,dataset_stage1/no_wound
Male_Normal-0004.jpg,dataset_stage1/no_wound/Nomal/Male_Normal-0004.jpg,0,train,dataset_stage1/no_wound
Female_normal-250.jpg,dataset_stage1/no_wound/Nomal/Female_normal-250.jpg,0,train,dataset_stage1/no_wound
Male_Normal-0399.jpg,dataset_stage1/no_wound/Nomal/Male_Normal-0399.jpg,0,train,dataset_stage1/no_wound
Male_Normal-0430.jpg,dataset_stage1/no_wound/Nomal/Male_Normal-0430.jpg,0,train,dataset_stage1/no_wound
Male_Normal-1445.jpg,dataset_stage1/no_wound/Nomal/Male_Normal-1445.jpg,0,train,dataset_stage1/no_wound
85.jpg,dataset_stage1/no_wound/BG/85.jpg,0,train,dataset_stage1/no_wound
Male_Normal-1138.jpg,dataset_stage1/no_wound/Nomal/Male_Normal-1138.jpg,0,train,dataset_stage1/no_wound
Female_normal-577.jpg,dataset_stage1/no_wound/Nomal/Female_normal-577.jpg,0,train,dataset_stage1/no_wound
Female_normal-742.jpg,dataset_stage1/no_wound/Nomal/Female_normal-742.jpg,0,train,dataset_stage1/no_wound
Female_normal-642.jpg,dataset_stage1/no_wound/Nomal/Female_normal-642.jpg,0,train,dataset_stage1/no_wound
Female_normal-422.jpg,dataset_stage1/no_wound/Nomal/Female_normal-422.jpg,0,train,dataset_stage1/no_wound
Male_Normal-0135.jpg,dataset_stage1/no_wound/Nomal/Male_Normal-0135.jpg,0,train,dataset_stage1/no_wound
Female_normal-067.jpg,dataset_stage1/no_wound/Nomal/Female_normal-067.jpg,0,train,dataset_stage1/no_wound
Male_Normal-0280.jpg,dataset_stage1/no_wound/Nomal/Male_Normal-0280.jpg,0,train,dataset_stage1/no_wound
Male_Normal-0130.jpg,dataset_stage1/no_wound/Nomal/Male_Normal-0130.jpg,0,train,dataset_stage1/no_wound
Female_normal-091.jpg,dataset_stage1/no_wound/Nomal/Female_normal-091.jpg,0,train,dataset_stage1/no_wound
Male_Normal-0558.jpg,dataset_stage1/no_wound/Nomal/Male_Normal-0558.jpg,0,train,dataset_stage1/no_wound
Male_Normal-0748.jpg,dataset_stage1/no_wound/Nomal/Male_Normal-0748.jpg,0,train,dataset_stage1/no_wound
Male_Normal-1182.jpg,dataset_stage1/no_wound/Nomal/Male_Normal-1182.jpg,0,train,dataset_stage1/no_wound
Female_normal-217.jpg,dataset_stage1/no_wound/Nomal/Female_normal-217.jpg,0,train,dataset_stage1/no_wound
Female_normal-273.jpg,dataset_stage1/no_wound/Nomal/Female_normal-273.jpg,0,train,dataset_stage1/no_wound
Female_normal-405.jpg,dataset_stage1/no_wound/Nomal/Female_normal-405.jpg,0,train,dataset_stage1/no_wound
Male_Normal-0979.jpg,dataset_stage1/no_wound/Nomal/Male_Normal-0979.jpg,0,train,dataset_stage1/no_wound
Male_Normal-1092.jpg,dataset_stage1/no_wound/Nomal/Male_Normal-1092.jpg,0,train,dataset_stage1/no_wound
Female_normal-717.jpg,dataset_stage1/no_wound/Nomal/Female_normal-717.jpg,0,train,dataset_stage1/no_wound
Male_Normal-0403.jpg,dataset_stage1/no_wound/Nomal/Male_Normal-0403.jpg,0,train,dataset_stage1/no_wound
Male_Normal-0600.jpg,dataset_stage1/no_wound/Nomal/Male_Normal-0600.jpg,0,train,dataset_stage1/no_wound
Male_Normal-1459.jpg,dataset_stage1/no_wound/Nomal/Male_Normal-1459.jpg,0,train,dataset_stage1/no_wound
Male_Normal-1886.jpg,dataset_stage1/no_wound/Nomal/Male_Normal-1886.jpg,0,train,dataset_stage1/no_wound
Female_normal-455.jpg,dataset_stage1/no_wound/Nomal/Female_normal-455.jpg,0,train,dataset_stage1/no_wound
Male_Normal-1636.jpg,dataset_stage1/no_wound/Nomal/Male_Normal-1636.jpg,0,train,dataset_stage1/no_wound
Male_Normal-1931.jpg,dataset_stage1/no_wound/Nomal/Male_Normal-1931.jpg,0,train,dataset_stage1/no_wound
Male_Normal-0264.jpg,dataset_stage1/no_wound/Nomal/Male_Normal-0264.jpg,0,train,dataset_stage1/no_wound
Female_normal-622.jpg,dataset_stage1/no_wound/Nomal/Female_normal-622.jpg,0,train,dataset_stage1/no_wound
Female_normal-144.jpg,dataset_stage1/no_wound/Nomal/Female_normal-144.jpg,0,train,dataset_stage1/no_wound
Male_Normal-1736.jpg,dataset_stage1/no_wound/Nomal/Male_Normal-1736.jpg,0,train,dataset_stage1/no_wound
Male_Normal-1973.jpg,dataset_stage1/no_wound/Nomal/Male_Normal-1973.jpg,0,train,dataset_stage1/no_wound
Male_Normal-0363.jpg,dataset_stage1/no_wound/Nomal/Male_Normal-0363.jpg,0,train,dataset_stage1/no_wound
Male_Normal-1455.jpg,dataset_stage1/no_wound/Nomal/Male_Normal-1455.jpg,0,train,dataset_stage1/no_wound
Female_normal-079.jpg,dataset_stage1/no_wound/Nomal/Female_normal-079.jpg,0,train,dataset_stage1/no_wound
Male_Normal-0437.jpg,dataset_stage1/no_wound/Nomal/Male_Normal-0437.jpg,0,train,dataset_stage1/no_wound
Male_Normal-0584.jpg,dataset_stage1/no_wound/Nomal/Male_Normal-0584.jpg,0,train,dataset_stage1/no_wound
Male_Normal-1282.jpg,dataset_stage1/no_wound/Nomal/Male_Normal-1282.jpg,0,train,dataset_stage1/no_wound
Male_Normal-0715.jpg,dataset_stage1/no_wound/Nomal/Male_Normal-0715.jpg,0,train,dataset_stage1/no_wound
25.jpg,dataset_stage1/no_wound/BG/25.jpg,0,train,dataset_stage1/no_wound
Female_normal-414.jpg,dataset_stage1/no_wound/Nomal/Female_normal-414.jpg,0,train,dataset_stage1/no_wound
Female_normal-444.jpg,dataset_stage1/no_wound/Nomal/Female_normal-444.jpg,0,train,dataset_stage1/no_wound
Male_Normal-0735.jpg,dataset_stage1/no_wound/Nomal/Male_Normal-0735.jpg,0,train,dataset_stage1/no_wound
Male_Normal-0444.jpg,dataset_stage1/no_wound/Nomal/Male_Normal-0444.jpg,0,train,dataset_stage1/no_wound
Male_Normal-1978.jpg,dataset_stage1/no_wound/Nomal/Male_Normal-1978.jpg,0,train,dataset_stage1/no_wound
Male_Normal-1421.jpg,dataset_stage1/no_wound/Nomal/Male_Normal-1421.jpg,0,train,dataset_stage1/no_wound
Male_Normal-0511.jpg,dataset_stage1/no_wound/Nomal/Male_Normal-0511.jpg,0,train,dataset_stage1/no_wound
Male_Normal-0186.jpg,dataset_stage1/no_wound/Nomal/Male_Normal-0186.jpg,0,train,dataset_stage1/no_wound
Male_Normal-1954.jpg,dataset_stage1/no_wound/Nomal/Male_Normal-1954.jpg,0,train,dataset_stage1/no_wound
Male_Normal-0159.jpg,dataset_stage1/no_wound/Nomal/Male_Normal-0159.jpg,0,train,dataset_stage1/no_wound
Male_Normal-0225.jpg,dataset_stage1/no_wound/Nomal/Male_Normal-0225.jpg,0,train,dataset_stage1/no_wound
Female_normal-557.jpg,dataset_stage1/no_wound/Nomal/Female_normal-557.jpg,0,train,dataset_stage1/no_wound
Male_Normal-0024.jpg,dataset_stage1/no_wound/Nomal/Male_Normal-0024.jpg,0,train,dataset_stage1/no_wound
Male_Normal-0398.jpg,dataset_stage1/no_wound/Nomal/Male_Normal-0398.jpg,0,train,dataset_stage1/no_wound
Male_Normal-0589.jpg,dataset_stage1/no_wound/Nomal/Male_Normal-0589.jpg,0,train,dataset_stage1/no_wound
89.jpg,dataset_stage1/no_wound/BG/89.jpg,0,train,dataset_stage1/no_wound
Female_normal-481.jpg,dataset_stage1/no_wound/Nomal/Female_normal-481.jpg,0,train,dataset_stage1/no_wound
Male_Normal-1692.jpg,dataset_stage1/no_wound/Nomal/Male_Normal-1692.jpg,0,train,dataset_stage1/no_wound
Male_Normal-0505.jpg,dataset_stage1/no_wound/Nomal/Male_Normal-0505.jpg,0,train,dataset_stage1/no_wound
Male_Normal-1026.jpg,dataset_stage1/no_wound/Nomal/Male_Normal-1026.jpg,0,train,dataset_stage1/no_wound
Female_normal-766.jpg,dataset_stage1/no_wound/Nomal/Female_normal-766.jpg,0,train,dataset_stage1/no_wound
Male_Normal-1173.jpg,dataset_stage1/no_wound/Nomal/Male_Normal-1173.jpg,0,train,dataset_stage1/no_wound
Female_normal-762.jpg,dataset_stage1/no_wound/Nomal/Female_normal-762.jpg,0,train,dataset_stage1/no_wound
Female_normal-020.jpg,dataset_stage1/no_wound/Nomal/Female_normal-020.jpg,0,train,dataset_stage1/no_wound
Male_Normal-0532.jpg,dataset_stage1/no_wound/Nomal/Male_Normal-0532.jpg,0,train,dataset_stage1/no_wound
Female_normal-402.jpg,dataset_stage1/no_wound/Nomal/Female_normal-402.jpg,0,train,dataset_stage1/no_wound
Female_normal-161.jpg,dataset_stage1/no_wound/Nomal/Female_normal-161.jpg,0,train,dataset_stage1/no_wound
Male_Normal-0666.jpg,dataset_stage1/no_wound/Nomal/Male_Normal-0666.jpg,0,train,dataset_stage1/no_wound
Female_normal-104.jpg,dataset_stage1/no_wound/Nomal/Female_normal-104.jpg,0,train,dataset_stage1/no_wound
56.jpg,dataset_stage1/no_wound/BG/56.jpg,0,train,dataset_stage1/no_wound
Male_Normal-1129.jpg,dataset_stage1/no_wound/Nomal/Male_Normal-1129.jpg,0,train,dataset_stage1/no_wound
Male_Normal-0613.jpg,dataset_stage1/no_wound/Nomal/Male_Normal-0613.jpg,0,train,dataset_stage1/no_wound
Male_Normal-0334.jpg,dataset_stage1/no_wound/Nomal/Male_Normal-0334.jpg,0,train,dataset_stage1/no_wound
Male_Normal-0787.jpg,dataset_stage1/no_wound/Nomal/Male_Normal-0787.jpg,0,train,dataset_stage1/no_wound
1.jpg,dataset_stage1/no_wound/BG/1.jpg,0,train,dataset_stage1/no_wound
Male_Normal-0830.jpg,dataset_stage1/no_wound/Nomal/Male_Normal-0830.jpg,0,train,dataset_stage1/no_wound
Male_Normal-0501.jpg,dataset_stage1/no_wound/Nomal/Male_Normal-0501.jpg,0,train,dataset_stage1/no_wound
Male_Normal-0534.jpg,dataset_stage1/no_wound/Nomal/Male_Normal-0534.jpg,0,train,dataset_stage1/no_wound
Female_normal-145.jpg,dataset_stage1/no_wound/Nomal/Female_normal-145.jpg,0,train,dataset_stage1/no_wound
Female_normal-640.jpg,dataset_stage1/no_wound/Nomal/Female_normal-640.jpg,0,train,dataset_stage1/no_wound
Male_Normal-0011.jpg,dataset_stage1/no_wound/Nomal/Male_Normal-0011.jpg,0,train,dataset_stage1/no_wound
Male_Normal-0238.jpg,dataset_stage1/no_wound/Nomal/Male_Normal-0238.jpg,0,train,dataset_stage1/no_wound
Male_Normal-1304.jpg,dataset_stage1/no_wound/Nomal/Male_Normal-1304.jpg,0,train,dataset_stage1/no_wound
Male_Normal-0675.jpg,dataset_stage1/no_wound/Nomal/Male_Normal-0675.jpg,0,train,dataset_stage1/no_wound
Male_Normal-0294.jpg,dataset_stage1/no_wound/Nomal/Male_Normal-0294.jpg,0,train,dataset_stage1/no_wound
Male_Normal-1674.jpg,dataset_stage1/no_wound/Nomal/Male_Normal-1674.jpg,0,train,dataset_stage1/no_wound
Male_Normal-1005.jpg,dataset_stage1/no_wound/Nomal/Male_Normal-1005.jpg,0,train,dataset_stage1/no_wound
Male_Normal-1832.jpg,dataset_stage1/no_wound/Nomal/Male_Normal-1832.jpg,0,train,dataset_stage1/no_wound
86.jpg,dataset_stage1/no_wound/BG/86.jpg,0,train,dataset_stage1/no_wound
Male_Normal-1036.jpg,dataset_stage1/no_wound/Nomal/Male_Normal-1036.jpg,0,train,dataset_stage1/no_wound
Female_normal-469.jpg,dataset_stage1/no_wound/Nomal/Female_normal-469.jpg,0,train,dataset_stage1/no_wound
Male_Normal-0039.jpg,dataset_stage1/no_wound/Nomal/Male_Normal-0039.jpg,0,train,dataset_stage1/no_wound
34.jpg,dataset_stage1/no_wound/N/34.jpg,0,train,dataset_stage1/no_wound
Male_Normal-1331.jpg,dataset_stage1/no_wound/Nomal/Male_Normal-1331.jpg,0,train,dataset_stage1/no_wound
Male_Normal-1518.jpg,dataset_stage1/no_wound/Nomal/Male_Normal-1518.jpg,0,train,dataset_stage1/no_wound
Female_normal-692.jpg,dataset_stage1/no_wound/Nomal/Female_normal-692.jpg,0,train,dataset_stage1/no_wound
Male_Normal-0775.jpg,dataset_stage1/no_wound/Nomal/Male_Normal-0775.jpg,0,train,dataset_stage1/no_wound
Female_normal-108.jpg,dataset_stage1/no_wound/Nomal/Female_normal-108.jpg,0,train,dataset_stage1/no_wound
Female_normal-184.jpg,dataset_stage1/no_wound/Nomal/Female_normal-184.jpg,0,train,dataset_stage1/no_wound
Male_Normal-0789.jpg,dataset_stage1/no_wound/Nomal/Male_Normal-0789.jpg,0,train,dataset_stage1/no_wound
Male_Normal-1795.jpg,dataset_stage1/no_wound/Nomal/Male_Normal-1795.jpg,0,train,dataset_stage1/no_wound
Female_normal-227.jpg,dataset_stage1/no_wound/Nomal/Female_normal-227.jpg,0,train,dataset_stage1/no_wound
Female_normal-295.jpg,dataset_stage1/no_wound/Nomal/Female_normal-295.jpg,0,train,dataset_stage1/no_wound
Male_Normal-1419.jpg,dataset_stage1/no_wound/Nomal/Male_Normal-1419.jpg,0,train,dataset_stage1/no_wound
Male_Normal-1781.jpg,dataset_stage1/no_wound/Nomal/Male_Normal-1781.jpg,0,train,dataset_stage1/no_wound
Male_Normal-0229.jpg,dataset_stage1/no_wound/Nomal/Male_Normal-0229.jpg,0,train,dataset_stage1/no_wound
Male_Normal-1273.jpg,dataset_stage1/no_wound/Nomal/Male_Normal-1273.jpg,0,train,dataset_stage1/no_wound
Female_normal-076.jpg,dataset_stage1/no_wound/Nomal/Female_normal-076.jpg,0,train,dataset_stage1/no_wound
Female_normal-290.jpg,dataset_stage1/no_wound/Nomal/Female_normal-290.jpg,0,train,dataset_stage1/no_wound
Male_Normal-1684.jpg,dataset_stage1/no_wound/Nomal/Male_Normal-1684.jpg,0,train,dataset_stage1/no_wound
Female_normal-491.jpg,dataset_stage1/no_wound/Nomal/Female_normal-491.jpg,0,train,dataset_stage1/no_wound
Male_Normal-0697.jpg,dataset_stage1/no_wound/Nomal/Male_Normal-0697.jpg,0,train,dataset_stage1/no_wound
Male_Normal-0124.jpg,dataset_stage1/no_wound/Nomal/Male_Normal-0124.jpg,0,train,dataset_stage1/no_wound
Male_Normal-1193.jpg,dataset_stage1/no_wound/Nomal/Male_Normal-1193.jpg,0,train,dataset_stage1/no_wound
Male_Normal-1067.jpg,dataset_stage1/no_wound/Nomal/Male_Normal-1067.jpg,0,train,dataset_stage1/no_wound
25.jpg,dataset_stage1/no_wound/N/25.jpg,0,train,dataset_stage1/no_wound
Male_Normal-1258.jpg,dataset_stage1/no_wound/Nomal/Male_Normal-1258.jpg,0,train,dataset_stage1/no_wound
Male_Normal-0377.jpg,dataset_stage1/no_wound/Nomal/Male_Normal-0377.jpg,0,train,dataset_stage1/no_wound
Female_normal-082.jpg,dataset_stage1/no_wound/Nomal/Female_normal-082.jpg,0,train,dataset_stage1/no_wound
Male_Normal-1505.jpg,dataset_stage1/no_wound/Nomal/Male_Normal-1505.jpg,0,train,dataset_stage1/no_wound
Male_Normal-1323.jpg,dataset_stage1/no_wound/Nomal/Male_Normal-1323.jpg,0,train,dataset_stage1/no_wound
Male_Normal-0935.jpg,dataset_stage1/no_wound/Nomal/Male_Normal-0935.jpg,0,train,dataset_stage1/no_wound
Male_Normal-0128.jpg,dataset_stage1/no_wound/Nomal/Male_Normal-0128.jpg,0,train,dataset_stage1/no_wound
Male_Normal-0158.jpg,dataset_stage1/no_wound/Nomal/Male_Normal-0158.jpg,0,train,dataset_stage1/no_wound
Male_Normal-1037.jpg,dataset_stage1/no_wound/Nomal/Male_Normal-1037.jpg,0,train,dataset_stage1/no_wound
Male_Normal-0894.jpg,dataset_stage1/no_wound/Nomal/Male_Normal-0894.jpg,0,train,dataset_stage1/no_wound
Female_normal-105.jpg,dataset_stage1/no_wound/Nomal/Female_normal-105.jpg,0,train,dataset_stage1/no_wound
Male_Normal-0800.jpg,dataset_stage1/no_wound/Nomal/Male_Normal-0800.jpg,0,train,dataset_stage1/no_wound
Male_Normal-1215.jpg,dataset_stage1/no_wound/Nomal/Male_Normal-1215.jpg,0,train,dataset_stage1/no_wound
Male_Normal-0338.jpg,dataset_stage1/no_wound/Nomal/Male_Normal-0338.jpg,0,train,dataset_stage1/no_wound
Female_normal-376.jpg,dataset_stage1/no_wound/Nomal/Female_normal-376.jpg,0,train,dataset_stage1/no_wound
Male_Normal-0825.jpg,dataset_stage1/no_wound/Nomal/Male_Normal-0825.jpg,0,train,dataset_stage1/no_wound
Male_Normal-1834.jpg,dataset_stage1/no_wound/Nomal/Male_Normal-1834.jpg,0,train,dataset_stage1/no_wound
Male_Normal-1608.jpg,dataset_stage1/no_wound/Nomal/Male_Normal-1608.jpg,0,train,dataset_stage1/no_wound
Male_Normal-1816.jpg,dataset_stage1/no_wound/Nomal/Male_Normal-1816.jpg,0,train,dataset_stage1/no_wound
Male_Normal-0160.jpg,dataset_stage1/no_wound/Nomal/Male_Normal-0160.jpg,0,train,dataset_stage1/no_wound
Male_Normal-1015.jpg,dataset_stage1/no_wound/Nomal/Male_Normal-1015.jpg,0,train,dataset_stage1/no_wound
Male_Normal-0235.jpg,dataset_stage1/no_wound/Nomal/Male_Normal-0235.jpg,0,train,dataset_stage1/no_wound
Female_normal-070.jpg,dataset_stage1/no_wound/Nomal/Female_normal-070.jpg,0,train,dataset_stage1/no_wound
Female_normal-430.jpg,dataset_stage1/no_wound/Nomal/Female_normal-430.jpg,0,train,dataset_stage1/no_wound
Male_Normal-0058.jpg,dataset_stage1/no_wound/Nomal/Male_Normal-0058.jpg,0,train,dataset_stage1/no_wound
Female_normal-087.jpg,dataset_stage1/no_wound/Nomal/Female_normal-087.jpg,0,train,dataset_stage1/no_wound
Male_Normal-1199.jpg,dataset_stage1/no_wound/Nomal/Male_Normal-1199.jpg,0,train,dataset_stage1/no_wound
Female_normal-101.jpg,dataset_stage1/no_wound/Nomal/Female_normal-101.jpg,0,train,dataset_stage1/no_wound
Male_Normal-0537.jpg,dataset_stage1/no_wound/Nomal/Male_Normal-0537.jpg,0,train,dataset_stage1/no_wound
Male_Normal-0767.jpg,dataset_stage1/no_wound/Nomal/Male_Normal-0767.jpg,0,train,dataset_stage1/no_wound
68.jpg,dataset_stage1/no_wound/BG/68.jpg,0,train,dataset_stage1/no_wound
Male_Normal-1208.jpg,dataset_stage1/no_wound/Nomal/Male_Normal-1208.jpg,0,train,dataset_stage1/no_wound
Female_normal-691.jpg,dataset_stage1/no_wound/Nomal/Female_normal-691.jpg,0,train,dataset_stage1/no_wound
Male_Normal-1471.jpg,dataset_stage1/no_wound/Nomal/Male_Normal-1471.jpg,0,train,dataset_stage1/no_wound
Male_Normal-0843.jpg,dataset_stage1/no_wound/Nomal/Male_Normal-0843.jpg,0,train,dataset_stage1/no_wound
Female_normal-031.jpg,dataset_stage1/no_wound/Nomal/Female_normal-031.jpg,0,train,dataset_stage1/no_wound
Female_normal-304.jpg,dataset_stage1/no_wound/Nomal/Female_normal-304.jpg,0,train,dataset_stage1/no_wound
Male_Normal-1879.jpg,dataset_stage1/no_wound/Nomal/Male_Normal-1879.jpg,0,train,dataset_stage1/no_wound
Male_Normal-0323.jpg,dataset_stage1/no_wound/Nomal/Male_Normal-0323.jpg,0,train,dataset_stage1/no_wound
Male_Normal-1454.jpg,dataset_stage1/no_wound/Nomal/Male_Normal-1454.jpg,0,train,dataset_stage1/no_wound
Male_Normal-1018.jpg,dataset_stage1/no_wound/Nomal/Male_Normal-1018.jpg,0,train,dataset_stage1/no_wound
Male_Normal-0029.jpg,dataset_stage1/no_wound/Nomal/Male_Normal-0029.jpg,0,train,dataset_stage1/no_wound
Female_normal-637.jpg,dataset_stage1/no_wound/Nomal/Female_normal-637.jpg,0,train,dataset_stage1/no_wound
Male_Normal-1881.jpg,dataset_stage1/no_wound/Nomal/Male_Normal-1881.jpg,0,train,dataset_stage1/no_wound
Female_normal-175.jpg,dataset_stage1/no_wound/Nomal/Female_normal-175.jpg,0,train,dataset_stage1/no_wound
Male_Normal-0904.jpg,dataset_stage1/no_wound/Nomal/Male_Normal-0904.jpg,0,train,dataset_stage1/no_wound
Male_Normal-1102.jpg,dataset_stage1/no_wound/Nomal/Male_Normal-1102.jpg,0,train,dataset_stage1/no_wound
Male_Normal-1898.jpg,dataset_stage1/no_wound/Nomal/Male_Normal-1898.jpg,0,train,dataset_stage1/no_wound
Male_Normal-0760.jpg,dataset_stage1/no_wound/Nomal/Male_Normal-0760.jpg,0,train,dataset_stage1/no_wound
Male_Normal-1054.jpg,dataset_stage1/no_wound/Nomal/Male_Normal-1054.jpg,0,train,dataset_stage1/no_wound
Female_normal-552.jpg,dataset_stage1/no_wound/Nomal/Female_normal-552.jpg,0,train,dataset_stage1/no_wound
99.jpg,dataset_stage1/no_wound/BG/99.jpg,0,train,dataset_stage1/no_wound
Male_Normal-0685.jpg,dataset_stage1/no_wound/Nomal/Male_Normal-0685.jpg,0,train,dataset_stage1/no_wound
Female_normal-667.jpg,dataset_stage1/no_wound/Nomal/Female_normal-667.jpg,0,train,dataset_stage1/no_wound
Female_normal-711.jpg,dataset_stage1/no_wound/Nomal/Female_normal-711.jpg,0,train,dataset_stage1/no_wound
Male_Normal-0295.jpg,dataset_stage1/no_wound/Nomal/Male_Normal-0295.jpg,0,train,dataset_stage1/no_wound
Female_normal-330.jpg,dataset_stage1/no_wound/Nomal/Female_normal-330.jpg,0,train,dataset_stage1/no_wound
Female_normal-437.jpg,dataset_stage1/no_wound/Nomal/Female_normal-437.jpg,0,train,dataset_stage1/no_wound
86.jpg,dataset_stage1/no_wound/N/86.jpg,0,train,dataset_stage1/no_wound
Male_Normal-1032.jpg,dataset_stage1/no_wound/Nomal/Male_Normal-1032.jpg,0,train,dataset_stage1/no_wound
Male_Normal-0375.jpg,dataset_stage1/no_wound/Nomal/Male_Normal-0375.jpg,0,train,dataset_stage1/no_wound
Female_normal-732.jpg,dataset_stage1/no_wound/Nomal/Female_normal-732.jpg,0,train,dataset_stage1/no_wound
Male_Normal-0865.jpg,dataset_stage1/no_wound/Nomal/Male_Normal-0865.jpg,0,train,dataset_stage1/no_wound
Male_Normal-1283.jpg,dataset_stage1/no_wound/Nomal/Male_Normal-1283.jpg,0,train,dataset_stage1/no_wound
Male_Normal-0492.jpg,dataset_stage1/no_wound/Nomal/Male_Normal-0492.jpg,0,train,dataset_stage1/no_wound
Male_Normal-0946.jpg,dataset_stage1/no_wound/Nomal/Male_Normal-0946.jpg,0,train,dataset_stage1/no_wound
Female_normal-408.jpg,dataset_stage1/no_wound/Nomal/Female_normal-408.jpg,0,train,dataset_stage1/no_wound
Male_Normal-0700.jpg,dataset_stage1/no_wound/Nomal/Male_Normal-0700.jpg,0,train,dataset_stage1/no_wound
55.jpg,dataset_stage1/no_wound/N/55.jpg,0,train,dataset_stage1/no_wound
Male_Normal-0261.jpg,dataset_stage1/no_wound/Nomal/Male_Normal-0261.jpg,0,train,dataset_stage1/no_wound
Male_Normal-1133.jpg,dataset_stage1/no_wound/Nomal/Male_Normal-1133.jpg,0,train,dataset_stage1/no_wound
Female_normal-532.jpg,dataset_stage1/no_wound/Nomal/Female_normal-532.jpg,0,train,dataset_stage1/no_wound
Male_Normal-0311.jpg,dataset_stage1/no_wound/Nomal/Male_Normal-0311.jpg,0,train,dataset_stage1/no_wound
Male_Normal-1174.jpg,dataset_stage1/no_wound/Nomal/Male_Normal-1174.jpg,0,train,dataset_stage1/no_wound
Male_Normal-1713.jpg,dataset_stage1/no_wound/Nomal/Male_Normal-1713.jpg,0,train,dataset_stage1/no_wound
3.jpg,dataset_stage1/no_wound/BG/3.jpg,0,train,dataset_stage1/no_wound
Male_Normal-0626.jpg,dataset_stage1/no_wound/Nomal/Male_Normal-0626.jpg,0,train,dataset_stage1/no_wound
61.jpg,dataset_stage1/no_wound/N/61.jpg,0,train,dataset_stage1/no_wound
Female_normal-662.jpg,dataset_stage1/no_wound/Nomal/Female_normal-662.jpg,0,train,dataset_stage1/no_wound
Female_normal-703.jpg,dataset_stage1/no_wound/Nomal/Female_normal-703.jpg,0,train,dataset_stage1/no_wound
Male_Normal-0401.jpg,dataset_stage1/no_wound/Nomal/Male_Normal-0401.jpg,0,train,dataset_stage1/no_wound
Male_Normal-1241.jpg,dataset_stage1/no_wound/Nomal/Male_Normal-1241.jpg,0,train,dataset_stage1/no_wound
Female_normal-245.jpg,dataset_stage1/no_wound/Nomal/Female_normal-245.jpg,0,train,dataset_stage1/no_wound
Male_Normal-1920.jpg,dataset_stage1/no_wound/Nomal/Male_Normal-1920.jpg,0,train,dataset_stage1/no_wound
Male_Normal-1291.jpg,dataset_stage1/no_wound/Nomal/Male_Normal-1291.jpg,0,train,dataset_stage1/no_wound
Female_normal-724.jpg,dataset_stage1/no_wound/Nomal/Female_normal-724.jpg,0,train,dataset_stage1/no_wound
Male_Normal-1952.jpg,dataset_stage1/no_wound/Nomal/Male_Normal-1952.jpg,0,train,dataset_stage1/no_wound
Male_Normal-1094.jpg,dataset_stage1/no_wound/Nomal/Male_Normal-1094.jpg,0,train,dataset_stage1/no_wound
Female_normal-112.jpg,dataset_stage1/no_wound/Nomal/Female_normal-112.jpg,0,train,dataset_stage1/no_wound
Female_normal-349.jpg,dataset_stage1/no_wound/Nomal/Female_normal-349.jpg,0,train,dataset_stage1/no_wound
Male_Normal-0896.jpg,dataset_stage1/no_wound/Nomal/Male_Normal-0896.jpg,0,train,dataset_stage1/no_wound
Male_Normal-0427.jpg,dataset_stage1/no_wound/Nomal/Male_Normal-0427.jpg,0,train,dataset_stage1/no_wound
Female_normal-107.jpg,dataset_stage1/no_wound/Nomal/Female_normal-107.jpg,0,train,dataset_stage1/no_wound
Female_normal-088.jpg,dataset_stage1/no_wound/Nomal/Female_normal-088.jpg,0,train,dataset_stage1/no_wound
Female_normal-495.jpg,dataset_stage1/no_wound/Nomal/Female_normal-495.jpg,0,train,dataset_stage1/no_wound
Female_normal-109.jpg,dataset_stage1/no_wound/Nomal/Female_normal-109.jpg,0,train,dataset_stage1/no_wound
Male_Normal-1308.jpg,dataset_stage1/no_wound/Nomal/Male_Normal-1308.jpg,0,train,dataset_stage1/no_wound
Female_normal-550.jpg,dataset_stage1/no_wound/Nomal/Female_normal-550.jpg,0,train,dataset_stage1/no_wound
Male_Normal-0217.jpg,dataset_stage1/no_wound/Nomal/Male_Normal-0217.jpg,0,train,dataset_stage1/no_wound
Female_normal-709.jpg,dataset_stage1/no_wound/Nomal/Female_normal-709.jpg,0,train,dataset_stage1/no_wound
Male_Normal-0833.jpg,dataset_stage1/no_wound/Nomal/Male_Normal-0833.jpg,0,train,dataset_stage1/no_wound
Male_Normal-1899.jpg,dataset_stage1/no_wound/Nomal/Male_Normal-1899.jpg,0,train,dataset_stage1/no_wound
Male_Normal-0259.jpg,dataset_stage1/no_wound/Nomal/Male_Normal-0259.jpg,0,train,dataset_stage1/no_wound
Male_Normal-1617.jpg,dataset_stage1/no_wound/Nomal/Male_Normal-1617.jpg,0,train,dataset_stage1/no_wound
Female_normal-771.jpg,dataset_stage1/no_wound/Nomal/Female_normal-771.jpg,0,train,dataset_stage1/no_wound
20.jpg,dataset_stage1/no_wound/BG/20.jpg,0,train,dataset_stage1/no_wound
Female_normal-674.jpg,dataset_stage1/no_wound/Nomal/Female_normal-674.jpg,0,train,dataset_stage1/no_wound
Female_normal-609.jpg,dataset_stage1/no_wound/Nomal/Female_normal-609.jpg,0,train,dataset_stage1/no_wound
Male_Normal-1563.jpg,dataset_stage1/no_wound/Nomal/Male_Normal-1563.jpg,0,train,dataset_stage1/no_wound
Female_normal-315.jpg,dataset_stage1/no_wound/Nomal/Female_normal-315.jpg,0,train,dataset_stage1/no_wound
Male_Normal-1400.jpg,dataset_stage1/no_wound/Nomal/Male_Normal-1400.jpg,0,train,dataset_stage1/no_wound
Female_normal-210.jpg,dataset_stage1/no_wound/Nomal/Female_normal-210.jpg,0,train,dataset_stage1/no_wound
Male_Normal-0603.jpg,dataset_stage1/no_wound/Nomal/Male_Normal-0603.jpg,0,train,dataset_stage1/no_wound
Male_Normal-1247.jpg,dataset_stage1/no_wound/Nomal/Male_Normal-1247.jpg,0,train,dataset_stage1/no_wound
Male_Normal-0736.jpg,dataset_stage1/no_wound/Nomal/Male_Normal-0736.jpg,0,train,dataset_stage1/no_wound
Male_Normal-0203.jpg,dataset_stage1/no_wound/Nomal/Male_Normal-0203.jpg,0,train,dataset_stage1/no_wound
Male_Normal-0314.jpg,dataset_stage1/no_wound/Nomal/Male_Normal-0314.jpg,0,train,dataset_stage1/no_wound
Male_Normal-0389.jpg,dataset_stage1/no_wound/Nomal/Male_Normal-0389.jpg,0,train,dataset_stage1/no_wound
Female_normal-183.jpg,dataset_stage1/no_wound/Nomal/Female_normal-183.jpg,0,train,dataset_stage1/no_wound
Male_Normal-1965.jpg,dataset_stage1/no_wound/Nomal/Male_Normal-1965.jpg,0,train,dataset_stage1/no_wound
Male_Normal-1178.jpg,dataset_stage1/no_wound/Nomal/Male_Normal-1178.jpg,0,train,dataset_stage1/no_wound
Male_Normal-1901.jpg,dataset_stage1/no_wound/Nomal/Male_Normal-1901.jpg,0,train,dataset_stage1/no_wound
Male_Normal-0327.jpg,dataset_stage1/no_wound/Nomal/Male_Normal-0327.jpg,0,train,dataset_stage1/no_wound
Female_normal-353.jpg,dataset_stage1/no_wound/Nomal/Female_normal-353.jpg,0,train,dataset_stage1/no_wound
Female_normal-023.jpg,dataset_stage1/no_wound/Nomal/Female_normal-023.jpg,0,train,dataset_stage1/no_wound
Male_Normal-0121.jpg,dataset_stage1/no_wound/Nomal/Male_Normal-0121.jpg,0,train,dataset_stage1/no_wound
Male_Normal-1951.jpg,dataset_stage1/no_wound/Nomal/Male_Normal-1951.jpg,0,train,dataset_stage1/no_wound
16.jpg,dataset_stage1/no_wound/BG/16.jpg,0,train,dataset_stage1/no_wound
Male_Normal-0446.jpg,dataset_stage1/no_wound/Nomal/Male_Normal-0446.jpg,0,train,dataset_stage1/no_wound
Female_normal-117.jpg,dataset_stage1/no_wound/Nomal/Female_normal-117.jpg,0,train,dataset_stage1/no_wound
Female_normal-228.jpg,dataset_stage1/no_wound/Nomal/Female_normal-228.jpg,0,train,dataset_stage1/no_wound
Male_Normal-1801.jpg,dataset_stage1/no_wound/Nomal/Male_Normal-1801.jpg,0,train,dataset_stage1/no_wound
13.jpg,dataset_stage1/no_wound/N/13.jpg,0,train,dataset_stage1/no_wound
Male_Normal-0355.jpg,dataset_stage1/no_wound/Nomal/Male_Normal-0355.jpg,0,train,dataset_stage1/no_wound
47.jpg,dataset_stage1/no_wound/N/47.jpg,0,train,dataset_stage1/no_wound
28.jpg,dataset_stage1/no_wound/N/28.jpg,0,train,dataset_stage1/no_wound
Male_Normal-1359.jpg,dataset_stage1/no_wound/Nomal/Male_Normal-1359.jpg,0,train,dataset_stage1/no_wound
Male_Normal-1847.jpg,dataset_stage1/no_wound/Nomal/Male_Normal-1847.jpg,0,train,dataset_stage1/no_wound
Male_Normal-0214.jpg,dataset_stage1/no_wound/Nomal/Male_Normal-0214.jpg,0,train,dataset_stage1/no_wound
Male_Normal-1966.jpg,dataset_stage1/no_wound/Nomal/Male_Normal-1966.jpg,0,train,dataset_stage1/no_wound
Male_Normal-1585.jpg,dataset_stage1/no_wound/Nomal/Male_Normal-1585.jpg,0,train,dataset_stage1/no_wound
Male_Normal-0687.jpg,dataset_stage1/no_wound/Nomal/Male_Normal-0687.jpg,0,train,dataset_stage1/no_wound
22.jpg,dataset_stage1/no_wound/N/22.jpg,0,train,dataset_stage1/no_wound
Male_Normal-0376.jpg,dataset_stage1/no_wound/Nomal/Male_Normal-0376.jpg,0,train,dataset_stage1/no_wound
Male_Normal-0348.jpg,dataset_stage1/no_wound/Nomal/Male_Normal-0348.jpg,0,train,dataset_stage1/no_wound
Male_Normal-1501.jpg,dataset_stage1/no_wound/Nomal/Male_Normal-1501.jpg,0,train,dataset_stage1/no_wound
Male_Normal-1780.jpg,dataset_stage1/no_wound/Nomal/Male_Normal-1780.jpg,0,train,dataset_stage1/no_wound
Male_Normal-1930.jpg,dataset_stage1/no_wound/Nomal/Male_Normal-1930.jpg,0,train,dataset_stage1/no_wound
Male_Normal-0564.jpg,dataset_stage1/no_wound/Nomal/Male_Normal-0564.jpg,0,train,dataset_stage1/no_wound
Male_Normal-0753.jpg,dataset_stage1/no_wound/Nomal/Male_Normal-0753.jpg,0,train,dataset_stage1/no_wound
Female_normal-473.jpg,dataset_stage1/no_wound/Nomal/Female_normal-473.jpg,0,train,dataset_stage1/no_wound
Male_Normal-0402.jpg,dataset_stage1/no_wound/Nomal/Male_Normal-0402.jpg,0,train,dataset_stage1/no_wound
Male_Normal-0597.jpg,dataset_stage1/no_wound/Nomal/Male_Normal-0597.jpg,0,train,dataset_stage1/no_wound
Female_normal-392.jpg,dataset_stage1/no_wound/Nomal/Female_normal-392.jpg,0,train,dataset_stage1/no_wound
Male_Normal-1521.jpg,dataset_stage1/no_wound/Nomal/Male_Normal-1521.jpg,0,train,dataset_stage1/no_wound
Female_normal-689.jpg,dataset_stage1/no_wound/Nomal/Female_normal-689.jpg,0,train,dataset_stage1/no_wound
Male_Normal-1467.jpg,dataset_stage1/no_wound/Nomal/Male_Normal-1467.jpg,0,train,dataset_stage1/no_wound
Male_Normal-1091.jpg,dataset_stage1/no_wound/Nomal/Male_Normal-1091.jpg,0,train,dataset_stage1/no_wound
Male_Normal-0808.jpg,dataset_stage1/no_wound/Nomal/Male_Normal-0808.jpg,0,train,dataset_stage1/no_wound
Female_normal-014.jpg,dataset_stage1/no_wound/Nomal/Female_normal-014.jpg,0,train,dataset_stage1/no_wound
Male_Normal-0954.jpg,dataset_stage1/no_wound/Nomal/Male_Normal-0954.jpg,0,train,dataset_stage1/no_wound
Male_Normal-0632.jpg,dataset_stage1/no_wound/Nomal/Male_Normal-0632.jpg,0,train,dataset_stage1/no_wound
Female_normal-601.jpg,dataset_stage1/no_wound/Nomal/Female_normal-601.jpg,0,train,dataset_stage1/no_wound
Male_Normal-1466.jpg,dataset_stage1/no_wound/Nomal/Male_Normal-1466.jpg,0,train,dataset_stage1/no_wound
Male_Normal-1048.jpg,dataset_stage1/no_wound/Nomal/Male_Normal-1048.jpg,0,train,dataset_stage1/no_wound
Male_Normal-1271.jpg,dataset_stage1/no_wound/Nomal/Male_Normal-1271.jpg,0,train,dataset_stage1/no_wound
Male_Normal-1646.jpg,dataset_stage1/no_wound/Nomal/Male_Normal-1646.jpg,0,train,dataset_stage1/no_wound
Male_Normal-1695.jpg,dataset_stage1/no_wound/Nomal/Male_Normal-1695.jpg,0,train,dataset_stage1/no_wound
Female_normal-074.jpg,dataset_stage1/no_wound/Nomal/Female_normal-074.jpg,0,train,dataset_stage1/no_wound
73.jpg,dataset_stage1/no_wound/BG/73.jpg,0,train,dataset_stage1/no_wound
Male_Normal-1826.jpg,dataset_stage1/no_wound/Nomal/Male_Normal-1826.jpg,0,train,dataset_stage1/no_wound
Male_Normal-0112.jpg,dataset_stage1/no_wound/Nomal/Male_Normal-0112.jpg,0,train,dataset_stage1/no_wound
Female_normal-195.jpg,dataset_stage1/no_wound/Nomal/Female_normal-195.jpg,0,train,dataset_stage1/no_wound
Female_normal-384.jpg,dataset_stage1/no_wound/Nomal/Female_normal-384.jpg,0,train,dataset_stage1/no_wound
Male_Normal-0919.jpg,dataset_stage1/no_wound/Nomal/Male_Normal-0919.jpg,0,train,dataset_stage1/no_wound
Male_Normal-0929.jpg,dataset_stage1/no_wound/Nomal/Male_Normal-0929.jpg,0,train,dataset_stage1/no_wound
Female_normal-301.jpg,dataset_stage1/no_wound/Nomal/Female_normal-301.jpg,0,train,dataset_stage1/no_wound
Male_Normal-0961.jpg,dataset_stage1/no_wound/Nomal/Male_Normal-0961.jpg,0,train,dataset_stage1/no_wound
Male_Normal-1211.jpg,dataset_stage1/no_wound/Nomal/Male_Normal-1211.jpg,0,train,dataset_stage1/no_wound
Male_Normal-1961.jpg,dataset_stage1/no_wound/Nomal/Male_Normal-1961.jpg,0,train,dataset_stage1/no_wound
Male_Normal-1724.jpg,dataset_stage1/no_wound/Nomal/Male_Normal-1724.jpg,0,train,dataset_stage1/no_wound
Male_Normal-0829.jpg,dataset_stage1/no_wound/Nomal/Male_Normal-0829.jpg,0,train,dataset_stage1/no_wound
Male_Normal-0702.jpg,dataset_stage1/no_wound/Nomal/Male_Normal-0702.jpg,0,train,dataset_stage1/no_wound
Female_normal-006.jpg,dataset_stage1/no_wound/Nomal/Female_normal-006.jpg,0,train,dataset_stage1/no_wound
Female_normal-534.jpg,dataset_stage1/no_wound/Nomal/Female_normal-534.jpg,0,train,dataset_stage1/no_wound
Male_Normal-0486.jpg,dataset_stage1/no_wound/Nomal/Male_Normal-0486.jpg,0,train,dataset_stage1/no_wound
Female_normal-327.jpg,dataset_stage1/no_wound/Nomal/Female_normal-327.jpg,0,train,dataset_stage1/no_wound
Male_Normal-0347.jpg,dataset_stage1/no_wound/Nomal/Male_Normal-0347.jpg,0,train,dataset_stage1/no_wound
Female_normal-699.jpg,dataset_stage1/no_wound/Nomal/Female_normal-699.jpg,0,train,dataset_stage1/no_wound
Female_normal-178.jpg,dataset_stage1/no_wound/Nomal/Female_normal-178.jpg,0,train,dataset_stage1/no_wound
Male_Normal-1739.jpg,dataset_stage1/no_wound/Nomal/Male_Normal-1739.jpg,0,train,dataset_stage1/no_wound
Male_Normal-1666.jpg,dataset_stage1/no_wound/Nomal/Male_Normal-1666.jpg,0,train,dataset_stage1/no_wound
Male_Normal-0480.jpg,dataset_stage1/no_wound/Nomal/Male_Normal-0480.jpg,0,train,dataset_stage1/no_wound
Female_normal-187.jpg,dataset_stage1/no_wound/Nomal/Female_normal-187.jpg,0,train,dataset_stage1/no_wound
98.jpg,dataset_stage1/no_wound/N/98.jpg,0,train,dataset_stage1/no_wound
Male_Normal-0075.jpg,dataset_stage1/no_wound/Nomal/Male_Normal-0075.jpg,0,train,dataset_stage1/no_wound
Female_normal-391.jpg,dataset_stage1/no_wound/Nomal/Female_normal-391.jpg,0,train,dataset_stage1/no_wound
Female_normal-320.jpg,dataset_stage1/no_wound/Nomal/Female_normal-320.jpg,0,train,dataset_stage1/no_wound
Male_Normal-1398.jpg,dataset_stage1/no_wound/Nomal/Male_Normal-1398.jpg,0,train,dataset_stage1/no_wound
Female_normal-230.jpg,dataset_stage1/no_wound/Nomal/Female_normal-230.jpg,0,train,dataset_stage1/no_wound
Male_Normal-0108.jpg,dataset_stage1/no_wound/Nomal/Male_Normal-0108.jpg,0,train,dataset_stage1/no_wound
Female_normal-008.jpg,dataset_stage1/no_wound/Nomal/Female_normal-008.jpg,0,train,dataset_stage1/no_wound
Female_normal-292.jpg,dataset_stage1/no_wound/Nomal/Female_normal-292.jpg,0,train,dataset_stage1/no_wound
Male_Normal-1894.jpg,dataset_stage1/no_wound/Nomal/Male_Normal-1894.jpg,0,train,dataset_stage1/no_wound
Female_normal-593.jpg,dataset_stage1/no_wound/Nomal/Female_normal-593.jpg,0,train,dataset_stage1/no_wound
Male_Normal-0966.jpg,dataset_stage1/no_wound/Nomal/Male_Normal-0966.jpg,0,train,dataset_stage1/no_wound
Male_Normal-0211.jpg,dataset_stage1/no_wound/Nomal/Male_Normal-0211.jpg,0,train,dataset_stage1/no_wound
Male_Normal-0210.jpg,dataset_stage1/no_wound/Nomal/Male_Normal-0210.jpg,0,train,dataset_stage1/no_wound
Male_Normal-1769.jpg,dataset_stage1/no_wound/Nomal/Male_Normal-1769.jpg,0,train,dataset_stage1/no_wound
Male_Normal-0313.jpg,dataset_stage1/no_wound/Nomal/Male_Normal-0313.jpg,0,train,dataset_stage1/no_wound
84.jpg,dataset_stage1/no_wound/BG/84.jpg,0,train,dataset_stage1/no_wound
Male_Normal-1357.jpg,dataset_stage1/no_wound/Nomal/Male_Normal-1357.jpg,0,train,dataset_stage1/no_wound
Male_Normal-1214.jpg,dataset_stage1/no_wound/Nomal/Male_Normal-1214.jpg,0,train,dataset_stage1/no_wound
27.jpg,dataset_stage1/no_wound/BG/27.jpg,0,train,dataset_stage1/no_wound
Male_Normal-0914.jpg,dataset_stage1/no_wound/Nomal/Male_Normal-0914.jpg,0,train,dataset_stage1/no_wound
Male_Normal-0528.jpg,dataset_stage1/no_wound/Nomal/Male_Normal-0528.jpg,0,train,dataset_stage1/no_wound
Male_Normal-1568.jpg,dataset_stage1/no_wound/Nomal/Male_Normal-1568.jpg,0,train,dataset_stage1/no_wound
Male_Normal-1677.jpg,dataset_stage1/no_wound/Nomal/Male_Normal-1677.jpg,0,train,dataset_stage1/no_wound
Male_Normal-0889.jpg,dataset_stage1/no_wound/Nomal/Male_Normal-0889.jpg,0,train,dataset_stage1/no_wound
Female_normal-774.jpg,dataset_stage1/no_wound/Nomal/Female_normal-774.jpg,0,train,dataset_stage1/no_wound
Male_Normal-1949.jpg,dataset_stage1/no_wound/Nomal/Male_Normal-1949.jpg,0,train,dataset_stage1/no_wound
Female_normal-684.jpg,dataset_stage1/no_wound/Nomal/Female_normal-684.jpg,0,train,dataset_stage1/no_wound
Male_Normal-0123.jpg,dataset_stage1/no_wound/Nomal/Male_Normal-0123.jpg,0,train,dataset_stage1/no_wound
Male_Normal-1050.jpg,dataset_stage1/no_wound/Nomal/Male_Normal-1050.jpg,0,train,dataset_stage1/no_wound
Male_Normal-1483.jpg,dataset_stage1/no_wound/Nomal/Male_Normal-1483.jpg,0,train,dataset_stage1/no_wound
Female_normal-687.jpg,dataset_stage1/no_wound/Nomal/Female_normal-687.jpg,0,train,dataset_stage1/no_wound
Male_Normal-1745.jpg,dataset_stage1/no_wound/Nomal/Male_Normal-1745.jpg,0,train,dataset_stage1/no_wound
Male_Normal-1464.jpg,dataset_stage1/no_wound/Nomal/Male_Normal-1464.jpg,0,train,dataset_stage1/no_wound
Male_Normal-1526.jpg,dataset_stage1/no_wound/Nomal/Male_Normal-1526.jpg,0,train,dataset_stage1/no_wound
Male_Normal-1520.jpg,dataset_stage1/no_wound/Nomal/Male_Normal-1520.jpg,0,train,dataset_stage1/no_wound
Male_Normal-0442.jpg,dataset_stage1/no_wound/Nomal/Male_Normal-0442.jpg,0,train,dataset_stage1/no_wound
Male_Normal-1633.jpg,dataset_stage1/no_wound/Nomal/Male_Normal-1633.jpg,0,train,dataset_stage1/no_wound
Female_normal-259.jpg,dataset_stage1/no_wound/Nomal/Female_normal-259.jpg,0,train,dataset_stage1/no_wound
Male_Normal-0845.jpg,dataset_stage1/no_wound/Nomal/Male_Normal-0845.jpg,0,train,dataset_stage1/no_wound
8.jpg,dataset_stage1/no_wound/BG/8.jpg,0,train,dataset_stage1/no_wound
Male_Normal-1896.jpg,dataset_stage1/no_wound/Nomal/Male_Normal-1896.jpg,0,train,dataset_stage1/no_wound
Male_Normal-0081.jpg,dataset_stage1/no_wound/Nomal/Male_Normal-0081.jpg,0,train,dataset_stage1/no_wound
Female_normal-707.jpg,dataset_stage1/no_wound/Nomal/Female_normal-707.jpg,0,train,dataset_stage1/no_wound
Male_Normal-0615.jpg,dataset_stage1/no_wound/Nomal/Male_Normal-0615.jpg,0,train,dataset_stage1/no_wound
Male_Normal-1202.jpg,dataset_stage1/no_wound/Nomal/Male_Normal-1202.jpg,0,train,dataset_stage1/no_wound
Male_Normal-1680.jpg,dataset_stage1/no_wound/Nomal/Male_Normal-1680.jpg,0,train,dataset_stage1/no_wound
Female_normal-181.jpg,dataset_stage1/no_wound/Nomal/Female_normal-181.jpg,0,train,dataset_stage1/no_wound
Male_Normal-1024.jpg,dataset_stage1/no_wound/Nomal/Male_Normal-1024.jpg,0,train,dataset_stage1/no_wound
Male_Normal-1489.jpg,dataset_stage1/no_wound/Nomal/Male_Normal-1489.jpg,0,train,dataset_stage1/no_wound
Male_Normal-1698.jpg,dataset_stage1/no_wound/Nomal/Male_Normal-1698.jpg,0,train,dataset_stage1/no_wound
Female_normal-516.jpg,dataset_stage1/no_wound/Nomal/Female_normal-516.jpg,0,train,dataset_stage1/no_wound
Male_Normal-1619.jpg,dataset_stage1/no_wound/Nomal/Male_Normal-1619.jpg,0,train,dataset_stage1/no_wound
Female_normal-487.jpg,dataset_stage1/no_wound/Nomal/Female_normal-487.jpg,0,train,dataset_stage1/no_wound
Male_Normal-1550.jpg,dataset_stage1/no_wound/Nomal/Male_Normal-1550.jpg,0,train,dataset_stage1/no_wound
Male_Normal-0318.jpg,dataset_stage1/no_wound/Nomal/Male_Normal-0318.jpg,0,train,dataset_stage1/no_wound
Female_normal-106.jpg,dataset_stage1/no_wound/Nomal/Female_normal-106.jpg,0,train,dataset_stage1/no_wound
Female_normal-010.jpg,dataset_stage1/no_wound/Nomal/Female_normal-010.jpg,0,train,dataset_stage1/no_wound
Male_Normal-0962.jpg,dataset_stage1/no_wound/Nomal/Male_Normal-0962.jpg,0,train,dataset_stage1/no_wound
Male_Normal-1209.jpg,dataset_stage1/no_wound/Nomal/Male_Normal-1209.jpg,0,train,dataset_stage1/no_wound
Male_Normal-1957.jpg,dataset_stage1/no_wound/Nomal/Male_Normal-1957.jpg,0,train,dataset_stage1/no_wound
Male_Normal-1972.jpg,dataset_stage1/no_wound/Nomal/Male_Normal-1972.jpg,0,train,dataset_stage1/no_wound
Female_normal-686.jpg,dataset_stage1/no_wound/Nomal/Female_normal-686.jpg,0,train,dataset_stage1/no_wound
Male_Normal-1299.jpg,dataset_stage1/no_wound/Nomal/Male_Normal-1299.jpg,0,train,dataset_stage1/no_wound
Female_normal-718.jpg,dataset_stage1/no_wound/Nomal/Female_normal-718.jpg,0,train,dataset_stage1/no_wound
Male_Normal-1165.jpg,dataset_stage1/no_wound/Nomal/Male_Normal-1165.jpg,0,train,dataset_stage1/no_wound
Male_Normal-0625.jpg,dataset_stage1/no_wound/Nomal/Male_Normal-0625.jpg,0,train,dataset_stage1/no_wound
91.jpg,dataset_stage1/no_wound/N/91.jpg,0,train,dataset_stage1/no_wound
Male_Normal-1376.jpg,dataset_stage1/no_wound/Nomal/Male_Normal-1376.jpg,0,train,dataset_stage1/no_wound
Male_Normal-0290.jpg,dataset_stage1/no_wound/Nomal/Male_Normal-0290.jpg,0,train,dataset_stage1/no_wound
Female_normal-284.jpg,dataset_stage1/no_wound/Nomal/Female_normal-284.jpg,0,train,dataset_stage1/no_wound
Female_normal-716.jpg,dataset_stage1/no_wound/Nomal/Female_normal-716.jpg,0,train,dataset_stage1/no_wound
Male_Normal-1610.jpg,dataset_stage1/no_wound/Nomal/Male_Normal-1610.jpg,0,train,dataset_stage1/no_wound
Female_normal-078.jpg,dataset_stage1/no_wound/Nomal/Female_normal-078.jpg,0,train,dataset_stage1/no_wound
Male_Normal-0013.jpg,dataset_stage1/no_wound/Nomal/Male_Normal-0013.jpg,0,train,dataset_stage1/no_wound
Male_Normal-1807.jpg,dataset_stage1/no_wound/Nomal/Male_Normal-1807.jpg,0,train,dataset_stage1/no_wound
Male_Normal-0964.jpg,dataset_stage1/no_wound/Nomal/Male_Normal-0964.jpg,0,train,dataset_stage1/no_wound
Male_Normal-0594.jpg,dataset_stage1/no_wound/Nomal/Male_Normal-0594.jpg,0,train,dataset_stage1/no_wound
Female_normal-372.jpg,dataset_stage1/no_wound/Nomal/Female_normal-372.jpg,0,train,dataset_stage1/no_wound
Male_Normal-0018.jpg,dataset_stage1/no_wound/Nomal/Male_Normal-0018.jpg,0,train,dataset_stage1/no_wound
Male_Normal-0374.jpg,dataset_stage1/no_wound/Nomal/Male_Normal-0374.jpg,0,train,dataset_stage1/no_wound
Male_Normal-0690.jpg,dataset_stage1/no_wound/Nomal/Male_Normal-0690.jpg,0,train,dataset_stage1/no_wound
Female_normal-386.jpg,dataset_stage1/no_wound/Nomal/Female_normal-386.jpg,0,train,dataset_stage1/no_wound
Male_Normal-1488.jpg,dataset_stage1/no_wound/Nomal/Male_Normal-1488.jpg,0,train,dataset_stage1/no_wound
Male_Normal-1975.jpg,dataset_stage1/no_wound/Nomal/Male_Normal-1975.jpg,0,train,dataset_stage1/no_wound
Male_Normal-0974.jpg,dataset_stage1/no_wound/Nomal/Male_Normal-0974.jpg,0,train,dataset_stage1/no_wound
Female_normal-475.jpg,dataset_stage1/no_wound/Nomal/Female_normal-475.jpg,0,train,dataset_stage1/no_wound
Male_Normal-1163.jpg,dataset_stage1/no_wound/Nomal/Male_Normal-1163.jpg,0,train,dataset_stage1/no_wound
Female_normal-656.jpg,dataset_stage1/no_wound/Nomal/Female_normal-656.jpg,0,train,dataset_stage1/no_wound
Female_normal-248.jpg,dataset_stage1/no_wound/Nomal/Female_normal-248.jpg,0,train,dataset_stage1/no_wound
Male_Normal-1423.jpg,dataset_stage1/no_wound/Nomal/Male_Normal-1423.jpg,0,train,dataset_stage1/no_wound
Male_Normal-0631.jpg,dataset_stage1/no_wound/Nomal/Male_Normal-0631.jpg,0,train,dataset_stage1/no_wound
Male_Normal-0583.jpg,dataset_stage1/no_wound/Nomal/Male_Normal-0583.jpg,0,train,dataset_stage1/no_wound
Male_Normal-1246.jpg,dataset_stage1/no_wound/Nomal/Male_Normal-1246.jpg,0,train,dataset_stage1/no_wound
Male_Normal-1659.jpg,dataset_stage1/no_wound/Nomal/Male_Normal-1659.jpg,0,train,dataset_stage1/no_wound
Male_Normal-1373.jpg,dataset_stage1/no_wound/Nomal/Male_Normal-1373.jpg,0,train,dataset_stage1/no_wound
Male_Normal-0885.jpg,dataset_stage1/no_wound/Nomal/Male_Normal-0885.jpg,0,train,dataset_stage1/no_wound
Male_Normal-1655.jpg,dataset_stage1/no_wound/Nomal/Male_Normal-1655.jpg,0,train,dataset_stage1/no_wound
Male_Normal-0272.jpg,dataset_stage1/no_wound/Nomal/Male_Normal-0272.jpg,0,train,dataset_stage1/no_wound
Female_normal-095.jpg,dataset_stage1/no_wound/Nomal/Female_normal-095.jpg,0,train,dataset_stage1/no_wound
Female_normal-389.jpg,dataset_stage1/no_wound/Nomal/Female_normal-389.jpg,0,train,dataset_stage1/no_wound
Male_Normal-0306.jpg,dataset_stage1/no_wound/Nomal/Male_Normal-0306.jpg,0,train,dataset_stage1/no_wound
Male_Normal-0395.jpg,dataset_stage1/no_wound/Nomal/Male_Normal-0395.jpg,0,train,dataset_stage1/no_wound
Male_Normal-1266.jpg,dataset_stage1/no_wound/Nomal/Male_Normal-1266.jpg,0,train,dataset_stage1/no_wound
Male_Normal-0557.jpg,dataset_stage1/no_wound/Nomal/Male_Normal-0557.jpg,0,train,dataset_stage1/no_wound
Male_Normal-1240.jpg,dataset_stage1/no_wound/Nomal/Male_Normal-1240.jpg,0,train,dataset_stage1/no_wound
Female_normal-226.jpg,dataset_stage1/no_wound/Nomal/Female_normal-226.jpg,0,train,dataset_stage1/no_wound
Female_normal-335.jpg,dataset_stage1/no_wound/Nomal/Female_normal-335.jpg,0,train,dataset_stage1/no_wound
Male_Normal-0079.jpg,dataset_stage1/no_wound/Nomal/Male_Normal-0079.jpg,0,train,dataset_stage1/no_wound
Male_Normal-1751.jpg,dataset_stage1/no_wound/Nomal/Male_Normal-1751.jpg,0,train,dataset_stage1/no_wound
Male_Normal-1490.jpg,dataset_stage1/no_wound/Nomal/Male_Normal-1490.jpg,0,train,dataset_stage1/no_wound
Male_Normal-1360.jpg,dataset_stage1/no_wound/Nomal/Male_Normal-1360.jpg,0,train,dataset_stage1/no_wound
38.jpg,dataset_stage1/no_wound/N/38.jpg,0,train,dataset_stage1/no_wound
Male_Normal-1652.jpg,dataset_stage1/no_wound/Nomal/Male_Normal-1652.jpg,0,train,dataset_stage1/no_wound
Male_Normal-0781.jpg,dataset_stage1/no_wound/Nomal/Male_Normal-0781.jpg,0,train,dataset_stage1/no_wound
Female_normal-222.jpg,dataset_stage1/no_wound/Nomal/Female_normal-222.jpg,0,train,dataset_stage1/no_wound
Male_Normal-1642.jpg,dataset_stage1/no_wound/Nomal/Male_Normal-1642.jpg,0,train,dataset_stage1/no_wound
Male_Normal-0975.jpg,dataset_stage1/no_wound/Nomal/Male_Normal-0975.jpg,0,train,dataset_stage1/no_wound
Male_Normal-0543.jpg,dataset_stage1/no_wound/Nomal/Male_Normal-0543.jpg,0,train,dataset_stage1/no_wound
Male_Normal-0393.jpg,dataset_stage1/no_wound/Nomal/Male_Normal-0393.jpg,0,train,dataset_stage1/no_wound
Female_normal-357.jpg,dataset_stage1/no_wound/Nomal/Female_normal-357.jpg,0,train,dataset_stage1/no_wound
Male_Normal-0990.jpg,dataset_stage1/no_wound/Nomal/Male_Normal-0990.jpg,0,train,dataset_stage1/no_wound
Male_Normal-0456.jpg,dataset_stage1/no_wound/Nomal/Male_Normal-0456.jpg,0,train,dataset_stage1/no_wound
Male_Normal-1663.jpg,dataset_stage1/no_wound/Nomal/Male_Normal-1663.jpg,0,train,dataset_stage1/no_wound
Female_normal-371.jpg,dataset_stage1/no_wound/Nomal/Female_normal-371.jpg,0,train,dataset_stage1/no_wound
Female_normal-153.jpg,dataset_stage1/no_wound/Nomal/Female_normal-153.jpg,0,train,dataset_stage1/no_wound
91.jpg,dataset_stage1/no_wound/BG/91.jpg,0,train,dataset_stage1/no_wound
Male_Normal-1114.jpg,dataset_stage1/no_wound/Nomal/Male_Normal-1114.jpg,0,train,dataset_stage1/no_wound
Male_Normal-1519.jpg,dataset_stage1/no_wound/Nomal/Male_Normal-1519.jpg,0,train,dataset_stage1/no_wound
Male_Normal-0195.jpg,dataset_stage1/no_wound/Nomal/Male_Normal-0195.jpg,0,train,dataset_stage1/no_wound
Male_Normal-1012.jpg,dataset_stage1/no_wound/Nomal/Male_Normal-1012.jpg,0,train,dataset_stage1/no_wound
Male_Normal-0310.jpg,dataset_stage1/no_wound/Nomal/Male_Normal-0310.jpg,0,train,dataset_stage1/no_wound
Male_Normal-1008.jpg,dataset_stage1/no_wound/Nomal/Male_Normal-1008.jpg,0,train,dataset_stage1/no_wound
Male_Normal-0438.jpg,dataset_stage1/no_wound/Nomal/Male_Normal-0438.jpg,0,train,dataset_stage1/no_wound
Male_Normal-0418.jpg,dataset_stage1/no_wound/Nomal/Male_Normal-0418.jpg,0,train,dataset_stage1/no_wound
Male_Normal-0447.jpg,dataset_stage1/no_wound/Nomal/Male_Normal-0447.jpg,0,train,dataset_stage1/no_wound
Female_normal-498.jpg,dataset_stage1/no_wound/Nomal/Female_normal-498.jpg,0,train,dataset_stage1/no_wound
Male_Normal-1492.jpg,dataset_stage1/no_wound/Nomal/Male_Normal-1492.jpg,0,train,dataset_stage1/no_wound
Female_normal-149.jpg,dataset_stage1/no_wound/Nomal/Female_normal-149.jpg,0,train,dataset_stage1/no_wound
Male_Normal-0530.jpg,dataset_stage1/no_wound/Nomal/Male_Normal-0530.jpg,0,train,dataset_stage1/no_wound
Male_Normal-1334.jpg,dataset_stage1/no_wound/Nomal/Male_Normal-1334.jpg,0,train,dataset_stage1/no_wound
Male_Normal-1726.jpg,dataset_stage1/no_wound/Nomal/Male_Normal-1726.jpg,0,train,dataset_stage1/no_wound
Male_Normal-1159.jpg,dataset_stage1/no_wound/Nomal/Male_Normal-1159.jpg,0,train,dataset_stage1/no_wound
Male_Normal-0162.jpg,dataset_stage1/no_wound/Nomal/Male_Normal-0162.jpg,0,train,dataset_stage1/no_wound
Male_Normal-0754.jpg,dataset_stage1/no_wound/Nomal/Male_Normal-0754.jpg,0,train,dataset_stage1/no_wound
Male_Normal-0423.jpg,dataset_stage1/no_wound/Nomal/Male_Normal-0423.jpg,0,train,dataset_stage1/no_wound
Male_Normal-1819.jpg,dataset_stage1/no_wound/Nomal/Male_Normal-1819.jpg,0,train,dataset_stage1/no_wound
Male_Normal-1803.jpg,dataset_stage1/no_wound/Nomal/Male_Normal-1803.jpg,0,train,dataset_stage1/no_wound
Male_Normal-0364.jpg,dataset_stage1/no_wound/Nomal/Male_Normal-0364.jpg,0,train,dataset_stage1/no_wound
Male_Normal-1476.jpg,dataset_stage1/no_wound/Nomal/Male_Normal-1476.jpg,0,train,dataset_stage1/no_wound
Female_normal-254.jpg,dataset_stage1/no_wound/Nomal/Female_normal-254.jpg,0,train,dataset_stage1/no_wound
Female_normal-714.jpg,dataset_stage1/no_wound/Nomal/Female_normal-714.jpg,0,train,dataset_stage1/no_wound
Male_Normal-0224.jpg,dataset_stage1/no_wound/Nomal/Male_Normal-0224.jpg,0,train,dataset_stage1/no_wound
Male_Normal-0299.jpg,dataset_stage1/no_wound/Nomal/Male_Normal-0299.jpg,0,train,dataset_stage1/no_wound
Male_Normal-1871.jpg,dataset_stage1/no_wound/Nomal/Male_Normal-1871.jpg,0,train,dataset_stage1/no_wound
42.jpg,dataset_stage1/no_wound/BG/42.jpg,0,train,dataset_stage1/no_wound
Female_normal-775.jpg,dataset_stage1/no_wound/Nomal/Female_normal-775.jpg,0,train,dataset_stage1/no_wound
Male_Normal-1823.jpg,dataset_stage1/no_wound/Nomal/Male_Normal-1823.jpg,0,train,dataset_stage1/no_wound
Male_Normal-0008.jpg,dataset_stage1/no_wound/Nomal/Male_Normal-0008.jpg,0,train,dataset_stage1/no_wound
Male_Normal-0762.jpg,dataset_stage1/no_wound/Nomal/Male_Normal-0762.jpg,0,train,dataset_stage1/no_wound
Male_Normal-0911.jpg,dataset_stage1/no_wound/Nomal/Male_Normal-0911.jpg,0,train,dataset_stage1/no_wound
Male_Normal-1109.jpg,dataset_stage1/no_wound/Nomal/Male_Normal-1109.jpg,0,train,dataset_stage1/no_wound
44.jpg,dataset_stage1/no_wound/BG/44.jpg,0,train,dataset_stage1/no_wound
Male_Normal-0743.jpg,dataset_stage1/no_wound/Nomal/Male_Normal-0743.jpg,0,train,dataset_stage1/no_wound
71.jpg,dataset_stage1/no_wound/N/71.jpg,0,train,dataset_stage1/no_wound
Male_Normal-0380.jpg,dataset_stage1/no_wound/Nomal/Male_Normal-0380.jpg,0,train,dataset_stage1/no_wound
Female_normal-538.jpg,dataset_stage1/no_wound/Nomal/Female_normal-538.jpg,0,train,dataset_stage1/no_wound
Male_Normal-1790.jpg,dataset_stage1/no_wound/Nomal/Male_Normal-1790.jpg,0,train,dataset_stage1/no_wound
Male_Normal-1683.jpg,dataset_stage1/no_wound/Nomal/Male_Normal-1683.jpg,0,train,dataset_stage1/no_wound
Male_Normal-0850.jpg,dataset_stage1/no_wound/Nomal/Male_Normal-0850.jpg,0,train,dataset_stage1/no_wound
Female_normal-435.jpg,dataset_stage1/no_wound/Nomal/Female_normal-435.jpg,0,train,dataset_stage1/no_wound
Male_Normal-1632.jpg,dataset_stage1/no_wound/Nomal/Male_Normal-1632.jpg,0,train,dataset_stage1/no_wound
Male_Normal-0871.jpg,dataset_stage1/no_wound/Nomal/Male_Normal-0871.jpg,0,train,dataset_stage1/no_wound
Male_Normal-0315.jpg,dataset_stage1/no_wound/Nomal/Male_Normal-0315.jpg,0,train,dataset_stage1/no_wound
Male_Normal-0405.jpg,dataset_stage1/no_wound/Nomal/Male_Normal-0405.jpg,0,train,dataset_stage1/no_wound
Female_normal-380.jpg,dataset_stage1/no_wound/Nomal/Female_normal-380.jpg,0,train,dataset_stage1/no_wound
Female_normal-129.jpg,dataset_stage1/no_wound/Nomal/Female_normal-129.jpg,0,train,dataset_stage1/no_wound
Male_Normal-0608.jpg,dataset_stage1/no_wound/Nomal/Male_Normal-0608.jpg,0,train,dataset_stage1/no_wound
Female_normal-693.jpg,dataset_stage1/no_wound/Nomal/Female_normal-693.jpg,0,train,dataset_stage1/no_wound
Male_Normal-0805.jpg,dataset_stage1/no_wound/Nomal/Male_Normal-0805.jpg,0,train,dataset_stage1/no_wound
Female_normal-581.jpg,dataset_stage1/no_wound/Nomal/Female_normal-581.jpg,0,train,dataset_stage1/no_wound
62.jpg,dataset_stage1/no_wound/N/62.jpg,0,train,dataset_stage1/no_wound
Male_Normal-1461.jpg,dataset_stage1/no_wound/Nomal/Male_Normal-1461.jpg,0,train,dataset_stage1/no_wound
Male_Normal-0619.jpg,dataset_stage1/no_wound/Nomal/Male_Normal-0619.jpg,0,train,dataset_stage1/no_wound
Male_Normal-1312.jpg,dataset_stage1/no_wound/Nomal/Male_Normal-1312.jpg,0,train,dataset_stage1/no_wound
64.jpg,dataset_stage1/no_wound/BG/64.jpg,0,train,dataset_stage1/no_wound
Female_normal-650.jpg,dataset_stage1/no_wound/Nomal/Female_normal-650.jpg,0,train,dataset_stage1/no_wound
Male_Normal-1121.jpg,dataset_stage1/no_wound/Nomal/Male_Normal-1121.jpg,0,train,dataset_stage1/no_wound
Male_Normal-1874.jpg,dataset_stage1/no_wound/Nomal/Male_Normal-1874.jpg,0,train,dataset_stage1/no_wound
Male_Normal-0068.jpg,dataset_stage1/no_wound/Nomal/Male_Normal-0068.jpg,0,train,dataset_stage1/no_wound
Male_Normal-1482.jpg,dataset_stage1/no_wound/Nomal/Male_Normal-1482.jpg,0,train,dataset_stage1/no_wound
Male_Normal-0887.jpg,dataset_stage1/no_wound/Nomal/Male_Normal-0887.jpg,0,train,dataset_stage1/no_wound
Male_Normal-0605.jpg,dataset_stage1/no_wound/Nomal/Male_Normal-0605.jpg,0,train,dataset_stage1/no_wound
Male_Normal-0095.jpg,dataset_stage1/no_wound/Nomal/Male_Normal-0095.jpg,0,train,dataset_stage1/no_wound
57.jpg,dataset_stage1/no_wound/BG/57.jpg,0,train,dataset_stage1/no_wound
Female_normal-059.jpg,dataset_stage1/no_wound/Nomal/Female_normal-059.jpg,0,train,dataset_stage1/no_wound
Female_normal-306.jpg,dataset_stage1/no_wound/Nomal/Female_normal-306.jpg,0,train,dataset_stage1/no_wound
Female_normal-553.jpg,dataset_stage1/no_wound/Nomal/Female_normal-553.jpg,0,train,dataset_stage1/no_wound
Male_Normal-0927.jpg,dataset_stage1/no_wound/Nomal/Male_Normal-0927.jpg,0,train,dataset_stage1/no_wound
Male_Normal-0988.jpg,dataset_stage1/no_wound/Nomal/Male_Normal-0988.jpg,0,train,dataset_stage1/no_wound
Male_Normal-0943.jpg,dataset_stage1/no_wound/Nomal/Male_Normal-0943.jpg,0,train,dataset_stage1/no_wound
Male_Normal-0487.jpg,dataset_stage1/no_wound/Nomal/Male_Normal-0487.jpg,0,train,dataset_stage1/no_wound
Male_Normal-1979.jpg,dataset_stage1/no_wound/Nomal/Male_Normal-1979.jpg,0,train,dataset_stage1/no_wound
Male_Normal-1261.jpg,dataset_stage1/no_wound/Nomal/Male_Normal-1261.jpg,0,train,dataset_stage1/no_wound
Male_Normal-0414.jpg,dataset_stage1/no_wound/Nomal/Male_Normal-0414.jpg,0,train,dataset_stage1/no_wound
Male_Normal-0291.jpg,dataset_stage1/no_wound/Nomal/Male_Normal-0291.jpg,0,train,dataset_stage1/no_wound
Male_Normal-1672.jpg,dataset_stage1/no_wound/Nomal/Male_Normal-1672.jpg,0,train,dataset_stage1/no_wound
Male_Normal-1707.jpg,dataset_stage1/no_wound/Nomal/Male_Normal-1707.jpg,0,train,dataset_stage1/no_wound
Female_normal-572.jpg,dataset_stage1/no_wound/Nomal/Female_normal-572.jpg,0,train,dataset_stage1/no_wound
Male_Normal-1785.jpg,dataset_stage1/no_wound/Nomal/Male_Normal-1785.jpg,0,train,dataset_stage1/no_wound
Male_Normal-1056.jpg,dataset_stage1/no_wound/Nomal/Male_Normal-1056.jpg,0,train,dataset_stage1/no_wound
Male_Normal-1669.jpg,dataset_stage1/no_wound/Nomal/Male_Normal-1669.jpg,0,train,dataset_stage1/no_wound
Male_Normal-0110.jpg,dataset_stage1/no_wound/Nomal/Male_Normal-0110.jpg,0,train,dataset_stage1/no_wound
Male_Normal-0681.jpg,dataset_stage1/no_wound/Nomal/Male_Normal-0681.jpg,0,train,dataset_stage1/no_wound
Male_Normal-0502.jpg,dataset_stage1/no_wound/Nomal/Male_Normal-0502.jpg,0,train,dataset_stage1/no_wound
Male_Normal-0350.jpg,dataset_stage1/no_wound/Nomal/Male_Normal-0350.jpg,0,train,dataset_stage1/no_wound
Male_Normal-1111.jpg,dataset_stage1/no_wound/Nomal/Male_Normal-1111.jpg,0,train,dataset_stage1/no_wound
Male_Normal-1917.jpg,dataset_stage1/no_wound/Nomal/Male_Normal-1917.jpg,0,train,dataset_stage1/no_wound
Male_Normal-0676.jpg,dataset_stage1/no_wound/Nomal/Male_Normal-0676.jpg,0,train,dataset_stage1/no_wound
Male_Normal-0612.jpg,dataset_stage1/no_wound/Nomal/Male_Normal-0612.jpg,0,train,dataset_stage1/no_wound
Male_Normal-0834.jpg,dataset_stage1/no_wound/Nomal/Male_Normal-0834.jpg,0,train,dataset_stage1/no_wound
Male_Normal-0643.jpg,dataset_stage1/no_wound/Nomal/Male_Normal-0643.jpg,0,train,dataset_stage1/no_wound
Male_Normal-1869.jpg,dataset_stage1/no_wound/Nomal/Male_Normal-1869.jpg,0,train,dataset_stage1/no_wound
Male_Normal-1477.jpg,dataset_stage1/no_wound/Nomal/Male_Normal-1477.jpg,0,train,dataset_stage1/no_wound
Male_Normal-0188.jpg,dataset_stage1/no_wound/Nomal/Male_Normal-0188.jpg,0,train,dataset_stage1/no_wound
Female_normal-764.jpg,dataset_stage1/no_wound/Nomal/Female_normal-764.jpg,0,train,dataset_stage1/no_wound
Male_Normal-1884.jpg,dataset_stage1/no_wound/Nomal/Male_Normal-1884.jpg,0,train,dataset_stage1/no_wound
Male_Normal-0627.jpg,dataset_stage1/no_wound/Nomal/Male_Normal-0627.jpg,0,train,dataset_stage1/no_wound
Female_normal-199.jpg,dataset_stage1/no_wound/Nomal/Female_normal-199.jpg,0,train,dataset_stage1/no_wound
Female_normal-385.jpg,dataset_stage1/no_wound/Nomal/Female_normal-385.jpg,0,train,dataset_stage1/no_wound
Female_normal-749.jpg,dataset_stage1/no_wound/Nomal/Female_normal-749.jpg,0,train,dataset_stage1/no_wound
Female_normal-505.jpg,dataset_stage1/no_wound/Nomal/Female_normal-505.jpg,0,train,dataset_stage1/no_wound
Female_normal-232.jpg,dataset_stage1/no_wound/Nomal/Female_normal-232.jpg,0,train,dataset_stage1/no_wound
Female_normal-093.jpg,dataset_stage1/no_wound/Nomal/Female_normal-093.jpg,0,train,dataset_stage1/no_wound
5.jpg,dataset_stage1/no_wound/N/5.jpg,0,train,dataset_stage1/no_wound
Male_Normal-1062.jpg,dataset_stage1/no_wound/Nomal/Male_Normal-1062.jpg,0,train,dataset_stage1/no_wound
Male_Normal-1192.jpg,dataset_stage1/no_wound/Nomal/Male_Normal-1192.jpg,0,train,dataset_stage1/no_wound
Male_Normal-0190.jpg,dataset_stage1/no_wound/Nomal/Male_Normal-0190.jpg,0,train,dataset_stage1/no_wound
Male_Normal-0477.jpg,dataset_stage1/no_wound/Nomal/Male_Normal-0477.jpg,0,train,dataset_stage1/no_wound
100.jpg,dataset_stage1/no_wound/BG/100.jpg,0,train,dataset_stage1/no_wound
Female_normal-377.jpg,dataset_stage1/no_wound/Nomal/Female_normal-377.jpg,0,train,dataset_stage1/no_wound
Male_Normal-1288.jpg,dataset_stage1/no_wound/Nomal/Male_Normal-1288.jpg,0,train,dataset_stage1/no_wound
Female_normal-140.jpg,dataset_stage1/no_wound/Nomal/Female_normal-140.jpg,0,train,dataset_stage1/no_wound
Male_Normal-0739.jpg,dataset_stage1/no_wound/Nomal/Male_Normal-0739.jpg,0,train,dataset_stage1/no_wound
Male_Normal-1523.jpg,dataset_stage1/no_wound/Nomal/Male_Normal-1523.jpg,0,train,dataset_stage1/no_wound
Female_normal-726.jpg,dataset_stage1/no_wound/Nomal/Female_normal-726.jpg,0,train,dataset_stage1/no_wound
Female_normal-066.jpg,dataset_stage1/no_wound/Nomal/Female_normal-066.jpg,0,train,dataset_stage1/no_wound
Female_normal-177.jpg,dataset_stage1/no_wound/Nomal/Female_normal-177.jpg,0,train,dataset_stage1/no_wound
Male_Normal-0818.jpg,dataset_stage1/no_wound/Nomal/Male_Normal-0818.jpg,0,train,dataset_stage1/no_wound
Male_Normal-0488.jpg,dataset_stage1/no_wound/Nomal/Male_Normal-0488.jpg,0,train,dataset_stage1/no_wound
Female_normal-072.jpg,dataset_stage1/no_wound/Nomal/Female_normal-072.jpg,0,train,dataset_stage1/no_wound
Female_normal-497.jpg,dataset_stage1/no_wound/Nomal/Female_normal-497.jpg,0,train,dataset_stage1/no_wound
Male_Normal-1955.jpg,dataset_stage1/no_wound/Nomal/Male_Normal-1955.jpg,0,train,dataset_stage1/no_wound
Female_normal-045.jpg,dataset_stage1/no_wound/Nomal/Female_normal-045.jpg,0,train,dataset_stage1/no_wound
Male_Normal-1796.jpg,dataset_stage1/no_wound/Nomal/Male_Normal-1796.jpg,0,train,dataset_stage1/no_wound
Female_normal-277.jpg,dataset_stage1/no_wound/Nomal/Female_normal-277.jpg,0,train,dataset_stage1/no_wound
Male_Normal-0814.jpg,dataset_stage1/no_wound/Nomal/Male_Normal-0814.jpg,0,train,dataset_stage1/no_wound
Male_Normal-0684.jpg,dataset_stage1/no_wound/Nomal/Male_Normal-0684.jpg,0,train,dataset_stage1/no_wound
Male_Normal-0804.jpg,dataset_stage1/no_wound/Nomal/Male_Normal-0804.jpg,0,train,dataset_stage1/no_wound
Male_Normal-0640.jpg,dataset_stage1/no_wound/Nomal/Male_Normal-0640.jpg,0,train,dataset_stage1/no_wound
Male_Normal-1767.jpg,dataset_stage1/no_wound/Nomal/Male_Normal-1767.jpg,0,train,dataset_stage1/no_wound
Male_Normal-1935.jpg,dataset_stage1/no_wound/Nomal/Male_Normal-1935.jpg,0,train,dataset_stage1/no_wound
Male_Normal-0875.jpg,dataset_stage1/no_wound/Nomal/Male_Normal-0875.jpg,0,train,dataset_stage1/no_wound
Male_Normal-1671.jpg,dataset_stage1/no_wound/Nomal/Male_Normal-1671.jpg,0,train,dataset_stage1/no_wound
Female_normal-051.jpg,dataset_stage1/no_wound/Nomal/Female_normal-051.jpg,0,train,dataset_stage1/no_wound
Female_normal-214.jpg,dataset_stage1/no_wound/Nomal/Female_normal-214.jpg,0,train,dataset_stage1/no_wound
Female_normal-346.jpg,dataset_stage1/no_wound/Nomal/Female_normal-346.jpg,0,train,dataset_stage1/no_wound
Male_Normal-0218.jpg,dataset_stage1/no_wound/Nomal/Male_Normal-0218.jpg,0,train,dataset_stage1/no_wound
Female_normal-539.jpg,dataset_stage1/no_wound/Nomal/Female_normal-539.jpg,0,train,dataset_stage1/no_wound
Female_normal-111.jpg,dataset_stage1/no_wound/Nomal/Female_normal-111.jpg,0,train,dataset_stage1/no_wound
Male_Normal-0651.jpg,dataset_stage1/no_wound/Nomal/Male_Normal-0651.jpg,0,train,dataset_stage1/no_wound
Female_normal-694.jpg,dataset_stage1/no_wound/Nomal/Female_normal-694.jpg,0,train,dataset_stage1/no_wound
Male_Normal-0156.jpg,dataset_stage1/no_wound/Nomal/Male_Normal-0156.jpg,0,train,dataset_stage1/no_wound
Male_Normal-0474.jpg,dataset_stage1/no_wound/Nomal/Male_Normal-0474.jpg,0,train,dataset_stage1/no_wound
Male_Normal-1889.jpg,dataset_stage1/no_wound/Nomal/Male_Normal-1889.jpg,0,train,dataset_stage1/no_wound
22.jpg,dataset_stage1/no_wound/BG/22.jpg,0,train,dataset_stage1/no_wound
Male_Normal-0901.jpg,dataset_stage1/no_wound/Nomal/Male_Normal-0901.jpg,0,train,dataset_stage1/no_wound
Female_normal-522.jpg,dataset_stage1/no_wound/Nomal/Female_normal-522.jpg,0,train,dataset_stage1/no_wound
Male_Normal-0445.jpg,dataset_stage1/no_wound/Nomal/Male_Normal-0445.jpg,0,train,dataset_stage1/no_wound
Male_Normal-1618.jpg,dataset_stage1/no_wound/Nomal/Male_Normal-1618.jpg,0,train,dataset_stage1/no_wound
Male_Normal-0006.jpg,dataset_stage1/no_wound/Nomal/Male_Normal-0006.jpg,0,train,dataset_stage1/no_wound
Male_Normal-0828.jpg,dataset_stage1/no_wound/Nomal/Male_Normal-0828.jpg,0,train,dataset_stage1/no_wound
Male_Normal-1589.jpg,dataset_stage1/no_wound/Nomal/Male_Normal-1589.jpg,0,train,dataset_stage1/no_wound
Male_Normal-1409.jpg,dataset_stage1/no_wound/Nomal/Male_Normal-1409.jpg,0,train,dataset_stage1/no_wound
Female_normal-164.jpg,dataset_stage1/no_wound/Nomal/Female_normal-164.jpg,0,train,dataset_stage1/no_wound
Male_Normal-1686.jpg,dataset_stage1/no_wound/Nomal/Male_Normal-1686.jpg,0,train,dataset_stage1/no_wound
83.jpg,dataset_stage1/no_wound/N/83.jpg,0,train,dataset_stage1/no_wound
Male_Normal-0010.jpg,dataset_stage1/no_wound/Nomal/Male_Normal-0010.jpg,0,train,dataset_stage1/no_wound
Male_Normal-0938.jpg,dataset_stage1/no_wound/Nomal/Male_Normal-0938.jpg,0,train,dataset_stage1/no_wound
Male_Normal-0219.jpg,dataset_stage1/no_wound/Nomal/Male_Normal-0219.jpg,0,train,dataset_stage1/no_wound
Male_Normal-0728.jpg,dataset_stage1/no_wound/Nomal/Male_Normal-0728.jpg,0,train,dataset_stage1/no_wound
Male_Normal-0639.jpg,dataset_stage1/no_wound/Nomal/Male_Normal-0639.jpg,0,train,dataset_stage1/no_wound
Male_Normal-0146.jpg,dataset_stage1/no_wound/Nomal/Male_Normal-0146.jpg,0,train,dataset_stage1/no_wound
88.jpg,dataset_stage1/no_wound/N/88.jpg,0,train,dataset_stage1/no_wound
Female_normal-420.jpg,dataset_stage1/no_wound/Nomal/Female_normal-420.jpg,0,train,dataset_stage1/no_wound
Male_Normal-0579.jpg,dataset_stage1/no_wound/Nomal/Male_Normal-0579.jpg,0,train,dataset_stage1/no_wound
Male_Normal-0200.jpg,dataset_stage1/no_wound/Nomal/Male_Normal-0200.jpg,0,train,dataset_stage1/no_wound
Male_Normal-1029.jpg,dataset_stage1/no_wound/Nomal/Male_Normal-1029.jpg,0,train,dataset_stage1/no_wound
Male_Normal-1188.jpg,dataset_stage1/no_wound/Nomal/Male_Normal-1188.jpg,0,train,dataset_stage1/no_wound
Female_normal-415.jpg,dataset_stage1/no_wound/Nomal/Female_normal-415.jpg,0,train,dataset_stage1/no_wound
Male_Normal-0538.jpg,dataset_stage1/no_wound/Nomal/Male_Normal-0538.jpg,0,train,dataset_stage1/no_wound
Male_Normal-0491.jpg,dataset_stage1/no_wound/Nomal/Male_Normal-0491.jpg,0,train,dataset_stage1/no_wound
Female_normal-202.jpg,dataset_stage1/no_wound/Nomal/Female_normal-202.jpg,0,train,dataset_stage1/no_wound
Male_Normal-0019.jpg,dataset_stage1/no_wound/Nomal/Male_Normal-0019.jpg,0,train,dataset_stage1/no_wound
Female_normal-735.jpg,dataset_stage1/no_wound/Nomal/Female_normal-735.jpg,0,train,dataset_stage1/no_wound
Female_normal-172.jpg,dataset_stage1/no_wound/Nomal/Female_normal-172.jpg,0,train,dataset_stage1/no_wound
Male_Normal-0874.jpg,dataset_stage1/no_wound/Nomal/Male_Normal-0874.jpg,0,train,dataset_stage1/no_wound
Male_Normal-1156.jpg,dataset_stage1/no_wound/Nomal/Male_Normal-1156.jpg,0,train,dataset_stage1/no_wound
Female_normal-394.jpg,dataset_stage1/no_wound/Nomal/Female_normal-394.jpg,0,train,dataset_stage1/no_wound
Male_Normal-1344.jpg,dataset_stage1/no_wound/Nomal/Male_Normal-1344.jpg,0,train,dataset_stage1/no_wound
Female_normal-527.jpg,dataset_stage1/no_wound/Nomal/Female_normal-527.jpg,0,train,dataset_stage1/no_wound
Female_normal-627.jpg,dataset_stage1/no_wound/Nomal/Female_normal-627.jpg,0,train,dataset_stage1/no_wound
Male_Normal-0638.jpg,dataset_stage1/no_wound/Nomal/Male_Normal-0638.jpg,0,train,dataset_stage1/no_wound
Female_normal-488.jpg,dataset_stage1/no_wound/Nomal/Female_normal-488.jpg,0,train,dataset_stage1/no_wound
Male_Normal-1203.jpg,dataset_stage1/no_wound/Nomal/Male_Normal-1203.jpg,0,train,dataset_stage1/no_wound
41.jpg,dataset_stage1/no_wound/N/41.jpg,0,train,dataset_stage1/no_wound
Male_Normal-1437.jpg,dataset_stage1/no_wound/Nomal/Male_Normal-1437.jpg,0,train,dataset_stage1/no_wound
Female_normal-429.jpg,dataset_stage1/no_wound/Nomal/Female_normal-429.jpg,0,train,dataset_stage1/no_wound
Female_normal-135.jpg,dataset_stage1/no_wound/Nomal/Female_normal-135.jpg,0,train,dataset_stage1/no_wound
Male_Normal-1120.jpg,dataset_stage1/no_wound/Nomal/Male_Normal-1120.jpg,0,train,dataset_stage1/no_wound
Male_Normal-1297.jpg,dataset_stage1/no_wound/Nomal/Male_Normal-1297.jpg,0,train,dataset_stage1/no_wound
Male_Normal-0134.jpg,dataset_stage1/no_wound/Nomal/Male_Normal-0134.jpg,0,train,dataset_stage1/no_wound
Male_Normal-1116.jpg,dataset_stage1/no_wound/Nomal/Male_Normal-1116.jpg,0,train,dataset_stage1/no_wound
Male_Normal-1682.jpg,dataset_stage1/no_wound/Nomal/Male_Normal-1682.jpg,0,train,dataset_stage1/no_wound
Female_normal-511.jpg,dataset_stage1/no_wound/Nomal/Female_normal-511.jpg,0,train,dataset_stage1/no_wound
Male_Normal-0064.jpg,dataset_stage1/no_wound/Nomal/Male_Normal-0064.jpg,0,train,dataset_stage1/no_wound
Male_Normal-0837.jpg,dataset_stage1/no_wound/Nomal/Male_Normal-0837.jpg,0,train,dataset_stage1/no_wound
Male_Normal-1525.jpg,dataset_stage1/no_wound/Nomal/Male_Normal-1525.jpg,0,train,dataset_stage1/no_wound
Male_Normal-1017.jpg,dataset_stage1/no_wound/Nomal/Male_Normal-1017.jpg,0,train,dataset_stage1/no_wound
Male_Normal-0586.jpg,dataset_stage1/no_wound/Nomal/Male_Normal-0586.jpg,0,train,dataset_stage1/no_wound
Male_Normal-1741.jpg,dataset_stage1/no_wound/Nomal/Male_Normal-1741.jpg,0,train,dataset_stage1/no_wound
Male_Normal-1506.jpg,dataset_stage1/no_wound/Nomal/Male_Normal-1506.jpg,0,train,dataset_stage1/no_wound
Male_Normal-0137.jpg,dataset_stage1/no_wound/Nomal/Male_Normal-0137.jpg,0,train,dataset_stage1/no_wound
Female_normal-266.jpg,dataset_stage1/no_wound/Nomal/Female_normal-266.jpg,0,train,dataset_stage1/no_wound
Male_Normal-0585.jpg,dataset_stage1/no_wound/Nomal/Male_Normal-0585.jpg,0,train,dataset_stage1/no_wound
Male_Normal-0248.jpg,dataset_stage1/no_wound/Nomal/Male_Normal-0248.jpg,0,train,dataset_stage1/no_wound
Male_Normal-0903.jpg,dataset_stage1/no_wound/Nomal/Male_Normal-0903.jpg,0,train,dataset_stage1/no_wound
Male_Normal-1948.jpg,dataset_stage1/no_wound/Nomal/Male_Normal-1948.jpg,0,train,dataset_stage1/no_wound
Male_Normal-1588.jpg,dataset_stage1/no_wound/Nomal/Male_Normal-1588.jpg,0,train,dataset_stage1/no_wound
Male_Normal-0533.jpg,dataset_stage1/no_wound/Nomal/Male_Normal-0533.jpg,0,train,dataset_stage1/no_wound
Male_Normal-0129.jpg,dataset_stage1/no_wound/Nomal/Male_Normal-0129.jpg,0,train,dataset_stage1/no_wound
Male_Normal-0937.jpg,dataset_stage1/no_wound/Nomal/Male_Normal-0937.jpg,0,train,dataset_stage1/no_wound
Female_normal-139.jpg,dataset_stage1/no_wound/Nomal/Female_normal-139.jpg,0,train,dataset_stage1/no_wound
Male_Normal-1318.jpg,dataset_stage1/no_wound/Nomal/Male_Normal-1318.jpg,0,train,dataset_stage1/no_wound
Male_Normal-0869.jpg,dataset_stage1/no_wound/Nomal/Male_Normal-0869.jpg,0,train,dataset_stage1/no_wound
Male_Normal-1500.jpg,dataset_stage1/no_wound/Nomal/Male_Normal-1500.jpg,0,train,dataset_stage1/no_wound
Male_Normal-1787.jpg,dataset_stage1/no_wound/Nomal/Male_Normal-1787.jpg,0,train,dataset_stage1/no_wound
Male_Normal-0617.jpg,dataset_stage1/no_wound/Nomal/Male_Normal-0617.jpg,0,train,dataset_stage1/no_wound
Male_Normal-0792.jpg,dataset_stage1/no_wound/Nomal/Male_Normal-0792.jpg,0,train,dataset_stage1/no_wound
Male_Normal-0646.jpg,dataset_stage1/no_wound/Nomal/Male_Normal-0646.jpg,0,train,dataset_stage1/no_wound
Male_Normal-1508.jpg,dataset_stage1/no_wound/Nomal/Male_Normal-1508.jpg,0,train,dataset_stage1/no_wound
Female_normal-617.jpg,dataset_stage1/no_wound/Nomal/Female_normal-617.jpg,0,train,dataset_stage1/no_wound
Male_Normal-0092.jpg,dataset_stage1/no_wound/Nomal/Male_Normal-0092.jpg,0,train,dataset_stage1/no_wound
Female_normal-075.jpg,dataset_stage1/no_wound/Nomal/Female_normal-075.jpg,0,train,dataset_stage1/no_wound
Male_Normal-1524.jpg,dataset_stage1/no_wound/Nomal/Male_Normal-1524.jpg,0,train,dataset_stage1/no_wound
Female_normal-666.jpg,dataset_stage1/no_wound/Nomal/Female_normal-666.jpg,0,train,dataset_stage1/no_wound
10.jpg,dataset_stage1/no_wound/N/10.jpg,0,train,dataset_stage1/no_wound
Male_Normal-0526.jpg,dataset_stage1/no_wound/Nomal/Male_Normal-0526.jpg,0,train,dataset_stage1/no_wound
Male_Normal-1140.jpg,dataset_stage1/no_wound/Nomal/Male_Normal-1140.jpg,0,train,dataset_stage1/no_wound
73.jpg,dataset_stage1/no_wound/N/73.jpg,0,train,dataset_stage1/no_wound
15.jpg,dataset_stage1/no_wound/N/15.jpg,0,train,dataset_stage1/no_wound
Male_Normal-1384.jpg,dataset_stage1/no_wound/Nomal/Male_Normal-1384.jpg,0,train,dataset_stage1/no_wound
Male_Normal-0546.jpg,dataset_stage1/no_wound/Nomal/Male_Normal-0546.jpg,0,train,dataset_stage1/no_wound
Male_Normal-1969.jpg,dataset_stage1/no_wound/Nomal/Male_Normal-1969.jpg,0,train,dataset_stage1/no_wound
Male_Normal-1069.jpg,dataset_stage1/no_wound/Nomal/Male_Normal-1069.jpg,0,train,dataset_stage1/no_wound
Male_Normal-0905.jpg,dataset_stage1/no_wound/Nomal/Male_Normal-0905.jpg,0,train,dataset_stage1/no_wound
Male_Normal-1875.jpg,dataset_stage1/no_wound/Nomal/Male_Normal-1875.jpg,0,train,dataset_stage1/no_wound
Male_Normal-1243.jpg,dataset_stage1/no_wound/Nomal/Male_Normal-1243.jpg,0,train,dataset_stage1/no_wound
Male_Normal-1238.jpg,dataset_stage1/no_wound/Nomal/Male_Normal-1238.jpg,0,train,dataset_stage1/no_wound
Male_Normal-1328.jpg,dataset_stage1/no_wound/Nomal/Male_Normal-1328.jpg,0,train,dataset_stage1/no_wound
Male_Normal-1575.jpg,dataset_stage1/no_wound/Nomal/Male_Normal-1575.jpg,0,train,dataset_stage1/no_wound
Female_normal-096.jpg,dataset_stage1/no_wound/Nomal/Female_normal-096.jpg,0,train,dataset_stage1/no_wound
Female_normal-513.jpg,dataset_stage1/no_wound/Nomal/Female_normal-513.jpg,0,train,dataset_stage1/no_wound
74.jpg,dataset_stage1/no_wound/BG/74.jpg,0,train,dataset_stage1/no_wound
Male_Normal-0902.jpg,dataset_stage1/no_wound/Nomal/Male_Normal-0902.jpg,0,train,dataset_stage1/no_wound
Male_Normal-1257.jpg,dataset_stage1/no_wound/Nomal/Male_Normal-1257.jpg,0,train,dataset_stage1/no_wound
Male_Normal-1546.jpg,dataset_stage1/no_wound/Nomal/Male_Normal-1546.jpg,0,train,dataset_stage1/no_wound
Male_Normal-1867.jpg,dataset_stage1/no_wound/Nomal/Male_Normal-1867.jpg,0,train,dataset_stage1/no_wound
Female_normal-282.jpg,dataset_stage1/no_wound/Nomal/Female_normal-282.jpg,0,train,dataset_stage1/no_wound
Male_Normal-1206.jpg,dataset_stage1/no_wound/Nomal/Male_Normal-1206.jpg,0,train,dataset_stage1/no_wound
Male_Normal-0555.jpg,dataset_stage1/no_wound/Nomal/Male_Normal-0555.jpg,0,train,dataset_stage1/no_wound
Male_Normal-0985.jpg,dataset_stage1/no_wound/Nomal/Male_Normal-0985.jpg,0,train,dataset_stage1/no_wound
Male_Normal-0539.jpg,dataset_stage1/no_wound/Nomal/Male_Normal-0539.jpg,0,train,dataset_stage1/no_wound
Male_Normal-1942.jpg,dataset_stage1/no_wound/Nomal/Male_Normal-1942.jpg,0,train,dataset_stage1/no_wound
Male_Normal-0515.jpg,dataset_stage1/no_wound/Nomal/Male_Normal-0515.jpg,0,train,dataset_stage1/no_wound
Male_Normal-0196.jpg,dataset_stage1/no_wound/Nomal/Male_Normal-0196.jpg,0,train,dataset_stage1/no_wound
Male_Normal-1439.jpg,dataset_stage1/no_wound/Nomal/Male_Normal-1439.jpg,0,train,dataset_stage1/no_wound
Male_Normal-1634.jpg,dataset_stage1/no_wound/Nomal/Male_Normal-1634.jpg,0,train,dataset_stage1/no_wound
Male_Normal-1055.jpg,dataset_stage1/no_wound/Nomal/Male_Normal-1055.jpg,0,train,dataset_stage1/no_wound
Male_Normal-1204.jpg,dataset_stage1/no_wound/Nomal/Male_Normal-1204.jpg,0,train,dataset_stage1/no_wound
Male_Normal-1003.jpg,dataset_stage1/no_wound/Nomal/Male_Normal-1003.jpg,0,train,dataset_stage1/no_wound
Female_normal-206.jpg,dataset_stage1/no_wound/Nomal/Female_normal-206.jpg,0,train,dataset_stage1/no_wound
Female_normal-558.jpg,dataset_stage1/no_wound/Nomal/Female_normal-558.jpg,0,train,dataset_stage1/no_wound
Male_Normal-1737.jpg,dataset_stage1/no_wound/Nomal/Male_Normal-1737.jpg,0,train,dataset_stage1/no_wound
Male_Normal-1852.jpg,dataset_stage1/no_wound/Nomal/Male_Normal-1852.jpg,0,train,dataset_stage1/no_wound
Male_Normal-0832.jpg,dataset_stage1/no_wound/Nomal/Male_Normal-0832.jpg,0,train,dataset_stage1/no_wound
97.jpg,dataset_stage1/no_wound/BG/97.jpg,0,train,dataset_stage1/no_wound
Male_Normal-0358.jpg,dataset_stage1/no_wound/Nomal/Male_Normal-0358.jpg,0,train,dataset_stage1/no_wound
Male_Normal-1594.jpg,dataset_stage1/no_wound/Nomal/Male_Normal-1594.jpg,0,train,dataset_stage1/no_wound
Female_normal-544.jpg,dataset_stage1/no_wound/Nomal/Female_normal-544.jpg,0,train,dataset_stage1/no_wound
Female_normal-607.jpg,dataset_stage1/no_wound/Nomal/Female_normal-607.jpg,0,train,dataset_stage1/no_wound
Male_Normal-1753.jpg,dataset_stage1/no_wound/Nomal/Male_Normal-1753.jpg,0,train,dataset_stage1/no_wound
Male_Normal-1337.jpg,dataset_stage1/no_wound/Nomal/Male_Normal-1337.jpg,0,train,dataset_stage1/no_wound
Male_Normal-1485.jpg,dataset_stage1/no_wound/Nomal/Male_Normal-1485.jpg,0,train,dataset_stage1/no_wound
Male_Normal-0560.jpg,dataset_stage1/no_wound/Nomal/Male_Normal-0560.jpg,0,train,dataset_stage1/no_wound
Male_Normal-1189.jpg,dataset_stage1/no_wound/Nomal/Male_Normal-1189.jpg,0,train,dataset_stage1/no_wound
Male_Normal-1030.jpg,dataset_stage1/no_wound/Nomal/Male_Normal-1030.jpg,0,train,dataset_stage1/no_wound
52.jpg,dataset_stage1/no_wound/N/52.jpg,0,train,dataset_stage1/no_wound
Male_Normal-0731.jpg,dataset_stage1/no_wound/Nomal/Male_Normal-0731.jpg,0,train,dataset_stage1/no_wound
Male_Normal-1840.jpg,dataset_stage1/no_wound/Nomal/Male_Normal-1840.jpg,0,train,dataset_stage1/no_wound
Male_Normal-0855.jpg,dataset_stage1/no_wound/Nomal/Male_Normal-0855.jpg,0,train,dataset_stage1/no_wound
Male_Normal-1601.jpg,dataset_stage1/no_wound/Nomal/Male_Normal-1601.jpg,0,train,dataset_stage1/no_wound
Female_normal-493.jpg,dataset_stage1/no_wound/Nomal/Female_normal-493.jpg,0,train,dataset_stage1/no_wound
Female_normal-619.jpg,dataset_stage1/no_wound/Nomal/Female_normal-619.jpg,0,train,dataset_stage1/no_wound
Male_Normal-0411.jpg,dataset_stage1/no_wound/Nomal/Male_Normal-0411.jpg,0,train,dataset_stage1/no_wound
Male_Normal-1269.jpg,dataset_stage1/no_wound/Nomal/Male_Normal-1269.jpg,0,train,dataset_stage1/no_wound
Male_Normal-1013.jpg,dataset_stage1/no_wound/Nomal/Male_Normal-1013.jpg,0,train,dataset_stage1/no_wound
Male_Normal-0624.jpg,dataset_stage1/no_wound/Nomal/Male_Normal-0624.jpg,0,train,dataset_stage1/no_wound
Male_Normal-1960.jpg,dataset_stage1/no_wound/Nomal/Male_Normal-1960.jpg,0,train,dataset_stage1/no_wound
Male_Normal-1444.jpg,dataset_stage1/no_wound/Nomal/Male_Normal-1444.jpg,0,train,dataset_stage1/no_wound
Female_normal-502.jpg,dataset_stage1/no_wound/Nomal/Female_normal-502.jpg,0,train,dataset_stage1/no_wound
Male_Normal-1947.jpg,dataset_stage1/no_wound/Nomal/Male_Normal-1947.jpg,0,train,dataset_stage1/no_wound
Male_Normal-1640.jpg,dataset_stage1/no_wound/Nomal/Male_Normal-1640.jpg,0,train,dataset_stage1/no_wound
Female_normal-722.jpg,dataset_stage1/no_wound/Nomal/Female_normal-722.jpg,0,train,dataset_stage1/no_wound
Male_Normal-0449.jpg,dataset_stage1/no_wound/Nomal/Male_Normal-0449.jpg,0,train,dataset_stage1/no_wound
Female_normal-706.jpg,dataset_stage1/no_wound/Nomal/Female_normal-706.jpg,0,train,dataset_stage1/no_wound
Female_normal-255.jpg,dataset_stage1/no_wound/Nomal/Female_normal-255.jpg,0,train,dataset_stage1/no_wound
Male_Normal-1387.jpg,dataset_stage1/no_wound/Nomal/Male_Normal-1387.jpg,0,train,dataset_stage1/no_wound
Male_Normal-1778.jpg,dataset_stage1/no_wound/Nomal/Male_Normal-1778.jpg,0,train,dataset_stage1/no_wound
Male_Normal-1693.jpg,dataset_stage1/no_wound/Nomal/Male_Normal-1693.jpg,0,train,dataset_stage1/no_wound
7.jpg,dataset_stage1/no_wound/N/7.jpg,0,train,dataset_stage1/no_wound
Female_normal-531.jpg,dataset_stage1/no_wound/Nomal/Female_normal-531.jpg,0,train,dataset_stage1/no_wound
Male_Normal-1149.jpg,dataset_stage1/no_wound/Nomal/Male_Normal-1149.jpg,0,train,dataset_stage1/no_wound
Male_Normal-0335.jpg,dataset_stage1/no_wound/Nomal/Male_Normal-0335.jpg,0,train,dataset_stage1/no_wound
32.jpg,dataset_stage1/no_wound/BG/32.jpg,0,train,dataset_stage1/no_wound
Male_Normal-0884.jpg,dataset_stage1/no_wound/Nomal/Male_Normal-0884.jpg,0,train,dataset_stage1/no_wound
Male_Normal-0677.jpg,dataset_stage1/no_wound/Nomal/Male_Normal-0677.jpg,0,train,dataset_stage1/no_wound
Male_Normal-0647.jpg,dataset_stage1/no_wound/Nomal/Male_Normal-0647.jpg,0,train,dataset_stage1/no_wound
Female_normal-388.jpg,dataset_stage1/no_wound/Nomal/Female_normal-388.jpg,0,train,dataset_stage1/no_wound
Male_Normal-0963.jpg,dataset_stage1/no_wound/Nomal/Male_Normal-0963.jpg,0,train,dataset_stage1/no_wound
Male_Normal-0022.jpg,dataset_stage1/no_wound/Nomal/Male_Normal-0022.jpg,0,train,dataset_stage1/no_wound
Male_Normal-0201.jpg,dataset_stage1/no_wound/Nomal/Male_Normal-0201.jpg,0,train,dataset_stage1/no_wound
Male_Normal-0065.jpg,dataset_stage1/no_wound/Nomal/Male_Normal-0065.jpg,0,train,dataset_stage1/no_wound
39.jpg,dataset_stage1/no_wound/BG/39.jpg,0,train,dataset_stage1/no_wound
Male_Normal-0765.jpg,dataset_stage1/no_wound/Nomal/Male_Normal-0765.jpg,0,train,dataset_stage1/no_wound
Male_Normal-1667.jpg,dataset_stage1/no_wound/Nomal/Male_Normal-1667.jpg,0,train,dataset_stage1/no_wound
Male_Normal-0404.jpg,dataset_stage1/no_wound/Nomal/Male_Normal-0404.jpg,0,train,dataset_stage1/no_wound
46.jpg,dataset_stage1/no_wound/BG/46.jpg,0,train,dataset_stage1/no_wound
Male_Normal-1424.jpg,dataset_stage1/no_wound/Nomal/Male_Normal-1424.jpg,0,train,dataset_stage1/no_wound
Male_Normal-1179.jpg,dataset_stage1/no_wound/Nomal/Male_Normal-1179.jpg,0,train,dataset_stage1/no_wound
Male_Normal-1591.jpg,dataset_stage1/no_wound/Nomal/Male_Normal-1591.jpg,0,train,dataset_stage1/no_wound
Male_Normal-0921.jpg,dataset_stage1/no_wound/Nomal/Male_Normal-0921.jpg,0,train,dataset_stage1/no_wound
Male_Normal-0766.jpg,dataset_stage1/no_wound/Nomal/Male_Normal-0766.jpg,0,train,dataset_stage1/no_wound
Female_normal-410.jpg,dataset_stage1/no_wound/Nomal/Female_normal-410.jpg,0,train,dataset_stage1/no_wound
Male_Normal-0157.jpg,dataset_stage1/no_wound/Nomal/Male_Normal-0157.jpg,0,train,dataset_stage1/no_wound
34.jpg,dataset_stage1/no_wound/BG/34.jpg,0,train,dataset_stage1/no_wound
Female_normal-242.jpg,dataset_stage1/no_wound/Nomal/Female_normal-242.jpg,0,train,dataset_stage1/no_wound
Male_Normal-1868.jpg,dataset_stage1/no_wound/Nomal/Male_Normal-1868.jpg,0,train,dataset_stage1/no_wound
Male_Normal-1151.jpg,dataset_stage1/no_wound/Nomal/Male_Normal-1151.jpg,0,train,dataset_stage1/no_wound
Female_normal-294.jpg,dataset_stage1/no_wound/Nomal/Female_normal-294.jpg,0,train,dataset_stage1/no_wound
Male_Normal-0283.jpg,dataset_stage1/no_wound/Nomal/Male_Normal-0283.jpg,0,train,dataset_stage1/no_wound
Male_Normal-0326.jpg,dataset_stage1/no_wound/Nomal/Male_Normal-0326.jpg,0,train,dataset_stage1/no_wound
Male_Normal-1353.jpg,dataset_stage1/no_wound/Nomal/Male_Normal-1353.jpg,0,train,dataset_stage1/no_wound
Male_Normal-0407.jpg,dataset_stage1/no_wound/Nomal/Male_Normal-0407.jpg,0,train,dataset_stage1/no_wound
Male_Normal-0329.jpg,dataset_stage1/no_wound/Nomal/Male_Normal-0329.jpg,0,train,dataset_stage1/no_wound
Female_normal-037.jpg,dataset_stage1/no_wound/Nomal/Female_normal-037.jpg,0,train,dataset_stage1/no_wound
Female_normal-352.jpg,dataset_stage1/no_wound/Nomal/Female_normal-352.jpg,0,train,dataset_stage1/no_wound
Female_normal-321.jpg,dataset_stage1/no_wound/Nomal/Female_normal-321.jpg,0,train,dataset_stage1/no_wound
Male_Normal-1265.jpg,dataset_stage1/no_wound/Nomal/Male_Normal-1265.jpg,0,train,dataset_stage1/no_wound
Male_Normal-0257.jpg,dataset_stage1/no_wound/Nomal/Male_Normal-0257.jpg,0,train,dataset_stage1/no_wound
Male_Normal-0163.jpg,dataset_stage1/no_wound/Nomal/Male_Normal-0163.jpg,0,train,dataset_stage1/no_wound
Female_normal-521.jpg,dataset_stage1/no_wound/Nomal/Female_normal-521.jpg,0,train,dataset_stage1/no_wound
Female_normal-536.jpg,dataset_stage1/no_wound/Nomal/Female_normal-536.jpg,0,train,dataset_stage1/no_wound
Male_Normal-1927.jpg,dataset_stage1/no_wound/Nomal/Male_Normal-1927.jpg,0,train,dataset_stage1/no_wound
61.jpg,dataset_stage1/no_wound/BG/61.jpg,0,train,dataset_stage1/no_wound
Female_normal-432.jpg,dataset_stage1/no_wound/Nomal/Female_normal-432.jpg,0,train,dataset_stage1/no_wound
Male_Normal-0206.jpg,dataset_stage1/no_wound/Nomal/Male_Normal-0206.jpg,0,train,dataset_stage1/no_wound
Male_Normal-1191.jpg,dataset_stage1/no_wound/Nomal/Male_Normal-1191.jpg,0,train,dataset_stage1/no_wound
Female_normal-393.jpg,dataset_stage1/no_wound/Nomal/Female_normal-393.jpg,0,train,dataset_stage1/no_wound
Male_Normal-0328.jpg,dataset_stage1/no_wound/Nomal/Male_Normal-0328.jpg,0,train,dataset_stage1/no_wound
Male_Normal-0412.jpg,dataset_stage1/no_wound/Nomal/Male_Normal-0412.jpg,0,train,dataset_stage1/no_wound
Male_Normal-1600.jpg,dataset_stage1/no_wound/Nomal/Male_Normal-1600.jpg,0,train,dataset_stage1/no_wound
Male_Normal-1615.jpg,dataset_stage1/no_wound/Nomal/Male_Normal-1615.jpg,0,train,dataset_stage1/no_wound
Male_Normal-0801.jpg,dataset_stage1/no_wound/Nomal/Male_Normal-0801.jpg,0,train,dataset_stage1/no_wound
Female_normal-740.jpg,dataset_stage1/no_wound/Nomal/Female_normal-740.jpg,0,train,dataset_stage1/no_wound
Male_Normal-1771.jpg,dataset_stage1/no_wound/Nomal/Male_Normal-1771.jpg,0,train,dataset_stage1/no_wound
Male_Normal-0274.jpg,dataset_stage1/no_wound/Nomal/Male_Normal-0274.jpg,0,train,dataset_stage1/no_wound
Female_normal-705.jpg,dataset_stage1/no_wound/Nomal/Female_normal-705.jpg,0,train,dataset_stage1/no_wound
Male_Normal-0304.jpg,dataset_stage1/no_wound/Nomal/Male_Normal-0304.jpg,0,train,dataset_stage1/no_wound
Male_Normal-1390.jpg,dataset_stage1/no_wound/Nomal/Male_Normal-1390.jpg,0,train,dataset_stage1/no_wound
Male_Normal-1861.jpg,dataset_stage1/no_wound/Nomal/Male_Normal-1861.jpg,0,train,dataset_stage1/no_wound
Male_Normal-1118.jpg,dataset_stage1/no_wound/Nomal/Male_Normal-1118.jpg,0,train,dataset_stage1/no_wound
Male_Normal-1375.jpg,dataset_stage1/no_wound/Nomal/Male_Normal-1375.jpg,0,train,dataset_stage1/no_wound
Male_Normal-0989.jpg,dataset_stage1/no_wound/Nomal/Male_Normal-0989.jpg,0,train,dataset_stage1/no_wound
Male_Normal-0167.jpg,dataset_stage1/no_wound/Nomal/Male_Normal-0167.jpg,0,train,dataset_stage1/no_wound
Male_Normal-1369.jpg,dataset_stage1/no_wound/Nomal/Male_Normal-1369.jpg,0,train,dataset_stage1/no_wound
Female_normal-507.jpg,dataset_stage1/no_wound/Nomal/Female_normal-507.jpg,0,train,dataset_stage1/no_wound
Male_Normal-1626.jpg,dataset_stage1/no_wound/Nomal/Male_Normal-1626.jpg,0,train,dataset_stage1/no_wound
Male_Normal-0047.jpg,dataset_stage1/no_wound/Nomal/Male_Normal-0047.jpg,0,train,dataset_stage1/no_wound
Female_normal-546.jpg,dataset_stage1/no_wound/Nomal/Female_normal-546.jpg,0,train,dataset_stage1/no_wound
Male_Normal-0571.jpg,dataset_stage1/no_wound/Nomal/Male_Normal-0571.jpg,0,train,dataset_stage1/no_wound
Male_Normal-1345.jpg,dataset_stage1/no_wound/Nomal/Male_Normal-1345.jpg,0,train,dataset_stage1/no_wound
Male_Normal-1231.jpg,dataset_stage1/no_wound/Nomal/Male_Normal-1231.jpg,0,train,dataset_stage1/no_wound
Female_normal-314.jpg,dataset_stage1/no_wound/Nomal/Female_normal-314.jpg,0,train,dataset_stage1/no_wound
82.jpg,dataset_stage1/no_wound/BG/82.jpg,0,train,dataset_stage1/no_wound
Male_Normal-1645.jpg,dataset_stage1/no_wound/Nomal/Male_Normal-1645.jpg,0,train,dataset_stage1/no_wound
Male_Normal-0333.jpg,dataset_stage1/no_wound/Nomal/Male_Normal-0333.jpg,0,train,dataset_stage1/no_wound
Male_Normal-1481.jpg,dataset_stage1/no_wound/Nomal/Male_Normal-1481.jpg,0,train,dataset_stage1/no_wound
Female_normal-715.jpg,dataset_stage1/no_wound/Nomal/Female_normal-715.jpg,0,train,dataset_stage1/no_wound
Male_Normal-0429.jpg,dataset_stage1/no_wound/Nomal/Male_Normal-0429.jpg,0,train,dataset_stage1/no_wound
Male_Normal-0672.jpg,dataset_stage1/no_wound/Nomal/Male_Normal-0672.jpg,0,train,dataset_stage1/no_wound
Male_Normal-1744.jpg,dataset_stage1/no_wound/Nomal/Male_Normal-1744.jpg,0,train,dataset_stage1/no_wound
Male_Normal-0133.jpg,dataset_stage1/no_wound/Nomal/Male_Normal-0133.jpg,0,train,dataset_stage1/no_wound
54.jpg,dataset_stage1/no_wound/N/54.jpg,0,train,dataset_stage1/no_wound
Male_Normal-1710.jpg,dataset_stage1/no_wound/Nomal/Male_Normal-1710.jpg,0,train,dataset_stage1/no_wound
Female_normal-575.jpg,dataset_stage1/no_wound/Nomal/Female_normal-575.jpg,0,train,dataset_stage1/no_wound
Female_normal-130.jpg,dataset_stage1/no_wound/Nomal/Female_normal-130.jpg,0,train,dataset_stage1/no_wound
14.jpg,dataset_stage1/no_wound/BG/14.jpg,0,train,dataset_stage1/no_wound
Female_normal-744.jpg,dataset_stage1/no_wound/Nomal/Female_normal-744.jpg,0,train,dataset_stage1/no_wound
Female_normal-623.jpg,dataset_stage1/no_wound/Nomal/Female_normal-623.jpg,0,train,dataset_stage1/no_wound
Female_normal-535.jpg,dataset_stage1/no_wound/Nomal/Female_normal-535.jpg,0,train,dataset_stage1/no_wound
Female_normal-710.jpg,dataset_stage1/no_wound/Nomal/Female_normal-710.jpg,0,train,dataset_stage1/no_wound
Female_normal-269.jpg,dataset_stage1/no_wound/Nomal/Female_normal-269.jpg,0,train,dataset_stage1/no_wound
82.jpg,dataset_stage1/no_wound/N/82.jpg,0,train,dataset_stage1/no_wound
67.jpg,dataset_stage1/no_wound/N/67.jpg,0,train,dataset_stage1/no_wound
Male_Normal-1059.jpg,dataset_stage1/no_wound/Nomal/Male_Normal-1059.jpg,0,train,dataset_stage1/no_wound
Female_normal-252.jpg,dataset_stage1/no_wound/Nomal/Female_normal-252.jpg,0,train,dataset_stage1/no_wound
Female_normal-291.jpg,dataset_stage1/no_wound/Nomal/Female_normal-291.jpg,0,train,dataset_stage1/no_wound
Male_Normal-0951.jpg,dataset_stage1/no_wound/Nomal/Male_Normal-0951.jpg,0,train,dataset_stage1/no_wound
Male_Normal-0168.jpg,dataset_stage1/no_wound/Nomal/Male_Normal-0168.jpg,0,train,dataset_stage1/no_wound
Male_Normal-0336.jpg,dataset_stage1/no_wound/Nomal/Male_Normal-0336.jpg,0,train,dataset_stage1/no_wound
Male_Normal-1657.jpg,dataset_stage1/no_wound/Nomal/Male_Normal-1657.jpg,0,train,dataset_stage1/no_wound
Male_Normal-0136.jpg,dataset_stage1/no_wound/Nomal/Male_Normal-0136.jpg,0,train,dataset_stage1/no_wound
Male_Normal-1837.jpg,dataset_stage1/no_wound/Nomal/Male_Normal-1837.jpg,0,train,dataset_stage1/no_wound
Male_Normal-0466.jpg,dataset_stage1/no_wound/Nomal/Male_Normal-0466.jpg,0,train,dataset_stage1/no_wound
Male_Normal-0842.jpg,dataset_stage1/no_wound/Nomal/Male_Normal-0842.jpg,0,train,dataset_stage1/no_wound
Male_Normal-0031.jpg,dataset_stage1/no_wound/Nomal/Male_Normal-0031.jpg,0,train,dataset_stage1/no_wound
Male_Normal-0652.jpg,dataset_stage1/no_wound/Nomal/Male_Normal-0652.jpg,0,train,dataset_stage1/no_wound
Male_Normal-0657.jpg,dataset_stage1/no_wound/Nomal/Male_Normal-0657.jpg,0,train,dataset_stage1/no_wound
Male_Normal-0099.jpg,dataset_stage1/no_wound/Nomal/Male_Normal-0099.jpg,0,train,dataset_stage1/no_wound
Male_Normal-1065.jpg,dataset_stage1/no_wound/Nomal/Male_Normal-1065.jpg,0,train,dataset_stage1/no_wound
Male_Normal-1938.jpg,dataset_stage1/no_wound/Nomal/Male_Normal-1938.jpg,0,train,dataset_stage1/no_wound
Male_Normal-1333.jpg,dataset_stage1/no_wound/Nomal/Male_Normal-1333.jpg,0,train,dataset_stage1/no_wound
Male_Normal-1251.jpg,dataset_stage1/no_wound/Nomal/Male_Normal-1251.jpg,0,train,dataset_stage1/no_wound
Male_Normal-1535.jpg,dataset_stage1/no_wound/Nomal/Male_Normal-1535.jpg,0,train,dataset_stage1/no_wound
Female_normal-128.jpg,dataset_stage1/no_wound/Nomal/Female_normal-128.jpg,0,train,dataset_stage1/no_wound
Male_Normal-0815.jpg,dataset_stage1/no_wound/Nomal/Male_Normal-0815.jpg,0,train,dataset_stage1/no_wound
Female_normal-243.jpg,dataset_stage1/no_wound/Nomal/Female_normal-243.jpg,0,train,dataset_stage1/no_wound
Male_Normal-1161.jpg,dataset_stage1/no_wound/Nomal/Male_Normal-1161.jpg,0,train,dataset_stage1/no_wound
Male_Normal-0930.jpg,dataset_stage1/no_wound/Nomal/Male_Normal-0930.jpg,0,train,dataset_stage1/no_wound
Female_normal-633.jpg,dataset_stage1/no_wound/Nomal/Female_normal-633.jpg,0,train,dataset_stage1/no_wound
Male_Normal-1362.jpg,dataset_stage1/no_wound/Nomal/Male_Normal-1362.jpg,0,train,dataset_stage1/no_wound
Male_Normal-1527.jpg,dataset_stage1/no_wound/Nomal/Male_Normal-1527.jpg,0,train,dataset_stage1/no_wound
Male_Normal-0439.jpg,dataset_stage1/no_wound/Nomal/Male_Normal-0439.jpg,0,train,dataset_stage1/no_wound
Male_Normal-0226.jpg,dataset_stage1/no_wound/Nomal/Male_Normal-0226.jpg,0,train,dataset_stage1/no_wound
Male_Normal-0524.jpg,dataset_stage1/no_wound/Nomal/Male_Normal-0524.jpg,0,train,dataset_stage1/no_wound
Male_Normal-0840.jpg,dataset_stage1/no_wound/Nomal/Male_Normal-0840.jpg,0,train,dataset_stage1/no_wound
87.jpg,dataset_stage1/no_wound/BG/87.jpg,0,train,dataset_stage1/no_wound
Male_Normal-0428.jpg,dataset_stage1/no_wound/Nomal/Male_Normal-0428.jpg,0,train,dataset_stage1/no_wound
Male_Normal-1908.jpg,dataset_stage1/no_wound/Nomal/Male_Normal-1908.jpg,0,train,dataset_stage1/no_wound
Male_Normal-0506.jpg,dataset_stage1/no_wound/Nomal/Male_Normal-0506.jpg,0,train,dataset_stage1/no_wound
Female_normal-578.jpg,dataset_stage1/no_wound/Nomal/Female_normal-578.jpg,0,train,dataset_stage1/no_wound
Female_normal-600.jpg,dataset_stage1/no_wound/Nomal/Female_normal-600.jpg,0,train,dataset_stage1/no_wound
Male_Normal-0691.jpg,dataset_stage1/no_wound/Nomal/Male_Normal-0691.jpg,0,train,dataset_stage1/no_wound
58.jpg,dataset_stage1/no_wound/BG/58.jpg,0,train,dataset_stage1/no_wound
Male_Normal-1350.jpg,dataset_stage1/no_wound/Nomal/Male_Normal-1350.jpg,0,train,dataset_stage1/no_wound
Male_Normal-0312.jpg,dataset_stage1/no_wound/Nomal/Male_Normal-0312.jpg,0,train,dataset_stage1/no_wound
Male_Normal-0692.jpg,dataset_stage1/no_wound/Nomal/Male_Normal-0692.jpg,0,train,dataset_stage1/no_wound
Male_Normal-1571.jpg,dataset_stage1/no_wound/Nomal/Male_Normal-1571.jpg,0,train,dataset_stage1/no_wound
Male_Normal-1145.jpg,dataset_stage1/no_wound/Nomal/Male_Normal-1145.jpg,0,train,dataset_stage1/no_wound
Male_Normal-0726.jpg,dataset_stage1/no_wound/Nomal/Male_Normal-0726.jpg,0,train,dataset_stage1/no_wound
Male_Normal-0270.jpg,dataset_stage1/no_wound/Nomal/Male_Normal-0270.jpg,0,train,dataset_stage1/no_wound
20.jpg,dataset_stage1/no_wound/N/20.jpg,0,train,dataset_stage1/no_wound
Male_Normal-1789.jpg,dataset_stage1/no_wound/Nomal/Male_Normal-1789.jpg,0,train,dataset_stage1/no_wound
Male_Normal-0012.jpg,dataset_stage1/no_wound/Nomal/Male_Normal-0012.jpg,0,train,dataset_stage1/no_wound
Female_normal-302.jpg,dataset_stage1/no_wound/Nomal/Female_normal-302.jpg,0,train,dataset_stage1/no_wound
Male_Normal-1143.jpg,dataset_stage1/no_wound/Nomal/Male_Normal-1143.jpg,0,train,dataset_stage1/no_wound
Male_Normal-0034.jpg,dataset_stage1/no_wound/Nomal/Male_Normal-0034.jpg,0,train,dataset_stage1/no_wound
Male_Normal-0223.jpg,dataset_stage1/no_wound/Nomal/Male_Normal-0223.jpg,0,train,dataset_stage1/no_wound
Male_Normal-0419.jpg,dataset_stage1/no_wound/Nomal/Male_Normal-0419.jpg,0,train,dataset_stage1/no_wound
Female_normal-390.jpg,dataset_stage1/no_wound/Nomal/Female_normal-390.jpg,0,train,dataset_stage1/no_wound
Female_normal-569.jpg,dataset_stage1/no_wound/Nomal/Female_normal-569.jpg,0,train,dataset_stage1/no_wound
24.jpg,dataset_stage1/no_wound/BG/24.jpg,0,train,dataset_stage1/no_wound
Male_Normal-0067.jpg,dataset_stage1/no_wound/Nomal/Male_Normal-0067.jpg,0,train,dataset_stage1/no_wound
Male_Normal-0472.jpg,dataset_stage1/no_wound/Nomal/Male_Normal-0472.jpg,0,train,dataset_stage1/no_wound
Male_Normal-1449.jpg,dataset_stage1/no_wound/Nomal/Male_Normal-1449.jpg,0,train,dataset_stage1/no_wound
Female_normal-086.jpg,dataset_stage1/no_wound/Nomal/Female_normal-086.jpg,0,train,dataset_stage1/no_wound
Male_Normal-1738.jpg,dataset_stage1/no_wound/Nomal/Male_Normal-1738.jpg,0,train,dataset_stage1/no_wound
Female_normal-229.jpg,dataset_stage1/no_wound/Nomal/Female_normal-229.jpg,0,train,dataset_stage1/no_wound
Male_Normal-0353.jpg,dataset_stage1/no_wound/Nomal/Male_Normal-0353.jpg,0,train,dataset_stage1/no_wound
Male_Normal-0899.jpg,dataset_stage1/no_wound/Nomal/Male_Normal-0899.jpg,0,train,dataset_stage1/no_wound
Female_normal-470.jpg,dataset_stage1/no_wound/Nomal/Female_normal-470.jpg,0,train,dataset_stage1/no_wound
37.jpg,dataset_stage1/no_wound/BG/37.jpg,0,train,dataset_stage1/no_wound
Male_Normal-0366.jpg,dataset_stage1/no_wound/Nomal/Male_Normal-0366.jpg,0,train,dataset_stage1/no_wound
Female_normal-523.jpg,dataset_stage1/no_wound/Nomal/Female_normal-523.jpg,0,train,dataset_stage1/no_wound
Female_normal-752.jpg,dataset_stage1/no_wound/Nomal/Female_normal-752.jpg,0,train,dataset_stage1/no_wound
Male_Normal-1281.jpg,dataset_stage1/no_wound/Nomal/Male_Normal-1281.jpg,0,train,dataset_stage1/no_wound
Female_normal-015.jpg,dataset_stage1/no_wound/Nomal/Female_normal-015.jpg,0,train,dataset_stage1/no_wound
Male_Normal-0014.jpg,dataset_stage1/no_wound/Nomal/Male_Normal-0014.jpg,0,train,dataset_stage1/no_wound
Male_Normal-0189.jpg,dataset_stage1/no_wound/Nomal/Male_Normal-0189.jpg,0,train,dataset_stage1/no_wound
Male_Normal-1775.jpg,dataset_stage1/no_wound/Nomal/Male_Normal-1775.jpg,0,train,dataset_stage1/no_wound
Male_Normal-0952.jpg,dataset_stage1/no_wound/Nomal/Male_Normal-0952.jpg,0,train,dataset_stage1/no_wound
Female_normal-127.jpg,dataset_stage1/no_wound/Nomal/Female_normal-127.jpg,0,train,dataset_stage1/no_wound
Female_normal-361.jpg,dataset_stage1/no_wound/Nomal/Female_normal-361.jpg,0,train,dataset_stage1/no_wound
Male_Normal-0408.jpg,dataset_stage1/no_wound/Nomal/Male_Normal-0408.jpg,0,train,dataset_stage1/no_wound
Male_Normal-0749.jpg,dataset_stage1/no_wound/Nomal/Male_Normal-0749.jpg,0,train,dataset_stage1/no_wound
Male_Normal-0111.jpg,dataset_stage1/no_wound/Nomal/Male_Normal-0111.jpg,0,train,dataset_stage1/no_wound
Male_Normal-1547.jpg,dataset_stage1/no_wound/Nomal/Male_Normal-1547.jpg,0,train,dataset_stage1/no_wound
Female_normal-142.jpg,dataset_stage1/no_wound/Nomal/Female_normal-142.jpg,0,train,dataset_stage1/no_wound
Male_Normal-0678.jpg,dataset_stage1/no_wound/Nomal/Male_Normal-0678.jpg,0,train,dataset_stage1/no_wound
51.jpg,dataset_stage1/no_wound/N/51.jpg,0,train,dataset_stage1/no_wound
Male_Normal-1327.jpg,dataset_stage1/no_wound/Nomal/Male_Normal-1327.jpg,0,train,dataset_stage1/no_wound
Male_Normal-1399.jpg,dataset_stage1/no_wound/Nomal/Male_Normal-1399.jpg,0,train,dataset_stage1/no_wound
Male_Normal-0132.jpg,dataset_stage1/no_wound/Nomal/Male_Normal-0132.jpg,0,train,dataset_stage1/no_wound
Female_normal-649.jpg,dataset_stage1/no_wound/Nomal/Female_normal-649.jpg,0,train,dataset_stage1/no_wound
Female_normal-767.jpg,dataset_stage1/no_wound/Nomal/Female_normal-767.jpg,0,train,dataset_stage1/no_wound
Male_Normal-0097.jpg,dataset_stage1/no_wound/Nomal/Male_Normal-0097.jpg,0,train,dataset_stage1/no_wound
Male_Normal-1450.jpg,dataset_stage1/no_wound/Nomal/Male_Normal-1450.jpg,0,train,dataset_stage1/no_wound
59.jpg,dataset_stage1/no_wound/N/59.jpg,0,train,dataset_stage1/no_wound
Female_normal-466.jpg,dataset_stage1/no_wound/Nomal/Female_normal-466.jpg,0,train,dataset_stage1/no_wound
Female_normal-462.jpg,dataset_stage1/no_wound/Nomal/Female_normal-462.jpg,0,train,dataset_stage1/no_wound
Male_Normal-0027.jpg,dataset_stage1/no_wound/Nomal/Male_Normal-0027.jpg,0,train,dataset_stage1/no_wound
Male_Normal-1329.jpg,dataset_stage1/no_wound/Nomal/Male_Normal-1329.jpg,0,train,dataset_stage1/no_wound
Male_Normal-1502.jpg,dataset_stage1/no_wound/Nomal/Male_Normal-1502.jpg,0,train,dataset_stage1/no_wound
78.jpg,dataset_stage1/no_wound/N/78.jpg,0,train,dataset_stage1/no_wound
Male_Normal-1915.jpg,dataset_stage1/no_wound/Nomal/Male_Normal-1915.jpg,0,train,dataset_stage1/no_wound
Male_Normal-0549.jpg,dataset_stage1/no_wound/Nomal/Male_Normal-0549.jpg,0,train,dataset_stage1/no_wound
Male_Normal-1800.jpg,dataset_stage1/no_wound/Nomal/Male_Normal-1800.jpg,0,train,dataset_stage1/no_wound
Male_Normal-0228.jpg,dataset_stage1/no_wound/Nomal/Male_Normal-0228.jpg,0,train,dataset_stage1/no_wound
30.jpg,dataset_stage1/no_wound/BG/30.jpg,0,train,dataset_stage1/no_wound
Male_Normal-1793.jpg,dataset_stage1/no_wound/Nomal/Male_Normal-1793.jpg,0,train,dataset_stage1/no_wound
Male_Normal-0945.jpg,dataset_stage1/no_wound/Nomal/Male_Normal-0945.jpg,0,train,dataset_stage1/no_wound
Male_Normal-1497.jpg,dataset_stage1/no_wound/Nomal/Male_Normal-1497.jpg,0,train,dataset_stage1/no_wound
Male_Normal-1287.jpg,dataset_stage1/no_wound/Nomal/Male_Normal-1287.jpg,0,train,dataset_stage1/no_wound
Female_normal-676.jpg,dataset_stage1/no_wound/Nomal/Female_normal-676.jpg,0,train,dataset_stage1/no_wound
Male_Normal-1679.jpg,dataset_stage1/no_wound/Nomal/Male_Normal-1679.jpg,0,train,dataset_stage1/no_wound
Female_normal-739.jpg,dataset_stage1/no_wound/Nomal/Female_normal-739.jpg,0,train,dataset_stage1/no_wound
Male_Normal-1681.jpg,dataset_stage1/no_wound/Nomal/Male_Normal-1681.jpg,0,train,dataset_stage1/no_wound
Male_Normal-0577.jpg,dataset_stage1/no_wound/Nomal/Male_Normal-0577.jpg,0,train,dataset_stage1/no_wound
Female_normal-147.jpg,dataset_stage1/no_wound/Nomal/Female_normal-147.jpg,0,train,dataset_stage1/no_wound
Male_Normal-1493.jpg,dataset_stage1/no_wound/Nomal/Male_Normal-1493.jpg,0,train,dataset_stage1/no_wound
Male_Normal-1953.jpg,dataset_stage1/no_wound/Nomal/Male_Normal-1953.jpg,0,train,dataset_stage1/no_wound
Male_Normal-1740.jpg,dataset_stage1/no_wound/Nomal/Male_Normal-1740.jpg,0,train,dataset_stage1/no_wound
Female_normal-186.jpg,dataset_stage1/no_wound/Nomal/Female_normal-186.jpg,0,train,dataset_stage1/no_wound
Male_Normal-0854.jpg,dataset_stage1/no_wound/Nomal/Male_Normal-0854.jpg,0,train,dataset_stage1/no_wound
Male_Normal-1152.jpg,dataset_stage1/no_wound/Nomal/Male_Normal-1152.jpg,0,train,dataset_stage1/no_wound
Male_Normal-1494.jpg,dataset_stage1/no_wound/Nomal/Male_Normal-1494.jpg,0,train,dataset_stage1/no_wound
Male_Normal-1184.jpg,dataset_stage1/no_wound/Nomal/Male_Normal-1184.jpg,0,train,dataset_stage1/no_wound
Female_normal-044.jpg,dataset_stage1/no_wound/Nomal/Female_normal-044.jpg,0,train,dataset_stage1/no_wound
Male_Normal-1078.jpg,dataset_stage1/no_wound/Nomal/Male_Normal-1078.jpg,0,train,dataset_stage1/no_wound
Male_Normal-0851.jpg,dataset_stage1/no_wound/Nomal/Male_Normal-0851.jpg,0,train,dataset_stage1/no_wound
Female_normal-737.jpg,dataset_stage1/no_wound/Nomal/Female_normal-737.jpg,0,train,dataset_stage1/no_wound
Male_Normal-0714.jpg,dataset_stage1/no_wound/Nomal/Male_Normal-0714.jpg,0,train,dataset_stage1/no_wound
Male_Normal-1565.jpg,dataset_stage1/no_wound/Nomal/Male_Normal-1565.jpg,0,train,dataset_stage1/no_wound
Female_normal-113.jpg,dataset_stage1/no_wound/Nomal/Female_normal-113.jpg,0,train,dataset_stage1/no_wound
Male_Normal-0484.jpg,dataset_stage1/no_wound/Nomal/Male_Normal-0484.jpg,0,train,dataset_stage1/no_wound
Male_Normal-1907.jpg,dataset_stage1/no_wound/Nomal/Male_Normal-1907.jpg,0,train,dataset_stage1/no_wound
Male_Normal-1670.jpg,dataset_stage1/no_wound/Nomal/Male_Normal-1670.jpg,0,train,dataset_stage1/no_wound
Male_Normal-0357.jpg,dataset_stage1/no_wound/Nomal/Male_Normal-0357.jpg,0,train,dataset_stage1/no_wound
Female_normal-769.jpg,dataset_stage1/no_wound/Nomal/Female_normal-769.jpg,0,train,dataset_stage1/no_wound
Male_Normal-0479.jpg,dataset_stage1/no_wound/Nomal/Male_Normal-0479.jpg,0,train,dataset_stage1/no_wound
Female_normal-461.jpg,dataset_stage1/no_wound/Nomal/Female_normal-461.jpg,0,train,dataset_stage1/no_wound
Female_normal-736.jpg,dataset_stage1/no_wound/Nomal/Female_normal-736.jpg,0,train,dataset_stage1/no_wound
Female_normal-171.jpg,dataset_stage1/no_wound/Nomal/Female_normal-171.jpg,0,train,dataset_stage1/no_wound
Female_normal-367.jpg,dataset_stage1/no_wound/Nomal/Female_normal-367.jpg,0,train,dataset_stage1/no_wound
Male_Normal-0879.jpg,dataset_stage1/no_wound/Nomal/Male_Normal-0879.jpg,0,train,dataset_stage1/no_wound
Male_Normal-0049.jpg,dataset_stage1/no_wound/Nomal/Male_Normal-0049.jpg,0,train,dataset_stage1/no_wound
Female_normal-625.jpg,dataset_stage1/no_wound/Nomal/Female_normal-625.jpg,0,train,dataset_stage1/no_wound
Male_Normal-0007.jpg,dataset_stage1/no_wound/Nomal/Male_Normal-0007.jpg,0,train,dataset_stage1/no_wound
Male_Normal-1414.jpg,dataset_stage1/no_wound/Nomal/Male_Normal-1414.jpg,0,train,dataset_stage1/no_wound
Male_Normal-1123.jpg,dataset_stage1/no_wound/Nomal/Male_Normal-1123.jpg,0,train,dataset_stage1/no_wound
Male_Normal-0670.jpg,dataset_stage1/no_wound/Nomal/Male_Normal-0670.jpg,0,train,dataset_stage1/no_wound
Male_Normal-1567.jpg,dataset_stage1/no_wound/Nomal/Male_Normal-1567.jpg,0,train,dataset_stage1/no_wound
Male_Normal-1233.jpg,dataset_stage1/no_wound/Nomal/Male_Normal-1233.jpg,0,train,dataset_stage1/no_wound
Male_Normal-1675.jpg,dataset_stage1/no_wound/Nomal/Male_Normal-1675.jpg,0,train,dataset_stage1/no_wound
Female_normal-614.jpg,dataset_stage1/no_wound/Nomal/Female_normal-614.jpg,0,train,dataset_stage1/no_wound
Male_Normal-0817.jpg,dataset_stage1/no_wound/Nomal/Male_Normal-0817.jpg,0,train,dataset_stage1/no_wound
Male_Normal-0455.jpg,dataset_stage1/no_wound/Nomal/Male_Normal-0455.jpg,0,train,dataset_stage1/no_wound
Female_normal-579.jpg,dataset_stage1/no_wound/Nomal/Female_normal-579.jpg,0,train,dataset_stage1/no_wound
Male_Normal-0774.jpg,dataset_stage1/no_wound/Nomal/Male_Normal-0774.jpg,0,train,dataset_stage1/no_wound
Male_Normal-0345.jpg,dataset_stage1/no_wound/Nomal/Male_Normal-0345.jpg,0,train,dataset_stage1/no_wound
Male_Normal-1252.jpg,dataset_stage1/no_wound/Nomal/Male_Normal-1252.jpg,0,train,dataset_stage1/no_wound
Male_Normal-1853.jpg,dataset_stage1/no_wound/Nomal/Male_Normal-1853.jpg,0,train,dataset_stage1/no_wound
Male_Normal-0077.jpg,dataset_stage1/no_wound/Nomal/Male_Normal-0077.jpg,0,train,dataset_stage1/no_wound
Male_Normal-1309.jpg,dataset_stage1/no_wound/Nomal/Male_Normal-1309.jpg,0,train,dataset_stage1/no_wound
Male_Normal-0038.jpg,dataset_stage1/no_wound/Nomal/Male_Normal-0038.jpg,0,train,dataset_stage1/no_wound
Male_Normal-0953.jpg,dataset_stage1/no_wound/Nomal/Male_Normal-0953.jpg,0,train,dataset_stage1/no_wound
Male_Normal-0426.jpg,dataset_stage1/no_wound/Nomal/Male_Normal-0426.jpg,0,train,dataset_stage1/no_wound
Male_Normal-0847.jpg,dataset_stage1/no_wound/Nomal/Male_Normal-0847.jpg,0,train,dataset_stage1/no_wound
Male_Normal-1235.jpg,dataset_stage1/no_wound/Nomal/Male_Normal-1235.jpg,0,train,dataset_stage1/no_wound
Male_Normal-1863.jpg,dataset_stage1/no_wound/Nomal/Male_Normal-1863.jpg,0,train,dataset_stage1/no_wound
Male_Normal-1576.jpg,dataset_stage1/no_wound/Nomal/Male_Normal-1576.jpg,0,train,dataset_stage1/no_wound
32.jpg,dataset_stage1/no_wound/N/32.jpg,0,train,dataset_stage1/no_wound
Male_Normal-1083.jpg,dataset_stage1/no_wound/Nomal/Male_Normal-1083.jpg,0,train,dataset_stage1/no_wound
Male_Normal-1711.jpg,dataset_stage1/no_wound/Nomal/Male_Normal-1711.jpg,0,train,dataset_stage1/no_wound
Female_normal-688.jpg,dataset_stage1/no_wound/Nomal/Female_normal-688.jpg,0,train,dataset_stage1/no_wound
Male_Normal-1443.jpg,dataset_stage1/no_wound/Nomal/Male_Normal-1443.jpg,0,train,dataset_stage1/no_wound
Male_Normal-0372.jpg,dataset_stage1/no_wound/Nomal/Male_Normal-0372.jpg,0,train,dataset_stage1/no_wound
Male_Normal-0032.jpg,dataset_stage1/no_wound/Nomal/Male_Normal-0032.jpg,0,train,dataset_stage1/no_wound
Female_normal-156.jpg,dataset_stage1/no_wound/Nomal/Female_normal-156.jpg,0,train,dataset_stage1/no_wound
Male_Normal-0028.jpg,dataset_stage1/no_wound/Nomal/Male_Normal-0028.jpg,0,train,dataset_stage1/no_wound
Male_Normal-0508.jpg,dataset_stage1/no_wound/Nomal/Male_Normal-0508.jpg,0,train,dataset_stage1/no_wound
Female_normal-483.jpg,dataset_stage1/no_wound/Nomal/Female_normal-483.jpg,0,train,dataset_stage1/no_wound
Female_normal-628.jpg,dataset_stage1/no_wound/Nomal/Female_normal-628.jpg,0,train,dataset_stage1/no_wound
Male_Normal-0986.jpg,dataset_stage1/no_wound/Nomal/Male_Normal-0986.jpg,0,train,dataset_stage1/no_wound
Male_Normal-1057.jpg,dataset_stage1/no_wound/Nomal/Male_Normal-1057.jpg,0,train,dataset_stage1/no_wound
Male_Normal-1089.jpg,dataset_stage1/no_wound/Nomal/Male_Normal-1089.jpg,0,train,dataset_stage1/no_wound
Male_Normal-0009.jpg,dataset_stage1/no_wound/Nomal/Male_Normal-0009.jpg,0,train,dataset_stage1/no_wound
Male_Normal-0258.jpg,dataset_stage1/no_wound/Nomal/Male_Normal-0258.jpg,0,train,dataset_stage1/no_wound
Male_Normal-1538.jpg,dataset_stage1/no_wound/Nomal/Male_Normal-1538.jpg,0,train,dataset_stage1/no_wound
Male_Normal-1950.jpg,dataset_stage1/no_wound/Nomal/Male_Normal-1950.jpg,0,train,dataset_stage1/no_wound
45.jpg,dataset_stage1/no_wound/N/45.jpg,0,train,dataset_stage1/no_wound
Female_normal-018.jpg,dataset_stage1/no_wound/Nomal/Female_normal-018.jpg,0,train,dataset_stage1/no_wound
Male_Normal-1451.jpg,dataset_stage1/no_wound/Nomal/Male_Normal-1451.jpg,0,train,dataset_stage1/no_wound
Female_normal-163.jpg,dataset_stage1/no_wound/Nomal/Female_normal-163.jpg,0,train,dataset_stage1/no_wound
Male_Normal-1648.jpg,dataset_stage1/no_wound/Nomal/Male_Normal-1648.jpg,0,train,dataset_stage1/no_wound
Female_normal-146.jpg,dataset_stage1/no_wound/Nomal/Female_normal-146.jpg,0,train,dataset_stage1/no_wound
Male_Normal-1028.jpg,dataset_stage1/no_wound/Nomal/Male_Normal-1028.jpg,0,train,dataset_stage1/no_wound
29.jpg,dataset_stage1/no_wound/BG/29.jpg,0,train,dataset_stage1/no_wound
Female_normal-512.jpg,dataset_stage1/no_wound/Nomal/Female_normal-512.jpg,0,train,dataset_stage1/no_wound
Male_Normal-0182.jpg,dataset_stage1/no_wound/Nomal/Male_Normal-0182.jpg,0,train,dataset_stage1/no_wound
Male_Normal-1049.jpg,dataset_stage1/no_wound/Nomal/Male_Normal-1049.jpg,0,train,dataset_stage1/no_wound
Female_normal-672.jpg,dataset_stage1/no_wound/Nomal/Female_normal-672.jpg,0,train,dataset_stage1/no_wound
Male_Normal-1034.jpg,dataset_stage1/no_wound/Nomal/Male_Normal-1034.jpg,0,train,dataset_stage1/no_wound
Male_Normal-1041.jpg,dataset_stage1/no_wound/Nomal/Male_Normal-1041.jpg,0,train,dataset_stage1/no_wound
18.jpg,dataset_stage1/no_wound/BG/18.jpg,0,train,dataset_stage1/no_wound
Male_Normal-1403.jpg,dataset_stage1/no_wound/Nomal/Male_Normal-1403.jpg,0,train,dataset_stage1/no_wound
Male_Normal-1259.jpg,dataset_stage1/no_wound/Nomal/Male_Normal-1259.jpg,0,train,dataset_stage1/no_wound
Male_Normal-1806.jpg,dataset_stage1/no_wound/Nomal/Male_Normal-1806.jpg,0,train,dataset_stage1/no_wound
Male_Normal-0859.jpg,dataset_stage1/no_wound/Nomal/Male_Normal-0859.jpg,0,train,dataset_stage1/no_wound
Female_normal-594.jpg,dataset_stage1/no_wound/Nomal/Female_normal-594.jpg,0,train,dataset_stage1/no_wound
Male_Normal-0340.jpg,dataset_stage1/no_wound/Nomal/Male_Normal-0340.jpg,0,train,dataset_stage1/no_wound
Male_Normal-1749.jpg,dataset_stage1/no_wound/Nomal/Male_Normal-1749.jpg,0,train,dataset_stage1/no_wound
Female_normal-555.jpg,dataset_stage1/no_wound/Nomal/Female_normal-555.jpg,0,train,dataset_stage1/no_wound
Female_normal-427.jpg,dataset_stage1/no_wound/Nomal/Female_normal-427.jpg,0,train,dataset_stage1/no_wound
94.jpg,dataset_stage1/no_wound/BG/94.jpg,0,train,dataset_stage1/no_wound
Male_Normal-1044.jpg,dataset_stage1/no_wound/Nomal/Male_Normal-1044.jpg,0,train,dataset_stage1/no_wound
35.jpg,dataset_stage1/no_wound/N/35.jpg,0,train,dataset_stage1/no_wound
Male_Normal-0733.jpg,dataset_stage1/no_wound/Nomal/Male_Normal-0733.jpg,0,train,dataset_stage1/no_wound
Female_normal-644.jpg,dataset_stage1/no_wound/Nomal/Female_normal-644.jpg,0,train,dataset_stage1/no_wound
Female_normal-124.jpg,dataset_stage1/no_wound/Nomal/Female_normal-124.jpg,0,train,dataset_stage1/no_wound
Male_Normal-1580.jpg,dataset_stage1/no_wound/Nomal/Male_Normal-1580.jpg,0,train,dataset_stage1/no_wound
Male_Normal-1397.jpg,dataset_stage1/no_wound/Nomal/Male_Normal-1397.jpg,0,train,dataset_stage1/no_wound
Male_Normal-0309.jpg,dataset_stage1/no_wound/Nomal/Male_Normal-0309.jpg,0,train,dataset_stage1/no_wound
Male_Normal-0696.jpg,dataset_stage1/no_wound/Nomal/Male_Normal-0696.jpg,0,train,dataset_stage1/no_wound
Male_Normal-1888.jpg,dataset_stage1/no_wound/Nomal/Male_Normal-1888.jpg,0,train,dataset_stage1/no_wound
21.jpg,dataset_stage1/no_wound/BG/21.jpg,0,train,dataset_stage1/no_wound
Male_Normal-1385.jpg,dataset_stage1/no_wound/Nomal/Male_Normal-1385.jpg,0,train,dataset_stage1/no_wound
Female_normal-748.jpg,dataset_stage1/no_wound/Nomal/Female_normal-748.jpg,0,train,dataset_stage1/no_wound
Female_normal-016.jpg,dataset_stage1/no_wound/Nomal/Female_normal-016.jpg,0,train,dataset_stage1/no_wound
Male_Normal-0925.jpg,dataset_stage1/no_wound/Nomal/Male_Normal-0925.jpg,0,train,dataset_stage1/no_wound
Female_normal-028.jpg,dataset_stage1/no_wound/Nomal/Female_normal-028.jpg,0,train,dataset_stage1/no_wound
Male_Normal-1383.jpg,dataset_stage1/no_wound/Nomal/Male_Normal-1383.jpg,0,train,dataset_stage1/no_wound
Male_Normal-0207.jpg,dataset_stage1/no_wound/Nomal/Male_Normal-0207.jpg,0,train,dataset_stage1/no_wound
Male_Normal-0957.jpg,dataset_stage1/no_wound/Nomal/Male_Normal-0957.jpg,0,train,dataset_stage1/no_wound
Female_normal-606.jpg,dataset_stage1/no_wound/Nomal/Female_normal-606.jpg,0,train,dataset_stage1/no_wound
Male_Normal-1137.jpg,dataset_stage1/no_wound/Nomal/Male_Normal-1137.jpg,0,train,dataset_stage1/no_wound
Female_normal-665.jpg,dataset_stage1/no_wound/Nomal/Female_normal-665.jpg,0,train,dataset_stage1/no_wound
Male_Normal-0890.jpg,dataset_stage1/no_wound/Nomal/Male_Normal-0890.jpg,0,train,dataset_stage1/no_wound
Male_Normal-0683.jpg,dataset_stage1/no_wound/Nomal/Male_Normal-0683.jpg,0,train,dataset_stage1/no_wound
Female_normal-317.jpg,dataset_stage1/no_wound/Nomal/Female_normal-317.jpg,0,train,dataset_stage1/no_wound
Male_Normal-0570.jpg,dataset_stage1/no_wound/Nomal/Male_Normal-0570.jpg,0,train,dataset_stage1/no_wound
Male_Normal-0882.jpg,dataset_stage1/no_wound/Nomal/Male_Normal-0882.jpg,0,train,dataset_stage1/no_wound
Female_normal-398.jpg,dataset_stage1/no_wound/Nomal/Female_normal-398.jpg,0,train,dataset_stage1/no_wound
95.jpg,dataset_stage1/no_wound/N/95.jpg,0,train,dataset_stage1/no_wound
Male_Normal-0302.jpg,dataset_stage1/no_wound/Nomal/Male_Normal-0302.jpg,0,train,dataset_stage1/no_wound
Female_normal-089.jpg,dataset_stage1/no_wound/Nomal/Female_normal-089.jpg,0,train,dataset_stage1/no_wound
Female_normal-751.jpg,dataset_stage1/no_wound/Nomal/Female_normal-751.jpg,0,train,dataset_stage1/no_wound
Male_Normal-1857.jpg,dataset_stage1/no_wound/Nomal/Male_Normal-1857.jpg,0,train,dataset_stage1/no_wound
Male_Normal-1544.jpg,dataset_stage1/no_wound/Nomal/Male_Normal-1544.jpg,0,train,dataset_stage1/no_wound
Male_Normal-1838.jpg,dataset_stage1/no_wound/Nomal/Male_Normal-1838.jpg,0,train,dataset_stage1/no_wound
Male_Normal-0145.jpg,dataset_stage1/no_wound/Nomal/Male_Normal-0145.jpg,0,train,dataset_stage1/no_wound
Male_Normal-1144.jpg,dataset_stage1/no_wound/Nomal/Male_Normal-1144.jpg,0,train,dataset_stage1/no_wound
Female_normal-350.jpg,dataset_stage1/no_wound/Nomal/Female_normal-350.jpg,0,train,dataset_stage1/no_wound
6.jpg,dataset_stage1/no_wound/N/6.jpg,0,train,dataset_stage1/no_wound
Female_normal-220.jpg,dataset_stage1/no_wound/Nomal/Female_normal-220.jpg,0,train,dataset_stage1/no_wound
Female_normal-723.jpg,dataset_stage1/no_wound/Nomal/Female_normal-723.jpg,0,train,dataset_stage1/no_wound
Male_Normal-1187.jpg,dataset_stage1/no_wound/Nomal/Male_Normal-1187.jpg,0,train,dataset_stage1/no_wound
Female_normal-278.jpg,dataset_stage1/no_wound/Nomal/Female_normal-278.jpg,0,train,dataset_stage1/no_wound
Male_Normal-1478.jpg,dataset_stage1/no_wound/Nomal/Male_Normal-1478.jpg,0,train,dataset_stage1/no_wound
Male_Normal-0717.jpg,dataset_stage1/no_wound/Nomal/Male_Normal-0717.jpg,0,train,dataset_stage1/no_wound
Male_Normal-1200.jpg,dataset_stage1/no_wound/Nomal/Male_Normal-1200.jpg,0,train,dataset_stage1/no_wound
Male_Normal-1844.jpg,dataset_stage1/no_wound/Nomal/Male_Normal-1844.jpg,0,train,dataset_stage1/no_wound
Male_Normal-0548.jpg,dataset_stage1/no_wound/Nomal/Male_Normal-0548.jpg,0,train,dataset_stage1/no_wound
Male_Normal-0496.jpg,dataset_stage1/no_wound/Nomal/Male_Normal-0496.jpg,0,train,dataset_stage1/no_wound
Female_normal-354.jpg,dataset_stage1/no_wound/Nomal/Female_normal-354.jpg,0,train,dataset_stage1/no_wound
Male_Normal-1016.jpg,dataset_stage1/no_wound/Nomal/Male_Normal-1016.jpg,0,train,dataset_stage1/no_wound
Male_Normal-0227.jpg,dataset_stage1/no_wound/Nomal/Male_Normal-0227.jpg,0,train,dataset_stage1/no_wound
Female_normal-191.jpg,dataset_stage1/no_wound/Nomal/Female_normal-191.jpg,0,train,dataset_stage1/no_wound
Female_normal-379.jpg,dataset_stage1/no_wound/Nomal/Female_normal-379.jpg,0,train,dataset_stage1/no_wound
Male_Normal-0694.jpg,dataset_stage1/no_wound/Nomal/Male_Normal-0694.jpg,0,train,dataset_stage1/no_wound
Male_Normal-1758.jpg,dataset_stage1/no_wound/Nomal/Male_Normal-1758.jpg,0,train,dataset_stage1/no_wound
Male_Normal-1070.jpg,dataset_stage1/no_wound/Nomal/Male_Normal-1070.jpg,0,train,dataset_stage1/no_wound
Male_Normal-1294.jpg,dataset_stage1/no_wound/Nomal/Male_Normal-1294.jpg,0,train,dataset_stage1/no_wound
Male_Normal-0995.jpg,dataset_stage1/no_wound/Nomal/Male_Normal-0995.jpg,0,train,dataset_stage1/no_wound
Male_Normal-1704.jpg,dataset_stage1/no_wound/Nomal/Male_Normal-1704.jpg,0,train,dataset_stage1/no_wound
Male_Normal-0664.jpg,dataset_stage1/no_wound/Nomal/Male_Normal-0664.jpg,0,train,dataset_stage1/no_wound
Female_normal-621.jpg,dataset_stage1/no_wound/Nomal/Female_normal-621.jpg,0,train,dataset_stage1/no_wound
Male_Normal-1022.jpg,dataset_stage1/no_wound/Nomal/Male_Normal-1022.jpg,0,train,dataset_stage1/no_wound
Male_Normal-1850.jpg,dataset_stage1/no_wound/Nomal/Male_Normal-1850.jpg,0,train,dataset_stage1/no_wound
Male_Normal-0273.jpg,dataset_stage1/no_wound/Nomal/Male_Normal-0273.jpg,0,train,dataset_stage1/no_wound
Male_Normal-1644.jpg,dataset_stage1/no_wound/Nomal/Male_Normal-1644.jpg,0,train,dataset_stage1/no_wound
Male_Normal-1598.jpg,dataset_stage1/no_wound/Nomal/Male_Normal-1598.jpg,0,train,dataset_stage1/no_wound
Male_Normal-0071.jpg,dataset_stage1/no_wound/Nomal/Male_Normal-0071.jpg,0,train,dataset_stage1/no_wound
Male_Normal-0913.jpg,dataset_stage1/no_wound/Nomal/Male_Normal-0913.jpg,0,train,dataset_stage1/no_wound
Female_normal-416.jpg,dataset_stage1/no_wound/Nomal/Female_normal-416.jpg,0,train,dataset_stage1/no_wound
Male_Normal-0343.jpg,dataset_stage1/no_wound/Nomal/Male_Normal-0343.jpg,0,train,dataset_stage1/no_wound
Male_Normal-1866.jpg,dataset_stage1/no_wound/Nomal/Male_Normal-1866.jpg,0,train,dataset_stage1/no_wound
Male_Normal-1446.jpg,dataset_stage1/no_wound/Nomal/Male_Normal-1446.jpg,0,train,dataset_stage1/no_wound
Male_Normal-0797.jpg,dataset_stage1/no_wound/Nomal/Male_Normal-0797.jpg,0,train,dataset_stage1/no_wound
Male_Normal-1933.jpg,dataset_stage1/no_wound/Nomal/Male_Normal-1933.jpg,0,train,dataset_stage1/no_wound
37.jpg,dataset_stage1/no_wound/N/37.jpg,0,train,dataset_stage1/no_wound
79.jpg,dataset_stage1/no_wound/BG/79.jpg,0,train,dataset_stage1/no_wound
Male_Normal-1077.jpg,dataset_stage1/no_wound/Nomal/Male_Normal-1077.jpg,0,train,dataset_stage1/no_wound
Female_normal-525.jpg,dataset_stage1/no_wound/Nomal/Female_normal-525.jpg,0,train,dataset_stage1/no_wound
Male_Normal-0339.jpg,dataset_stage1/no_wound/Nomal/Male_Normal-0339.jpg,0,train,dataset_stage1/no_wound
Male_Normal-0876.jpg,dataset_stage1/no_wound/Nomal/Male_Normal-0876.jpg,0,train,dataset_stage1/no_wound
Male_Normal-1284.jpg,dataset_stage1/no_wound/Nomal/Male_Normal-1284.jpg,0,train,dataset_stage1/no_wound
Male_Normal-1472.jpg,dataset_stage1/no_wound/Nomal/Male_Normal-1472.jpg,0,train,dataset_stage1/no_wound
Male_Normal-0397.jpg,dataset_stage1/no_wound/Nomal/Male_Normal-0397.jpg,0,train,dataset_stage1/no_wound
Male_Normal-0880.jpg,dataset_stage1/no_wound/Nomal/Male_Normal-0880.jpg,0,train,dataset_stage1/no_wound
Male_Normal-0344.jpg,dataset_stage1/no_wound/Nomal/Male_Normal-0344.jpg,0,train,dataset_stage1/no_wound
Male_Normal-1856.jpg,dataset_stage1/no_wound/Nomal/Male_Normal-1856.jpg,0,train,dataset_stage1/no_wound
Male_Normal-1162.jpg,dataset_stage1/no_wound/Nomal/Male_Normal-1162.jpg,0,train,dataset_stage1/no_wound
Female_normal-176.jpg,dataset_stage1/no_wound/Nomal/Female_normal-176.jpg,0,train,dataset_stage1/no_wound
Male_Normal-0933.jpg,dataset_stage1/no_wound/Nomal/Male_Normal-0933.jpg,0,train,dataset_stage1/no_wound
Female_normal-134.jpg,dataset_stage1/no_wound/Nomal/Female_normal-134.jpg,0,train,dataset_stage1/no_wound
Male_Normal-1533.jpg,dataset_stage1/no_wound/Nomal/Male_Normal-1533.jpg,0,train,dataset_stage1/no_wound
Male_Normal-1473.jpg,dataset_stage1/no_wound/Nomal/Male_Normal-1473.jpg,0,train,dataset_stage1/no_wound
Male_Normal-0629.jpg,dataset_stage1/no_wound/Nomal/Male_Normal-0629.jpg,0,train,dataset_stage1/no_wound
Male_Normal-0143.jpg,dataset_stage1/no_wound/Nomal/Male_Normal-0143.jpg,0,train,dataset_stage1/no_wound
Male_Normal-1811.jpg,dataset_stage1/no_wound/Nomal/Male_Normal-1811.jpg,0,train,dataset_stage1/no_wound
Male_Normal-0968.jpg,dataset_stage1/no_wound/Nomal/Male_Normal-0968.jpg,0,train,dataset_stage1/no_wound
Male_Normal-1332.jpg,dataset_stage1/no_wound/Nomal/Male_Normal-1332.jpg,0,train,dataset_stage1/no_wound
Male_Normal-1507.jpg,dataset_stage1/no_wound/Nomal/Male_Normal-1507.jpg,0,train,dataset_stage1/no_wound
Male_Normal-0367.jpg,dataset_stage1/no_wound/Nomal/Male_Normal-0367.jpg,0,train,dataset_stage1/no_wound
Female_normal-121.jpg,dataset_stage1/no_wound/Nomal/Female_normal-121.jpg,0,train,dataset_stage1/no_wound
Male_Normal-0644.jpg,dataset_stage1/no_wound/Nomal/Male_Normal-0644.jpg,0,train,dataset_stage1/no_wound
Male_Normal-1434.jpg,dataset_stage1/no_wound/Nomal/Male_Normal-1434.jpg,0,train,dataset_stage1/no_wound
Male_Normal-1085.jpg,dataset_stage1/no_wound/Nomal/Male_Normal-1085.jpg,0,train,dataset_stage1/no_wound
Male_Normal-0698.jpg,dataset_stage1/no_wound/Nomal/Male_Normal-0698.jpg,0,train,dataset_stage1/no_wound
Male_Normal-0967.jpg,dataset_stage1/no_wound/Nomal/Male_Normal-0967.jpg,0,train,dataset_stage1/no_wound
Female_normal-061.jpg,dataset_stage1/no_wound/Nomal/Female_normal-061.jpg,0,train,dataset_stage1/no_wound
Male_Normal-1941.jpg,dataset_stage1/no_wound/Nomal/Male_Normal-1941.jpg,0,train,dataset_stage1/no_wound
Male_Normal-1064.jpg,dataset_stage1/no_wound/Nomal/Male_Normal-1064.jpg,0,train,dataset_stage1/no_wound
Female_normal-490.jpg,dataset_stage1/no_wound/Nomal/Female_normal-490.jpg,0,train,dataset_stage1/no_wound
Female_normal-702.jpg,dataset_stage1/no_wound/Nomal/Female_normal-702.jpg,0,train,dataset_stage1/no_wound
Male_Normal-1051.jpg,dataset_stage1/no_wound/Nomal/Male_Normal-1051.jpg,0,train,dataset_stage1/no_wound
43.jpg,dataset_stage1/no_wound/N/43.jpg,0,train,dataset_stage1/no_wound
Male_Normal-0942.jpg,dataset_stage1/no_wound/Nomal/Male_Normal-0942.jpg,0,train,dataset_stage1/no_wound
Male_Normal-0853.jpg,dataset_stage1/no_wound/Nomal/Male_Normal-0853.jpg,0,train,dataset_stage1/no_wound
Male_Normal-0598.jpg,dataset_stage1/no_wound/Nomal/Male_Normal-0598.jpg,0,train,dataset_stage1/no_wound
Female_normal-120.jpg,dataset_stage1/no_wound/Nomal/Female_normal-120.jpg,0,train,dataset_stage1/no_wound
Female_normal-454.jpg,dataset_stage1/no_wound/Nomal/Female_normal-454.jpg,0,train,dataset_stage1/no_wound
Male_Normal-1310.jpg,dataset_stage1/no_wound/Nomal/Male_Normal-1310.jpg,0,train,dataset_stage1/no_wound
Female_normal-359.jpg,dataset_stage1/no_wound/Nomal/Female_normal-359.jpg,0,train,dataset_stage1/no_wound
2.jpg,dataset_stage1/no_wound/N/2.jpg,0,train,dataset_stage1/no_wound
Female_normal-332.jpg,dataset_stage1/no_wound/Nomal/Female_normal-332.jpg,0,train,dataset_stage1/no_wound
Female_normal-025.jpg,dataset_stage1/no_wound/Nomal/Female_normal-025.jpg,0,train,dataset_stage1/no_wound
Female_normal-524.jpg,dataset_stage1/no_wound/Nomal/Female_normal-524.jpg,0,train,dataset_stage1/no_wound
Male_Normal-1415.jpg,dataset_stage1/no_wound/Nomal/Male_Normal-1415.jpg,0,train,dataset_stage1/no_wound
Male_Normal-1555.jpg,dataset_stage1/no_wound/Nomal/Male_Normal-1555.jpg,0,train,dataset_stage1/no_wound
Male_Normal-0458.jpg,dataset_stage1/no_wound/Nomal/Male_Normal-0458.jpg,0,train,dataset_stage1/no_wound
Male_Normal-1317.jpg,dataset_stage1/no_wound/Nomal/Male_Normal-1317.jpg,0,train,dataset_stage1/no_wound
Male_Normal-0483.jpg,dataset_stage1/no_wound/Nomal/Male_Normal-0483.jpg,0,train,dataset_stage1/no_wound
Male_Normal-1854.jpg,dataset_stage1/no_wound/Nomal/Male_Normal-1854.jpg,0,train,dataset_stage1/no_wound
Female_normal-647.jpg,dataset_stage1/no_wound/Nomal/Female_normal-647.jpg,0,train,dataset_stage1/no_wound
93.jpg,dataset_stage1/no_wound/N/93.jpg,0,train,dataset_stage1/no_wound
Male_Normal-0489.jpg,dataset_stage1/no_wound/Nomal/Male_Normal-0489.jpg,0,train,dataset_stage1/no_wound
Female_normal-747.jpg,dataset_stage1/no_wound/Nomal/Female_normal-747.jpg,0,train,dataset_stage1/no_wound
Male_Normal-1046.jpg,dataset_stage1/no_wound/Nomal/Male_Normal-1046.jpg,0,train,dataset_stage1/no_wound
Male_Normal-0654.jpg,dataset_stage1/no_wound/Nomal/Male_Normal-0654.jpg,0,train,dataset_stage1/no_wound
24.jpg,dataset_stage1/no_wound/N/24.jpg,0,train,dataset_stage1/no_wound
Female_normal-446.jpg,dataset_stage1/no_wound/Nomal/Female_normal-446.jpg,0,train,dataset_stage1/no_wound
Male_Normal-0895.jpg,dataset_stage1/no_wound/Nomal/Male_Normal-0895.jpg,0,train,dataset_stage1/no_wound
11.jpg,dataset_stage1/no_wound/BG/11.jpg,0,train,dataset_stage1/no_wound
76.jpg,dataset_stage1/no_wound/BG/76.jpg,0,train,dataset_stage1/no_wound
Male_Normal-0780.jpg,dataset_stage1/no_wound/Nomal/Male_Normal-0780.jpg,0,train,dataset_stage1/no_wound
Female_normal-268.jpg,dataset_stage1/no_wound/Nomal/Female_normal-268.jpg,0,train,dataset_stage1/no_wound
13.jpg,dataset_stage1/no_wound/BG/13.jpg,0,train,dataset_stage1/no_wound
Male_Normal-0271.jpg,dataset_stage1/no_wound/Nomal/Male_Normal-0271.jpg,0,train,dataset_stage1/no_wound
Female_normal-720.jpg,dataset_stage1/no_wound/Nomal/Female_normal-720.jpg,0,train,dataset_stage1/no_wound
Female_normal-029.jpg,dataset_stage1/no_wound/Nomal/Female_normal-029.jpg,0,train,dataset_stage1/no_wound
Male_Normal-0088.jpg,dataset_stage1/no_wound/Nomal/Male_Normal-0088.jpg,0,train,dataset_stage1/no_wound
Female_normal-043.jpg,dataset_stage1/no_wound/Nomal/Female_normal-043.jpg,0,train,dataset_stage1/no_wound
Male_Normal-1267.jpg,dataset_stage1/no_wound/Nomal/Male_Normal-1267.jpg,0,train,dataset_stage1/no_wound
Male_Normal-0185.jpg,dataset_stage1/no_wound/Nomal/Male_Normal-0185.jpg,0,train,dataset_stage1/no_wound
Male_Normal-1499.jpg,dataset_stage1/no_wound/Nomal/Male_Normal-1499.jpg,0,train,dataset_stage1/no_wound
Male_Normal-0551.jpg,dataset_stage1/no_wound/Nomal/Male_Normal-0551.jpg,0,train,dataset_stage1/no_wound
Male_Normal-0630.jpg,dataset_stage1/no_wound/Nomal/Male_Normal-0630.jpg,0,train,dataset_stage1/no_wound
Male_Normal-1768.jpg,dataset_stage1/no_wound/Nomal/Male_Normal-1768.jpg,0,train,dataset_stage1/no_wound
Male_Normal-1315.jpg,dataset_stage1/no_wound/Nomal/Male_Normal-1315.jpg,0,train,dataset_stage1/no_wound
Male_Normal-1530.jpg,dataset_stage1/no_wound/Nomal/Male_Normal-1530.jpg,0,train,dataset_stage1/no_wound
Male_Normal-1014.jpg,dataset_stage1/no_wound/Nomal/Male_Normal-1014.jpg,0,train,dataset_stage1/no_wound
Male_Normal-1340.jpg,dataset_stage1/no_wound/Nomal/Male_Normal-1340.jpg,0,train,dataset_stage1/no_wound
Male_Normal-1000.jpg,dataset_stage1/no_wound/Nomal/Male_Normal-1000.jpg,0,train,dataset_stage1/no_wound
Male_Normal-0786.jpg,dataset_stage1/no_wound/Nomal/Male_Normal-0786.jpg,0,train,dataset_stage1/no_wound
Male_Normal-0330.jpg,dataset_stage1/no_wound/Nomal/Male_Normal-0330.jpg,0,train,dataset_stage1/no_wound
Male_Normal-0566.jpg,dataset_stage1/no_wound/Nomal/Male_Normal-0566.jpg,0,train,dataset_stage1/no_wound
Female_normal-423.jpg,dataset_stage1/no_wound/Nomal/Female_normal-423.jpg,0,train,dataset_stage1/no_wound
Male_Normal-1301.jpg,dataset_stage1/no_wound/Nomal/Male_Normal-1301.jpg,0,train,dataset_stage1/no_wound
Male_Normal-0518.jpg,dataset_stage1/no_wound/Nomal/Male_Normal-0518.jpg,0,train,dataset_stage1/no_wound
18.jpg,dataset_stage1/no_wound/N/18.jpg,0,train,dataset_stage1/no_wound
Male_Normal-0194.jpg,dataset_stage1/no_wound/Nomal/Male_Normal-0194.jpg,0,train,dataset_stage1/no_wound
Female_normal-033.jpg,dataset_stage1/no_wound/Nomal/Female_normal-033.jpg,0,train,dataset_stage1/no_wound
69.jpg,dataset_stage1/no_wound/BG/69.jpg,0,train,dataset_stage1/no_wound
Male_Normal-1691.jpg,dataset_stage1/no_wound/Nomal/Male_Normal-1691.jpg,0,train,dataset_stage1/no_wound
Male_Normal-1097.jpg,dataset_stage1/no_wound/Nomal/Male_Normal-1097.jpg,0,train,dataset_stage1/no_wound
Female_normal-337.jpg,dataset_stage1/no_wound/Nomal/Female_normal-337.jpg,0,train,dataset_stage1/no_wound
31.jpg,dataset_stage1/no_wound/N/31.jpg,0,train,dataset_stage1/no_wound
Male_Normal-1158.jpg,dataset_stage1/no_wound/Nomal/Male_Normal-1158.jpg,0,train,dataset_stage1/no_wound
Male_Normal-0279.jpg,dataset_stage1/no_wound/Nomal/Male_Normal-0279.jpg,0,train,dataset_stage1/no_wound
Male_Normal-1470.jpg,dataset_stage1/no_wound/Nomal/Male_Normal-1470.jpg,0,train,dataset_stage1/no_wound
Male_Normal-1001.jpg,dataset_stage1/no_wound/Nomal/Male_Normal-1001.jpg,0,train,dataset_stage1/no_wound
Male_Normal-1448.jpg,dataset_stage1/no_wound/Nomal/Male_Normal-1448.jpg,0,train,dataset_stage1/no_wound
Male_Normal-1314.jpg,dataset_stage1/no_wound/Nomal/Male_Normal-1314.jpg,0,train,dataset_stage1/no_wound
Male_Normal-1100.jpg,dataset_stage1/no_wound/Nomal/Male_Normal-1100.jpg,0,train,dataset_stage1/no_wound
Female_normal-285.jpg,dataset_stage1/no_wound/Nomal/Female_normal-285.jpg,0,train,dataset_stage1/no_wound
Male_Normal-0679.jpg,dataset_stage1/no_wound/Nomal/Male_Normal-0679.jpg,0,train,dataset_stage1/no_wound
Male_Normal-1660.jpg,dataset_stage1/no_wound/Nomal/Male_Normal-1660.jpg,0,train,dataset_stage1/no_wound
Male_Normal-1253.jpg,dataset_stage1/no_wound/Nomal/Male_Normal-1253.jpg,0,train,dataset_stage1/no_wound
Male_Normal-1611.jpg,dataset_stage1/no_wound/Nomal/Male_Normal-1611.jpg,0,train,dataset_stage1/no_wound
Male_Normal-0799.jpg,dataset_stage1/no_wound/Nomal/Male_Normal-0799.jpg,0,train,dataset_stage1/no_wound
Female_normal-719.jpg,dataset_stage1/no_wound/Nomal/Female_normal-719.jpg,0,train,dataset_stage1/no_wound
Male_Normal-0671.jpg,dataset_stage1/no_wound/Nomal/Male_Normal-0671.jpg,0,train,dataset_stage1/no_wound
Male_Normal-0051.jpg,dataset_stage1/no_wound/Nomal/Male_Normal-0051.jpg,0,train,dataset_stage1/no_wound
Male_Normal-0055.jpg,dataset_stage1/no_wound/Nomal/Male_Normal-0055.jpg,0,train,dataset_stage1/no_wound
Female_normal-683.jpg,dataset_stage1/no_wound/Nomal/Female_normal-683.jpg,0,train,dataset_stage1/no_wound
Male_Normal-0360.jpg,dataset_stage1/no_wound/Nomal/Male_Normal-0360.jpg,0,train,dataset_stage1/no_wound
Male_Normal-1210.jpg,dataset_stage1/no_wound/Nomal/Male_Normal-1210.jpg,0,train,dataset_stage1/no_wound
Female_normal-165.jpg,dataset_stage1/no_wound/Nomal/Female_normal-165.jpg,0,train,dataset_stage1/no_wound
Male_Normal-1150.jpg,dataset_stage1/no_wound/Nomal/Male_Normal-1150.jpg,0,train,dataset_stage1/no_wound
33.jpg,dataset_stage1/no_wound/BG/33.jpg,0,train,dataset_stage1/no_wound
Female_normal-274.jpg,dataset_stage1/no_wound/Nomal/Female_normal-274.jpg,0,train,dataset_stage1/no_wound
Female_normal-326.jpg,dataset_stage1/no_wound/Nomal/Female_normal-326.jpg,0,train,dataset_stage1/no_wound
Female_normal-526.jpg,dataset_stage1/no_wound/Nomal/Female_normal-526.jpg,0,train,dataset_stage1/no_wound
59.jpg,dataset_stage1/no_wound/BG/59.jpg,0,train,dataset_stage1/no_wound
Female_normal-439.jpg,dataset_stage1/no_wound/Nomal/Female_normal-439.jpg,0,train,dataset_stage1/no_wound
Female_normal-103.jpg,dataset_stage1/no_wound/Nomal/Female_normal-103.jpg,0,train,dataset_stage1/no_wound
Male_Normal-1885.jpg,dataset_stage1/no_wound/Nomal/Male_Normal-1885.jpg,0,train,dataset_stage1/no_wound
Male_Normal-0301.jpg,dataset_stage1/no_wound/Nomal/Male_Normal-0301.jpg,0,train,dataset_stage1/no_wound
Male_Normal-1620.jpg,dataset_stage1/no_wound/Nomal/Male_Normal-1620.jpg,0,train,dataset_stage1/no_wound
Female_normal-425.jpg,dataset_stage1/no_wound/Nomal/Female_normal-425.jpg,0,train,dataset_stage1/no_wound
Male_Normal-1080.jpg,dataset_stage1/no_wound/Nomal/Male_Normal-1080.jpg,0,train,dataset_stage1/no_wound
Male_Normal-0305.jpg,dataset_stage1/no_wound/Nomal/Male_Normal-0305.jpg,0,train,dataset_stage1/no_wound
Male_Normal-0074.jpg,dataset_stage1/no_wound/Nomal/Male_Normal-0074.jpg,0,train,dataset_stage1/no_wound
Female_normal-137.jpg,dataset_stage1/no_wound/Nomal/Female_normal-137.jpg,0,train,dataset_stage1/no_wound
51.jpg,dataset_stage1/no_wound/BG/51.jpg,0,train,dataset_stage1/no_wound
14.jpg,dataset_stage1/no_wound/N/14.jpg,0,train,dataset_stage1/no_wound
Male_Normal-0104.jpg,dataset_stage1/no_wound/Nomal/Male_Normal-0104.jpg,0,train,dataset_stage1/no_wound
Male_Normal-0169.jpg,dataset_stage1/no_wound/Nomal/Male_Normal-0169.jpg,0,train,dataset_stage1/no_wound
Male_Normal-1374.jpg,dataset_stage1/no_wound/Nomal/Male_Normal-1374.jpg,0,train,dataset_stage1/no_wound
Male_Normal-0861.jpg,dataset_stage1/no_wound/Nomal/Male_Normal-0861.jpg,0,train,dataset_stage1/no_wound
Male_Normal-0778.jpg,dataset_stage1/no_wound/Nomal/Male_Normal-0778.jpg,0,train,dataset_stage1/no_wound
Male_Normal-0126.jpg,dataset_stage1/no_wound/Nomal/Male_Normal-0126.jpg,0,train,dataset_stage1/no_wound
Male_Normal-0993.jpg,dataset_stage1/no_wound/Nomal/Male_Normal-0993.jpg,0,train,dataset_stage1/no_wound
Female_normal-324.jpg,dataset_stage1/no_wound/Nomal/Female_normal-324.jpg,0,train,dataset_stage1/no_wound
Male_Normal-0453.jpg,dataset_stage1/no_wound/Nomal/Male_Normal-0453.jpg,0,train,dataset_stage1/no_wound
Male_Normal-1592.jpg,dataset_stage1/no_wound/Nomal/Male_Normal-1592.jpg,0,train,dataset_stage1/no_wound
Female_normal-404.jpg,dataset_stage1/no_wound/Nomal/Female_normal-404.jpg,0,train,dataset_stage1/no_wound
Male_Normal-0514.jpg,dataset_stage1/no_wound/Nomal/Male_Normal-0514.jpg,0,train,dataset_stage1/no_wound
Male_Normal-1339.jpg,dataset_stage1/no_wound/Nomal/Male_Normal-1339.jpg,0,train,dataset_stage1/no_wound
63.jpg,dataset_stage1/no_wound/BG/63.jpg,0,train,dataset_stage1/no_wound
Male_Normal-1733.jpg,dataset_stage1/no_wound/Nomal/Male_Normal-1733.jpg,0,train,dataset_stage1/no_wound
Female_normal-472.jpg,dataset_stage1/no_wound/Nomal/Female_normal-472.jpg,0,train,dataset_stage1/no_wound
92.jpg,dataset_stage1/no_wound/BG/92.jpg,0,train,dataset_stage1/no_wound
Female_normal-467.jpg,dataset_stage1/no_wound/Nomal/Female_normal-467.jpg,0,train,dataset_stage1/no_wound
Male_Normal-0912.jpg,dataset_stage1/no_wound/Nomal/Male_Normal-0912.jpg,0,train,dataset_stage1/no_wound
Female_normal-081.jpg,dataset_stage1/no_wound/Nomal/Female_normal-081.jpg,0,train,dataset_stage1/no_wound
Male_Normal-0744.jpg,dataset_stage1/no_wound/Nomal/Male_Normal-0744.jpg,0,train,dataset_stage1/no_wound
Female_normal-160.jpg,dataset_stage1/no_wound/Nomal/Female_normal-160.jpg,0,train,dataset_stage1/no_wound
Female_normal-700.jpg,dataset_stage1/no_wound/Nomal/Female_normal-700.jpg,0,train,dataset_stage1/no_wound
Male_Normal-0960.jpg,dataset_stage1/no_wound/Nomal/Male_Normal-0960.jpg,0,train,dataset_stage1/no_wound
Male_Normal-1019.jpg,dataset_stage1/no_wound/Nomal/Male_Normal-1019.jpg,0,train,dataset_stage1/no_wound
Male_Normal-1300.jpg,dataset_stage1/no_wound/Nomal/Male_Normal-1300.jpg,0,train,dataset_stage1/no_wound
Female_normal-561.jpg,dataset_stage1/no_wound/Nomal/Female_normal-561.jpg,0,train,dataset_stage1/no_wound
Male_Normal-1183.jpg,dataset_stage1/no_wound/Nomal/Male_Normal-1183.jpg,0,train,dataset_stage1/no_wound
Male_Normal-1607.jpg,dataset_stage1/no_wound/Nomal/Male_Normal-1607.jpg,0,train,dataset_stage1/no_wound
47.jpg,dataset_stage1/no_wound/BG/47.jpg,0,train,dataset_stage1/no_wound
Male_Normal-1198.jpg,dataset_stage1/no_wound/Nomal/Male_Normal-1198.jpg,0,train,dataset_stage1/no_wound
Female_normal-005.jpg,dataset_stage1/no_wound/Nomal/Female_normal-005.jpg,0,train,dataset_stage1/no_wound
Male_Normal-0498.jpg,dataset_stage1/no_wound/Nomal/Male_Normal-0498.jpg,0,train,dataset_stage1/no_wound
Male_Normal-1125.jpg,dataset_stage1/no_wound/Nomal/Male_Normal-1125.jpg,0,train,dataset_stage1/no_wound
70.jpg,dataset_stage1/no_wound/BG/70.jpg,0,train,dataset_stage1/no_wound
Male_Normal-0900.jpg,dataset_stage1/no_wound/Nomal/Male_Normal-0900.jpg,0,train,dataset_stage1/no_wound
Male_Normal-1367.jpg,dataset_stage1/no_wound/Nomal/Male_Normal-1367.jpg,0,train,dataset_stage1/no_wound
Male_Normal-1256.jpg,dataset_stage1/no_wound/Nomal/Male_Normal-1256.jpg,0,train,dataset_stage1/no_wound
42.jpg,dataset_stage1/no_wound/N/42.jpg,0,train,dataset_stage1/no_wound
Female_normal-597.jpg,dataset_stage1/no_wound/Nomal/Female_normal-597.jpg,0,train,dataset_stage1/no_wound
Male_Normal-1205.jpg,dataset_stage1/no_wound/Nomal/Male_Normal-1205.jpg,0,train,dataset_stage1/no_wound
Male_Normal-1153.jpg,dataset_stage1/no_wound/Nomal/Male_Normal-1153.jpg,0,train,dataset_stage1/no_wound
Female_normal-559.jpg,dataset_stage1/no_wound/Nomal/Female_normal-559.jpg,0,train,dataset_stage1/no_wound
Female_normal-342.jpg,dataset_stage1/no_wound/Nomal/Female_normal-342.jpg,0,train,dataset_stage1/no_wound
Male_Normal-0044.jpg,dataset_stage1/no_wound/Nomal/Male_Normal-0044.jpg,0,train,dataset_stage1/no_wound
Male_Normal-1276.jpg,dataset_stage1/no_wound/Nomal/Male_Normal-1276.jpg,0,train,dataset_stage1/no_wound
68.jpg,dataset_stage1/no_wound/N/68.jpg,0,train,dataset_stage1/no_wound
Female_normal-049.jpg,dataset_stage1/no_wound/Nomal/Female_normal-049.jpg,0,train,dataset_stage1/no_wound
Male_Normal-0356.jpg,dataset_stage1/no_wound/Nomal/Male_Normal-0356.jpg,0,train,dataset_stage1/no_wound
Male_Normal-1042.jpg,dataset_stage1/no_wound/Nomal/Male_Normal-1042.jpg,0,train,dataset_stage1/no_wound
Female_normal-247.jpg,dataset_stage1/no_wound/Nomal/Female_normal-247.jpg,0,train,dataset_stage1/no_wound
Male_Normal-0383.jpg,dataset_stage1/no_wound/Nomal/Male_Normal-0383.jpg,0,train,dataset_stage1/no_wound
Male_Normal-1170.jpg,dataset_stage1/no_wound/Nomal/Male_Normal-1170.jpg,0,train,dataset_stage1/no_wound
Male_Normal-0354.jpg,dataset_stage1/no_wound/Nomal/Male_Normal-0354.jpg,0,train,dataset_stage1/no_wound
Male_Normal-1892.jpg,dataset_stage1/no_wound/Nomal/Male_Normal-1892.jpg,0,train,dataset_stage1/no_wound
Male_Normal-1175.jpg,dataset_stage1/no_wound/Nomal/Male_Normal-1175.jpg,0,train,dataset_stage1/no_wound
Female_normal-235.jpg,dataset_stage1/no_wound/Nomal/Female_normal-235.jpg,0,train,dataset_stage1/no_wound
Male_Normal-1147.jpg,dataset_stage1/no_wound/Nomal/Male_Normal-1147.jpg,0,train,dataset_stage1/no_wound
Female_normal-378.jpg,dataset_stage1/no_wound/Nomal/Female_normal-378.jpg,0,train,dataset_stage1/no_wound
Male_Normal-1379.jpg,dataset_stage1/no_wound/Nomal/Male_Normal-1379.jpg,0,train,dataset_stage1/no_wound
Male_Normal-1725.jpg,dataset_stage1/no_wound/Nomal/Male_Normal-1725.jpg,0,train,dataset_stage1/no_wound
Male_Normal-0873.jpg,dataset_stage1/no_wound/Nomal/Male_Normal-0873.jpg,0,train,dataset_stage1/no_wound
Female_normal-563.jpg,dataset_stage1/no_wound/Nomal/Female_normal-563.jpg,0,train,dataset_stage1/no_wound
Female_normal-189.jpg,dataset_stage1/no_wound/Nomal/Female_normal-189.jpg,0,train,dataset_stage1/no_wound
Female_normal-036.jpg,dataset_stage1/no_wound/Nomal/Female_normal-036.jpg,0,train,dataset_stage1/no_wound
Male_Normal-1654.jpg,dataset_stage1/no_wound/Nomal/Male_Normal-1654.jpg,0,train,dataset_stage1/no_wound
Male_Normal-1009.jpg,dataset_stage1/no_wound/Nomal/Male_Normal-1009.jpg,0,train,dataset_stage1/no_wound
Female_normal-068.jpg,dataset_stage1/no_wound/Nomal/Female_normal-068.jpg,0,train,dataset_stage1/no_wound
Female_normal-571.jpg,dataset_stage1/no_wound/Nomal/Female_normal-571.jpg,0,train,dataset_stage1/no_wound
Male_Normal-1190.jpg,dataset_stage1/no_wound/Nomal/Male_Normal-1190.jpg,0,train,dataset_stage1/no_wound
Female_normal-238.jpg,dataset_stage1/no_wound/Nomal/Female_normal-238.jpg,0,train,dataset_stage1/no_wound
Female_normal-474.jpg,dataset_stage1/no_wound/Nomal/Female_normal-474.jpg,0,train,dataset_stage1/no_wound
Female_normal-050.jpg,dataset_stage1/no_wound/Nomal/Female_normal-050.jpg,0,train,dataset_stage1/no_wound
Male_Normal-1226.jpg,dataset_stage1/no_wound/Nomal/Male_Normal-1226.jpg,0,train,dataset_stage1/no_wound
Male_Normal-0599.jpg,dataset_stage1/no_wound/Nomal/Male_Normal-0599.jpg,0,train,dataset_stage1/no_wound
Male_Normal-1167.jpg,dataset_stage1/no_wound/Nomal/Male_Normal-1167.jpg,0,train,dataset_stage1/no_wound
Male_Normal-1106.jpg,dataset_stage1/no_wound/Nomal/Male_Normal-1106.jpg,0,train,dataset_stage1/no_wound
Male_Normal-1602.jpg,dataset_stage1/no_wound/Nomal/Male_Normal-1602.jpg,0,train,dataset_stage1/no_wound
Male_Normal-1553.jpg,dataset_stage1/no_wound/Nomal/Male_Normal-1553.jpg,0,train,dataset_stage1/no_wound
Male_Normal-1723.jpg,dataset_stage1/no_wound/Nomal/Male_Normal-1723.jpg,0,train,dataset_stage1/no_wound
Female_normal-249.jpg,dataset_stage1/no_wound/Nomal/Female_normal-249.jpg,0,train,dataset_stage1/no_wound
Male_Normal-0494.jpg,dataset_stage1/no_wound/Nomal/Male_Normal-0494.jpg,0,train,dataset_stage1/no_wound
Female_normal-517.jpg,dataset_stage1/no_wound/Nomal/Female_normal-517.jpg,0,train,dataset_stage1/no_wound
Male_Normal-1595.jpg,dataset_stage1/no_wound/Nomal/Male_Normal-1595.jpg,0,train,dataset_stage1/no_wound
Male_Normal-1599.jpg,dataset_stage1/no_wound/Nomal/Male_Normal-1599.jpg,0,train,dataset_stage1/no_wound
Male_Normal-1073.jpg,dataset_stage1/no_wound/Nomal/Male_Normal-1073.jpg,0,train,dataset_stage1/no_wound
Male_Normal-0926.jpg,dataset_stage1/no_wound/Nomal/Male_Normal-0926.jpg,0,train,dataset_stage1/no_wound
Male_Normal-0193.jpg,dataset_stage1/no_wound/Nomal/Male_Normal-0193.jpg,0,train,dataset_stage1/no_wound
83.jpg,dataset_stage1/no_wound/BG/83.jpg,0,train,dataset_stage1/no_wound
Male_Normal-1427.jpg,dataset_stage1/no_wound/Nomal/Male_Normal-1427.jpg,0,train,dataset_stage1/no_wound
Male_Normal-0485.jpg,dataset_stage1/no_wound/Nomal/Male_Normal-0485.jpg,0,train,dataset_stage1/no_wound
Male_Normal-0918.jpg,dataset_stage1/no_wound/Nomal/Male_Normal-0918.jpg,0,train,dataset_stage1/no_wound
Male_Normal-0693.jpg,dataset_stage1/no_wound/Nomal/Male_Normal-0693.jpg,0,train,dataset_stage1/no_wound
Male_Normal-1025.jpg,dataset_stage1/no_wound/Nomal/Male_Normal-1025.jpg,0,train,dataset_stage1/no_wound
Female_normal-276.jpg,dataset_stage1/no_wound/Nomal/Female_normal-276.jpg,0,train,dataset_stage1/no_wound
Female_normal-318.jpg,dataset_stage1/no_wound/Nomal/Female_normal-318.jpg,0,train,dataset_stage1/no_wound
Female_normal-205.jpg,dataset_stage1/no_wound/Nomal/Female_normal-205.jpg,0,train,dataset_stage1/no_wound
Female_normal-185.jpg,dataset_stage1/no_wound/Nomal/Female_normal-185.jpg,0,train,dataset_stage1/no_wound
Male_Normal-1420.jpg,dataset_stage1/no_wound/Nomal/Male_Normal-1420.jpg,0,train,dataset_stage1/no_wound
Male_Normal-1177.jpg,dataset_stage1/no_wound/Nomal/Male_Normal-1177.jpg,0,train,dataset_stage1/no_wound
Male_Normal-0658.jpg,dataset_stage1/no_wound/Nomal/Male_Normal-0658.jpg,0,train,dataset_stage1/no_wound
Male_Normal-1842.jpg,dataset_stage1/no_wound/Nomal/Male_Normal-1842.jpg,0,train,dataset_stage1/no_wound
Female_normal-489.jpg,dataset_stage1/no_wound/Nomal/Female_normal-489.jpg,0,train,dataset_stage1/no_wound
Male_Normal-0265.jpg,dataset_stage1/no_wound/Nomal/Male_Normal-0265.jpg,0,train,dataset_stage1/no_wound
65.jpg,dataset_stage1/no_wound/BG/65.jpg,0,train,dataset_stage1/no_wound
Female_normal-653.jpg,dataset_stage1/no_wound/Nomal/Female_normal-653.jpg,0,train,dataset_stage1/no_wound
Male_Normal-1735.jpg,dataset_stage1/no_wound/Nomal/Male_Normal-1735.jpg,0,train,dataset_stage1/no_wound
Male_Normal-1462.jpg,dataset_stage1/no_wound/Nomal/Male_Normal-1462.jpg,0,train,dataset_stage1/no_wound
Male_Normal-0287.jpg,dataset_stage1/no_wound/Nomal/Male_Normal-0287.jpg,0,train,dataset_stage1/no_wound
Female_normal-024.jpg,dataset_stage1/no_wound/Nomal/Female_normal-024.jpg,0,train,dataset_stage1/no_wound
Male_Normal-1218.jpg,dataset_stage1/no_wound/Nomal/Male_Normal-1218.jpg,0,train,dataset_stage1/no_wound
Female_normal-174.jpg,dataset_stage1/no_wound/Nomal/Female_normal-174.jpg,0,train,dataset_stage1/no_wound
Male_Normal-0849.jpg,dataset_stage1/no_wound/Nomal/Male_Normal-0849.jpg,0,train,dataset_stage1/no_wound
Male_Normal-1522.jpg,dataset_stage1/no_wound/Nomal/Male_Normal-1522.jpg,0,train,dataset_stage1/no_wound
Male_Normal-1851.jpg,dataset_stage1/no_wound/Nomal/Male_Normal-1851.jpg,0,train,dataset_stage1/no_wound
Male_Normal-1702.jpg,dataset_stage1/no_wound/Nomal/Male_Normal-1702.jpg,0,train,dataset_stage1/no_wound
Male_Normal-1668.jpg,dataset_stage1/no_wound/Nomal/Male_Normal-1668.jpg,0,train,dataset_stage1/no_wound
17.jpg,dataset_stage1/no_wound/BG/17.jpg,0,train,dataset_stage1/no_wound
Male_Normal-0969.jpg,dataset_stage1/no_wound/Nomal/Male_Normal-0969.jpg,0,train,dataset_stage1/no_wound
Male_Normal-0863.jpg,dataset_stage1/no_wound/Nomal/Male_Normal-0863.jpg,0,train,dataset_stage1/no_wound
Female_normal-509.jpg,dataset_stage1/no_wound/Nomal/Female_normal-509.jpg,0,train,dataset_stage1/no_wound
Female_normal-056.jpg,dataset_stage1/no_wound/Nomal/Female_normal-056.jpg,0,train,dataset_stage1/no_wound
Male_Normal-0642.jpg,dataset_stage1/no_wound/Nomal/Male_Normal-0642.jpg,0,train,dataset_stage1/no_wound
Female_normal-190.jpg,dataset_stage1/no_wound/Nomal/Female_normal-190.jpg,0,train,dataset_stage1/no_wound
Male_Normal-0606.jpg,dataset_stage1/no_wound/Nomal/Male_Normal-0606.jpg,0,train,dataset_stage1/no_wound
Female_normal-725.jpg,dataset_stage1/no_wound/Nomal/Female_normal-725.jpg,0,train,dataset_stage1/no_wound
Male_Normal-1061.jpg,dataset_stage1/no_wound/Nomal/Male_Normal-1061.jpg,0,train,dataset_stage1/no_wound
Male_Normal-1391.jpg,dataset_stage1/no_wound/Nomal/Male_Normal-1391.jpg,0,train,dataset_stage1/no_wound
Male_Normal-0249.jpg,dataset_stage1/no_wound/Nomal/Male_Normal-0249.jpg,0,train,dataset_stage1/no_wound
Male_Normal-0971.jpg,dataset_stage1/no_wound/Nomal/Male_Normal-0971.jpg,0,train,dataset_stage1/no_wound
Female_normal-540.jpg,dataset_stage1/no_wound/Nomal/Female_normal-540.jpg,0,train,dataset_stage1/no_wound
45.jpg,dataset_stage1/no_wound/BG/45.jpg,0,train,dataset_stage1/no_wound
Female_normal-669.jpg,dataset_stage1/no_wound/Nomal/Female_normal-669.jpg,0,train,dataset_stage1/no_wound
Female_normal-340.jpg,dataset_stage1/no_wound/Nomal/Female_normal-340.jpg,0,train,dataset_stage1/no_wound
Male_Normal-1496.jpg,dataset_stage1/no_wound/Nomal/Male_Normal-1496.jpg,0,train,dataset_stage1/no_wound
Male_Normal-0396.jpg,dataset_stage1/no_wound/Nomal/Male_Normal-0396.jpg,0,train,dataset_stage1/no_wound
Male_Normal-0170.jpg,dataset_stage1/no_wound/Nomal/Male_Normal-0170.jpg,0,train,dataset_stage1/no_wound
Male_Normal-0056.jpg,dataset_stage1/no_wound/Nomal/Male_Normal-0056.jpg,0,train,dataset_stage1/no_wound
Female_normal-173.jpg,dataset_stage1/no_wound/Nomal/Female_normal-173.jpg,0,train,dataset_stage1/no_wound
Female_normal-468.jpg,dataset_stage1/no_wound/Nomal/Female_normal-468.jpg,0,train,dataset_stage1/no_wound
Female_normal-158.jpg,dataset_stage1/no_wound/Nomal/Female_normal-158.jpg,0,train,dataset_stage1/no_wound
Female_normal-768.jpg,dataset_stage1/no_wound/Nomal/Female_normal-768.jpg,0,train,dataset_stage1/no_wound
Male_Normal-0378.jpg,dataset_stage1/no_wound/Nomal/Male_Normal-0378.jpg,0,train,dataset_stage1/no_wound
Male_Normal-0060.jpg,dataset_stage1/no_wound/Nomal/Male_Normal-0060.jpg,0,train,dataset_stage1/no_wound
Female_normal-271.jpg,dataset_stage1/no_wound/Nomal/Female_normal-271.jpg,0,train,dataset_stage1/no_wound
Male_Normal-0421.jpg,dataset_stage1/no_wound/Nomal/Male_Normal-0421.jpg,0,train,dataset_stage1/no_wound
Male_Normal-1605.jpg,dataset_stage1/no_wound/Nomal/Male_Normal-1605.jpg,0,train,dataset_stage1/no_wound
Male_Normal-0574.jpg,dataset_stage1/no_wound/Nomal/Male_Normal-0574.jpg,0,train,dataset_stage1/no_wound
Male_Normal-0281.jpg,dataset_stage1/no_wound/Nomal/Male_Normal-0281.jpg,0,train,dataset_stage1/no_wound
Male_Normal-1119.jpg,dataset_stage1/no_wound/Nomal/Male_Normal-1119.jpg,0,train,dataset_stage1/no_wound
Male_Normal-0580.jpg,dataset_stage1/no_wound/Nomal/Male_Normal-0580.jpg,0,train,dataset_stage1/no_wound
Male_Normal-1574.jpg,dataset_stage1/no_wound/Nomal/Male_Normal-1574.jpg,0,train,dataset_stage1/no_wound
Male_Normal-0275.jpg,dataset_stage1/no_wound/Nomal/Male_Normal-0275.jpg,0,train,dataset_stage1/no_wound
Male_Normal-0724.jpg,dataset_stage1/no_wound/Nomal/Male_Normal-0724.jpg,0,train,dataset_stage1/no_wound
Male_Normal-0277.jpg,dataset_stage1/no_wound/Nomal/Male_Normal-0277.jpg,0,train,dataset_stage1/no_wound
Male_Normal-1764.jpg,dataset_stage1/no_wound/Nomal/Male_Normal-1764.jpg,0,train,dataset_stage1/no_wound
80.jpg,dataset_stage1/no_wound/BG/80.jpg,0,train,dataset_stage1/no_wound
Male_Normal-0197.jpg,dataset_stage1/no_wound/Nomal/Male_Normal-0197.jpg,0,train,dataset_stage1/no_wound
Female_normal-615.jpg,dataset_stage1/no_wound/Nomal/Female_normal-615.jpg,0,train,dataset_stage1/no_wound
Male_Normal-0877.jpg,dataset_stage1/no_wound/Nomal/Male_Normal-0877.jpg,0,train,dataset_stage1/no_wound
Male_Normal-1245.jpg,dataset_stage1/no_wound/Nomal/Male_Normal-1245.jpg,0,train,dataset_stage1/no_wound
Male_Normal-1613.jpg,dataset_stage1/no_wound/Nomal/Male_Normal-1613.jpg,0,train,dataset_stage1/no_wound
Male_Normal-1130.jpg,dataset_stage1/no_wound/Nomal/Male_Normal-1130.jpg,0,train,dataset_stage1/no_wound
39.jpg,dataset_stage1/no_wound/N/39.jpg,0,train,dataset_stage1/no_wound
Male_Normal-0165.jpg,dataset_stage1/no_wound/Nomal/Male_Normal-0165.jpg,0,train,dataset_stage1/no_wound
Female_normal-734.jpg,dataset_stage1/no_wound/Nomal/Female_normal-734.jpg,0,train,dataset_stage1/no_wound
Female_normal-729.jpg,dataset_stage1/no_wound/Nomal/Female_normal-729.jpg,0,train,dataset_stage1/no_wound
Female_normal-624.jpg,dataset_stage1/no_wound/Nomal/Female_normal-624.jpg,0,train,dataset_stage1/no_wound
Male_Normal-0556.jpg,dataset_stage1/no_wound/Nomal/Male_Normal-0556.jpg,0,train,dataset_stage1/no_wound
Male_Normal-0239.jpg,dataset_stage1/no_wound/Nomal/Male_Normal-0239.jpg,0,train,dataset_stage1/no_wound
Female_normal-305.jpg,dataset_stage1/no_wound/Nomal/Female_normal-305.jpg,0,train,dataset_stage1/no_wound
Male_Normal-1946.jpg,dataset_stage1/no_wound/Nomal/Male_Normal-1946.jpg,0,train,dataset_stage1/no_wound
Male_Normal-1021.jpg,dataset_stage1/no_wound/Nomal/Male_Normal-1021.jpg,0,train,dataset_stage1/no_wound
Male_Normal-0983.jpg,dataset_stage1/no_wound/Nomal/Male_Normal-0983.jpg,0,train,dataset_stage1/no_wound
Male_Normal-0409.jpg,dataset_stage1/no_wound/Nomal/Male_Normal-0409.jpg,0,train,dataset_stage1/no_wound
Female_normal-695.jpg,dataset_stage1/no_wound/Nomal/Female_normal-695.jpg,0,train,dataset_stage1/no_wound
Female_normal-629.jpg,dataset_stage1/no_wound/Nomal/Female_normal-629.jpg,0,train,dataset_stage1/no_wound
Male_Normal-1902.jpg,dataset_stage1/no_wound/Nomal/Male_Normal-1902.jpg,0,train,dataset_stage1/no_wound
Male_Normal-0708.jpg,dataset_stage1/no_wound/Nomal/Male_Normal-0708.jpg,0,train,dataset_stage1/no_wound
Male_Normal-1559.jpg,dataset_stage1/no_wound/Nomal/Male_Normal-1559.jpg,0,train,dataset_stage1/no_wound
Male_Normal-1606.jpg,dataset_stage1/no_wound/Nomal/Male_Normal-1606.jpg,0,train,dataset_stage1/no_wound
Male_Normal-1498.jpg,dataset_stage1/no_wound/Nomal/Male_Normal-1498.jpg,0,train,dataset_stage1/no_wound
Female_normal-453.jpg,dataset_stage1/no_wound/Nomal/Female_normal-453.jpg,0,train,dataset_stage1/no_wound
74.jpg,dataset_stage1/no_wound/N/74.jpg,0,train,dataset_stage1/no_wound
43.jpg,dataset_stage1/no_wound/BG/43.jpg,0,train,dataset_stage1/no_wound
Male_Normal-1843.jpg,dataset_stage1/no_wound/Nomal/Male_Normal-1843.jpg,0,train,dataset_stage1/no_wound
Female_normal-514.jpg,dataset_stage1/no_wound/Nomal/Female_normal-514.jpg,0,train,dataset_stage1/no_wound
90.jpg,dataset_stage1/no_wound/BG/90.jpg,0,train,dataset_stage1/no_wound
Male_Normal-1936.jpg,dataset_stage1/no_wound/Nomal/Male_Normal-1936.jpg,0,train,dataset_stage1/no_wound
Male_Normal-0230.jpg,dataset_stage1/no_wound/Nomal/Male_Normal-0230.jpg,0,train,dataset_stage1/no_wound
Male_Normal-1570.jpg,dataset_stage1/no_wound/Nomal/Male_Normal-1570.jpg,0,train,dataset_stage1/no_wound
Male_Normal-0852.jpg,dataset_stage1/no_wound/Nomal/Male_Normal-0852.jpg,0,train,dataset_stage1/no_wound
Male_Normal-0180.jpg,dataset_stage1/no_wound/Nomal/Male_Normal-0180.jpg,0,train,dataset_stage1/no_wound
Male_Normal-0349.jpg,dataset_stage1/no_wound/Nomal/Male_Normal-0349.jpg,0,train,dataset_stage1/no_wound
Female_normal-017.jpg,dataset_stage1/no_wound/Nomal/Female_normal-017.jpg,0,train,dataset_stage1/no_wound
Female_normal-311.jpg,dataset_stage1/no_wound/Nomal/Female_normal-311.jpg,0,train,dataset_stage1/no_wound
Male_Normal-0705.jpg,dataset_stage1/no_wound/Nomal/Male_Normal-0705.jpg,0,train,dataset_stage1/no_wound
Female_normal-300.jpg,dataset_stage1/no_wound/Nomal/Female_normal-300.jpg,0,train,dataset_stage1/no_wound
Male_Normal-1465.jpg,dataset_stage1/no_wound/Nomal/Male_Normal-1465.jpg,0,train,dataset_stage1/no_wound
Male_Normal-0881.jpg,dataset_stage1/no_wound/Nomal/Male_Normal-0881.jpg,0,train,dataset_stage1/no_wound
Male_Normal-0413.jpg,dataset_stage1/no_wound/Nomal/Male_Normal-0413.jpg,0,train,dataset_stage1/no_wound
Male_Normal-0544.jpg,dataset_stage1/no_wound/Nomal/Male_Normal-0544.jpg,0,train,dataset_stage1/no_wound
Male_Normal-1411.jpg,dataset_stage1/no_wound/Nomal/Male_Normal-1411.jpg,0,train,dataset_stage1/no_wound
Male_Normal-1805.jpg,dataset_stage1/no_wound/Nomal/Male_Normal-1805.jpg,0,train,dataset_stage1/no_wound
Male_Normal-1101.jpg,dataset_stage1/no_wound/Nomal/Male_Normal-1101.jpg,0,train,dataset_stage1/no_wound
Male_Normal-0565.jpg,dataset_stage1/no_wound/Nomal/Male_Normal-0565.jpg,0,train,dataset_stage1/no_wound
Male_Normal-0242.jpg,dataset_stage1/no_wound/Nomal/Male_Normal-0242.jpg,0,train,dataset_stage1/no_wound
Male_Normal-0441.jpg,dataset_stage1/no_wound/Nomal/Male_Normal-0441.jpg,0,train,dataset_stage1/no_wound
Male_Normal-1242.jpg,dataset_stage1/no_wound/Nomal/Male_Normal-1242.jpg,0,train,dataset_stage1/no_wound
Male_Normal-1534.jpg,dataset_stage1/no_wound/Nomal/Male_Normal-1534.jpg,0,train,dataset_stage1/no_wound
Male_Normal-0701.jpg,dataset_stage1/no_wound/Nomal/Male_Normal-0701.jpg,0,train,dataset_stage1/no_wound
Male_Normal-0222.jpg,dataset_stage1/no_wound/Nomal/Male_Normal-0222.jpg,0,train,dataset_stage1/no_wound
Male_Normal-0567.jpg,dataset_stage1/no_wound/Nomal/Male_Normal-0567.jpg,0,train,dataset_stage1/no_wound
Female_normal-754.jpg,dataset_stage1/no_wound/Nomal/Female_normal-754.jpg,0,train,dataset_stage1/no_wound
Female_normal-551.jpg,dataset_stage1/no_wound/Nomal/Female_normal-551.jpg,0,train,dataset_stage1/no_wound
Female_normal-035.jpg,dataset_stage1/no_wound/Nomal/Female_normal-035.jpg,0,train,dataset_stage1/no_wound
Female_normal-533.jpg,dataset_stage1/no_wound/Nomal/Female_normal-533.jpg,0,train,dataset_stage1/no_wound
Male_Normal-1974.jpg,dataset_stage1/no_wound/Nomal/Male_Normal-1974.jpg,0,train,dataset_stage1/no_wound
Male_Normal-0181.jpg,dataset_stage1/no_wound/Nomal/Male_Normal-0181.jpg,0,train,dataset_stage1/no_wound
Male_Normal-1558.jpg,dataset_stage1/no_wound/Nomal/Male_Normal-1558.jpg,0,train,dataset_stage1/no_wound
Male_Normal-0234.jpg,dataset_stage1/no_wound/Nomal/Male_Normal-0234.jpg,0,train,dataset_stage1/no_wound
Male_Normal-0090.jpg,dataset_stage1/no_wound/Nomal/Male_Normal-0090.jpg,0,train,dataset_stage1/no_wound
Male_Normal-1181.jpg,dataset_stage1/no_wound/Nomal/Male_Normal-1181.jpg,0,train,dataset_stage1/no_wound
Male_Normal-0087.jpg,dataset_stage1/no_wound/Nomal/Male_Normal-0087.jpg,0,train,dataset_stage1/no_wound
Male_Normal-0192.jpg,dataset_stage1/no_wound/Nomal/Male_Normal-0192.jpg,0,train,dataset_stage1/no_wound
Male_Normal-0517.jpg,dataset_stage1/no_wound/Nomal/Male_Normal-0517.jpg,0,train,dataset_stage1/no_wound
Male_Normal-1934.jpg,dataset_stage1/no_wound/Nomal/Male_Normal-1934.jpg,0,train,dataset_stage1/no_wound
Female_normal-685.jpg,dataset_stage1/no_wound/Nomal/Female_normal-685.jpg,0,train,dataset_stage1/no_wound
48.jpg,dataset_stage1/no_wound/N/48.jpg,0,train,dataset_stage1/no_wound
Male_Normal-1924.jpg,dataset_stage1/no_wound/Nomal/Male_Normal-1924.jpg,0,train,dataset_stage1/no_wound
Female_normal-651.jpg,dataset_stage1/no_wound/Nomal/Female_normal-651.jpg,0,train,dataset_stage1/no_wound
Female_normal-518.jpg,dataset_stage1/no_wound/Nomal/Female_normal-518.jpg,0,train,dataset_stage1/no_wound
Male_Normal-1825.jpg,dataset_stage1/no_wound/Nomal/Male_Normal-1825.jpg,0,train,dataset_stage1/no_wound
Female_normal-065.jpg,dataset_stage1/no_wound/Nomal/Female_normal-065.jpg,0,train,dataset_stage1/no_wound
77.jpg,dataset_stage1/no_wound/BG/77.jpg,0,train,dataset_stage1/no_wound
Female_normal-196.jpg,dataset_stage1/no_wound/Nomal/Female_normal-196.jpg,0,train,dataset_stage1/no_wound
Male_Normal-1531.jpg,dataset_stage1/no_wound/Nomal/Male_Normal-1531.jpg,0,train,dataset_stage1/no_wound
Male_Normal-1249.jpg,dataset_stage1/no_wound/Nomal/Male_Normal-1249.jpg,0,train,dataset_stage1/no_wound
Male_Normal-1782.jpg,dataset_stage1/no_wound/Nomal/Male_Normal-1782.jpg,0,train,dataset_stage1/no_wound
Female_normal-197.jpg,dataset_stage1/no_wound/Nomal/Female_normal-197.jpg,0,train,dataset_stage1/no_wound
Male_Normal-0390.jpg,dataset_stage1/no_wound/Nomal/Male_Normal-0390.jpg,0,train,dataset_stage1/no_wound
Male_Normal-1486.jpg,dataset_stage1/no_wound/Nomal/Male_Normal-1486.jpg,0,train,dataset_stage1/no_wound
Male_Normal-0928.jpg,dataset_stage1/no_wound/Nomal/Male_Normal-0928.jpg,0,train,dataset_stage1/no_wound
Female_normal-396.jpg,dataset_stage1/no_wound/Nomal/Female_normal-396.jpg,0,train,dataset_stage1/no_wound
Male_Normal-1134.jpg,dataset_stage1/no_wound/Nomal/Male_Normal-1134.jpg,0,train,dataset_stage1/no_wound
Male_Normal-0321.jpg,dataset_stage1/no_wound/Nomal/Male_Normal-0321.jpg,0,train,dataset_stage1/no_wound
Male_Normal-0846.jpg,dataset_stage1/no_wound/Nomal/Male_Normal-0846.jpg,0,train,dataset_stage1/no_wound
Female_normal-673.jpg,dataset_stage1/no_wound/Nomal/Female_normal-673.jpg,0,train,dataset_stage1/no_wound
Male_Normal-1893.jpg,dataset_stage1/no_wound/Nomal/Male_Normal-1893.jpg,0,train,dataset_stage1/no_wound
Male_Normal-1351.jpg,dataset_stage1/no_wound/Nomal/Male_Normal-1351.jpg,0,train,dataset_stage1/no_wound
Male_Normal-0573.jpg,dataset_stage1/no_wound/Nomal/Male_Normal-0573.jpg,0,train,dataset_stage1/no_wound
41.jpg,dataset_stage1/no_wound/BG/41.jpg,0,train,dataset_stage1/no_wound
Male_Normal-1512.jpg,dataset_stage1/no_wound/Nomal/Male_Normal-1512.jpg,0,train,dataset_stage1/no_wound
Male_Normal-1168.jpg,dataset_stage1/no_wound/Nomal/Male_Normal-1168.jpg,0,train,dataset_stage1/no_wound
Male_Normal-1541.jpg,dataset_stage1/no_wound/Nomal/Male_Normal-1541.jpg,0,train,dataset_stage1/no_wound
Male_Normal-0002.jpg,dataset_stage1/no_wound/Nomal/Male_Normal-0002.jpg,0,train,dataset_stage1/no_wound
Male_Normal-0596.jpg,dataset_stage1/no_wound/Nomal/Male_Normal-0596.jpg,0,train,dataset_stage1/no_wound
Male_Normal-0147.jpg,dataset_stage1/no_wound/Nomal/Male_Normal-0147.jpg,0,train,dataset_stage1/no_wound
Male_Normal-1264.jpg,dataset_stage1/no_wound/Nomal/Male_Normal-1264.jpg,0,train,dataset_stage1/no_wound
Male_Normal-0917.jpg,dataset_stage1/no_wound/Nomal/Male_Normal-0917.jpg,0,train,dataset_stage1/no_wound
Female_normal-476.jpg,dataset_stage1/no_wound/Nomal/Female_normal-476.jpg,0,train,dataset_stage1/no_wound
Female_normal-529.jpg,dataset_stage1/no_wound/Nomal/Female_normal-529.jpg,0,train,dataset_stage1/no_wound
Female_normal-213.jpg,dataset_stage1/no_wound/Nomal/Female_normal-213.jpg,0,train,dataset_stage1/no_wound
Male_Normal-0541.jpg,dataset_stage1/no_wound/Nomal/Male_Normal-0541.jpg,0,train,dataset_stage1/no_wound
Male_Normal-0674.jpg,dataset_stage1/no_wound/Nomal/Male_Normal-0674.jpg,0,train,dataset_stage1/no_wound
Female_normal-626.jpg,dataset_stage1/no_wound/Nomal/Female_normal-626.jpg,0,train,dataset_stage1/no_wound
Female_normal-417.jpg,dataset_stage1/no_wound/Nomal/Female_normal-417.jpg,0,train,dataset_stage1/no_wound
21.jpg,dataset_stage1/no_wound/N/21.jpg,0,train,dataset_stage1/no_wound
Female_normal-218.jpg,dataset_stage1/no_wound/Nomal/Female_normal-218.jpg,0,train,dataset_stage1/no_wound
Male_Normal-0650.jpg,dataset_stage1/no_wound/Nomal/Male_Normal-0650.jpg,0,train,dataset_stage1/no_wound
Male_Normal-1921.jpg,dataset_stage1/no_wound/Nomal/Male_Normal-1921.jpg,0,train,dataset_stage1/no_wound
9.jpg,dataset_stage1/no_wound/BG/9.jpg,0,train,dataset_stage1/no_wound
Male_Normal-1107.jpg,dataset_stage1/no_wound/Nomal/Male_Normal-1107.jpg,0,train,dataset_stage1/no_wound
Female_normal-554.jpg,dataset_stage1/no_wound/Nomal/Female_normal-554.jpg,0,train,dataset_stage1/no_wound
Male_Normal-0655.jpg,dataset_stage1/no_wound/Nomal/Male_Normal-0655.jpg,0,train,dataset_stage1/no_wound
19.jpg,dataset_stage1/no_wound/BG/19.jpg,0,train,dataset_stage1/no_wound
Male_Normal-1469.jpg,dataset_stage1/no_wound/Nomal/Male_Normal-1469.jpg,0,train,dataset_stage1/no_wound
Female_normal-085.jpg,dataset_stage1/no_wound/Nomal/Female_normal-085.jpg,0,train,dataset_stage1/no_wound
Male_Normal-0091.jpg,dataset_stage1/no_wound/Nomal/Male_Normal-0091.jpg,0,train,dataset_stage1/no_wound
Male_Normal-0216.jpg,dataset_stage1/no_wound/Nomal/Male_Normal-0216.jpg,0,train,dataset_stage1/no_wound
Male_Normal-0465.jpg,dataset_stage1/no_wound/Nomal/Male_Normal-0465.jpg,0,train,dataset_stage1/no_wound
Male_Normal-1784.jpg,dataset_stage1/no_wound/Nomal/Male_Normal-1784.jpg,0,train,dataset_stage1/no_wound
Male_Normal-1783.jpg,dataset_stage1/no_wound/Nomal/Male_Normal-1783.jpg,0,train,dataset_stage1/no_wound
Male_Normal-1694.jpg,dataset_stage1/no_wound/Nomal/Male_Normal-1694.jpg,0,train,dataset_stage1/no_wound
Male_Normal-0593.jpg,dataset_stage1/no_wound/Nomal/Male_Normal-0593.jpg,0,train,dataset_stage1/no_wound
Male_Normal-1452.jpg,dataset_stage1/no_wound/Nomal/Male_Normal-1452.jpg,0,train,dataset_stage1/no_wound
Male_Normal-1627.jpg,dataset_stage1/no_wound/Nomal/Male_Normal-1627.jpg,0,train,dataset_stage1/no_wound
Male_Normal-0712.jpg,dataset_stage1/no_wound/Nomal/Male_Normal-0712.jpg,0,train,dataset_stage1/no_wound
Female_normal-652.jpg,dataset_stage1/no_wound/Nomal/Female_normal-652.jpg,0,train,dataset_stage1/no_wound
Male_Normal-1232.jpg,dataset_stage1/no_wound/Nomal/Male_Normal-1232.jpg,0,train,dataset_stage1/no_wound
Female_normal-696.jpg,dataset_stage1/no_wound/Nomal/Female_normal-696.jpg,0,train,dataset_stage1/no_wound
Female_normal-297.jpg,dataset_stage1/no_wound/Nomal/Female_normal-297.jpg,0,train,dataset_stage1/no_wound
Male_Normal-1330.jpg,dataset_stage1/no_wound/Nomal/Male_Normal-1330.jpg,0,train,dataset_stage1/no_wound
Male_Normal-0807.jpg,dataset_stage1/no_wound/Nomal/Male_Normal-0807.jpg,0,train,dataset_stage1/no_wound
Female_normal-136.jpg,dataset_stage1/no_wound/Nomal/Female_normal-136.jpg,0,train,dataset_stage1/no_wound
Female_normal-316.jpg,dataset_stage1/no_wound/Nomal/Female_normal-316.jpg,0,train,dataset_stage1/no_wound
Male_Normal-0373.jpg,dataset_stage1/no_wound/Nomal/Male_Normal-0373.jpg,0,train,dataset_stage1/no_wound
Male_Normal-0040.jpg,dataset_stage1/no_wound/Nomal/Male_Normal-0040.jpg,0,train,dataset_stage1/no_wound
Male_Normal-1791.jpg,dataset_stage1/no_wound/Nomal/Male_Normal-1791.jpg,0,train,dataset_stage1/no_wound
Male_Normal-1786.jpg,dataset_stage1/no_wound/Nomal/Male_Normal-1786.jpg,0,train,dataset_stage1/no_wound
Male_Normal-0806.jpg,dataset_stage1/no_wound/Nomal/Male_Normal-0806.jpg,0,train,dataset_stage1/no_wound
Male_Normal-0810.jpg,dataset_stage1/no_wound/Nomal/Male_Normal-0810.jpg,0,train,dataset_stage1/no_wound
Male_Normal-1095.jpg,dataset_stage1/no_wound/Nomal/Male_Normal-1095.jpg,0,train,dataset_stage1/no_wound
Female_normal-157.jpg,dataset_stage1/no_wound/Nomal/Female_normal-157.jpg,0,train,dataset_stage1/no_wound
Male_Normal-1835.jpg,dataset_stage1/no_wound/Nomal/Male_Normal-1835.jpg,0,train,dataset_stage1/no_wound
Male_Normal-0337.jpg,dataset_stage1/no_wound/Nomal/Male_Normal-0337.jpg,0,train,dataset_stage1/no_wound
Male_Normal-0660.jpg,dataset_stage1/no_wound/Nomal/Male_Normal-0660.jpg,0,train,dataset_stage1/no_wound
Female_normal-351.jpg,dataset_stage1/no_wound/Nomal/Female_normal-351.jpg,0,train,dataset_stage1/no_wound
Male_Normal-1413.jpg,dataset_stage1/no_wound/Nomal/Male_Normal-1413.jpg,0,train,dataset_stage1/no_wound
Male_Normal-1504.jpg,dataset_stage1/no_wound/Nomal/Male_Normal-1504.jpg,0,train,dataset_stage1/no_wound
Male_Normal-1290.jpg,dataset_stage1/no_wound/Nomal/Male_Normal-1290.jpg,0,train,dataset_stage1/no_wound
Male_Normal-0252.jpg,dataset_stage1/no_wound/Nomal/Male_Normal-0252.jpg,0,train,dataset_stage1/no_wound
Male_Normal-1664.jpg,dataset_stage1/no_wound/Nomal/Male_Normal-1664.jpg,0,train,dataset_stage1/no_wound
Female_normal-758.jpg,dataset_stage1/no_wound/Nomal/Female_normal-758.jpg,0,train,dataset_stage1/no_wound
Male_Normal-0798.jpg,dataset_stage1/no_wound/Nomal/Male_Normal-0798.jpg,0,train,dataset_stage1/no_wound
Male_Normal-1166.jpg,dataset_stage1/no_wound/Nomal/Male_Normal-1166.jpg,0,train,dataset_stage1/no_wound
Male_Normal-0033.jpg,dataset_stage1/no_wound/Nomal/Male_Normal-0033.jpg,0,train,dataset_stage1/no_wound
Male_Normal-0117.jpg,dataset_stage1/no_wound/Nomal/Male_Normal-0117.jpg,0,train,dataset_stage1/no_wound
Male_Normal-1658.jpg,dataset_stage1/no_wound/Nomal/Male_Normal-1658.jpg,0,train,dataset_stage1/no_wound
Male_Normal-0021.jpg,dataset_stage1/no_wound/Nomal/Male_Normal-0021.jpg,0,train,dataset_stage1/no_wound
Male_Normal-0704.jpg,dataset_stage1/no_wound/Nomal/Male_Normal-0704.jpg,0,train,dataset_stage1/no_wound
57.jpg,dataset_stage1/no_wound/N/57.jpg,0,train,dataset_stage1/no_wound
Male_Normal-1766.jpg,dataset_stage1/no_wound/Nomal/Male_Normal-1766.jpg,0,train,dataset_stage1/no_wound
Female_normal-381.jpg,dataset_stage1/no_wound/Nomal/Female_normal-381.jpg,0,train,dataset_stage1/no_wound
Male_Normal-0495.jpg,dataset_stage1/no_wound/Nomal/Male_Normal-0495.jpg,0,train,dataset_stage1/no_wound
Female_normal-504.jpg,dataset_stage1/no_wound/Nomal/Female_normal-504.jpg,0,train,dataset_stage1/no_wound
Male_Normal-0237.jpg,dataset_stage1/no_wound/Nomal/Male_Normal-0237.jpg,0,train,dataset_stage1/no_wound
Female_normal-697.jpg,dataset_stage1/no_wound/Nomal/Female_normal-697.jpg,0,train,dataset_stage1/no_wound
Female_normal-288.jpg,dataset_stage1/no_wound/Nomal/Female_normal-288.jpg,0,train,dataset_stage1/no_wound
Female_normal-360.jpg,dataset_stage1/no_wound/Nomal/Female_normal-360.jpg,0,train,dataset_stage1/no_wound
Male_Normal-0166.jpg,dataset_stage1/no_wound/Nomal/Male_Normal-0166.jpg,0,train,dataset_stage1/no_wound
Male_Normal-0144.jpg,dataset_stage1/no_wound/Nomal/Male_Normal-0144.jpg,0,train,dataset_stage1/no_wound
Female_normal-313.jpg,dataset_stage1/no_wound/Nomal/Female_normal-313.jpg,0,train,dataset_stage1/no_wound
Female_normal-434.jpg,dataset_stage1/no_wound/Nomal/Female_normal-434.jpg,0,train,dataset_stage1/no_wound
Male_Normal-1649.jpg,dataset_stage1/no_wound/Nomal/Male_Normal-1649.jpg,0,train,dataset_stage1/no_wound
Male_Normal-0689.jpg,dataset_stage1/no_wound/Nomal/Male_Normal-0689.jpg,0,train,dataset_stage1/no_wound
Male_Normal-0037.jpg,dataset_stage1/no_wound/Nomal/Male_Normal-0037.jpg,0,train,dataset_stage1/no_wound
Male_Normal-0956.jpg,dataset_stage1/no_wound/Nomal/Male_Normal-0956.jpg,0,train,dataset_stage1/no_wound
Male_Normal-0175.jpg,dataset_stage1/no_wound/Nomal/Male_Normal-0175.jpg,0,train,dataset_stage1/no_wound
Male_Normal-1788.jpg,dataset_stage1/no_wound/Nomal/Male_Normal-1788.jpg,0,train,dataset_stage1/no_wound
23.jpg,dataset_stage1/no_wound/N/23.jpg,0,train,dataset_stage1/no_wound
Female_normal-541.jpg,dataset_stage1/no_wound/Nomal/Female_normal-541.jpg,0,train,dataset_stage1/no_wound
Male_Normal-1747.jpg,dataset_stage1/no_wound/Nomal/Male_Normal-1747.jpg,0,train,dataset_stage1/no_wound
Male_Normal-0999.jpg,dataset_stage1/no_wound/Nomal/Male_Normal-0999.jpg,0,train,dataset_stage1/no_wound
Male_Normal-0106.jpg,dataset_stage1/no_wound/Nomal/Male_Normal-0106.jpg,0,train,dataset_stage1/no_wound
Male_Normal-0835.jpg,dataset_stage1/no_wound/Nomal/Male_Normal-0835.jpg,0,train,dataset_stage1/no_wound
Female_normal-631.jpg,dataset_stage1/no_wound/Nomal/Female_normal-631.jpg,0,train,dataset_stage1/no_wound
26.jpg,dataset_stage1/no_wound/N/26.jpg,0,train,dataset_stage1/no_wound
Female_normal-457.jpg,dataset_stage1/no_wound/Nomal/Female_normal-457.jpg,0,train,dataset_stage1/no_wound
Male_Normal-1716.jpg,dataset_stage1/no_wound/Nomal/Male_Normal-1716.jpg,0,train,dataset_stage1/no_wound
Male_Normal-1676.jpg,dataset_stage1/no_wound/Nomal/Male_Normal-1676.jpg,0,train,dataset_stage1/no_wound
Male_Normal-1914.jpg,dataset_stage1/no_wound/Nomal/Male_Normal-1914.jpg,0,train,dataset_stage1/no_wound
Female_normal-436.jpg,dataset_stage1/no_wound/Nomal/Female_normal-436.jpg,0,train,dataset_stage1/no_wound
Female_normal-170.jpg,dataset_stage1/no_wound/Nomal/Female_normal-170.jpg,0,train,dataset_stage1/no_wound
Female_normal-069.jpg,dataset_stage1/no_wound/Nomal/Female_normal-069.jpg,0,train,dataset_stage1/no_wound
50.jpg,dataset_stage1/no_wound/BG/50.jpg,0,train,dataset_stage1/no_wound
Male_Normal-0016.jpg,dataset_stage1/no_wound/Nomal/Male_Normal-0016.jpg,0,train,dataset_stage1/no_wound
Female_normal-677.jpg,dataset_stage1/no_wound/Nomal/Female_normal-677.jpg,0,train,dataset_stage1/no_wound
Female_normal-574.jpg,dataset_stage1/no_wound/Nomal/Female_normal-574.jpg,0,train,dataset_stage1/no_wound
Male_Normal-0244.jpg,dataset_stage1/no_wound/Nomal/Male_Normal-0244.jpg,0,train,dataset_stage1/no_wound
Male_Normal-0151.jpg,dataset_stage1/no_wound/Nomal/Male_Normal-0151.jpg,0,train,dataset_stage1/no_wound
12.jpg,dataset_stage1/no_wound/BG/12.jpg,0,train,dataset_stage1/no_wound
Male_Normal-0620.jpg,dataset_stage1/no_wound/Nomal/Male_Normal-0620.jpg,0,train,dataset_stage1/no_wound
Male_Normal-1336.jpg,dataset_stage1/no_wound/Nomal/Male_Normal-1336.jpg,0,train,dataset_stage1/no_wound
Male_Normal-1516.jpg,dataset_stage1/no_wound/Nomal/Male_Normal-1516.jpg,0,train,dataset_stage1/no_wound
Male_Normal-0102.jpg,dataset_stage1/no_wound/Nomal/Male_Normal-0102.jpg,0,train,dataset_stage1/no_wound
Female_normal-638.jpg,dataset_stage1/no_wound/Nomal/Female_normal-638.jpg,0,train,dataset_stage1/no_wound
Female_normal-482.jpg,dataset_stage1/no_wound/Nomal/Female_normal-482.jpg,0,train,dataset_stage1/no_wound
Male_Normal-0740.jpg,dataset_stage1/no_wound/Nomal/Male_Normal-0740.jpg,0,train,dataset_stage1/no_wound
Male_Normal-1377.jpg,dataset_stage1/no_wound/Nomal/Male_Normal-1377.jpg,0,train,dataset_stage1/no_wound
Male_Normal-1386.jpg,dataset_stage1/no_wound/Nomal/Male_Normal-1386.jpg,0,train,dataset_stage1/no_wound
Male_Normal-1222.jpg,dataset_stage1/no_wound/Nomal/Male_Normal-1222.jpg,0,train,dataset_stage1/no_wound
Male_Normal-0173.jpg,dataset_stage1/no_wound/Nomal/Male_Normal-0173.jpg,0,train,dataset_stage1/no_wound
Female_normal-375.jpg,dataset_stage1/no_wound/Nomal/Female_normal-375.jpg,0,train,dataset_stage1/no_wound
54.jpg,dataset_stage1/no_wound/BG/54.jpg,0,train,dataset_stage1/no_wound
Female_normal-654.jpg,dataset_stage1/no_wound/Nomal/Female_normal-654.jpg,0,train,dataset_stage1/no_wound
Male_Normal-1007.jpg,dataset_stage1/no_wound/Nomal/Male_Normal-1007.jpg,0,train,dataset_stage1/no_wound
Male_Normal-0848.jpg,dataset_stage1/no_wound/Nomal/Male_Normal-0848.jpg,0,train,dataset_stage1/no_wound
Female_normal-634.jpg,dataset_stage1/no_wound/Nomal/Female_normal-634.jpg,0,train,dataset_stage1/no_wound
Male_Normal-0140.jpg,dataset_stage1/no_wound/Nomal/Male_Normal-0140.jpg,0,train,dataset_stage1/no_wound
Male_Normal-0191.jpg,dataset_stage1/no_wound/Nomal/Male_Normal-0191.jpg,0,train,dataset_stage1/no_wound
Male_Normal-1543.jpg,dataset_stage1/no_wound/Nomal/Male_Normal-1543.jpg,0,train,dataset_stage1/no_wound
Male_Normal-0931.jpg,dataset_stage1/no_wound/Nomal/Male_Normal-0931.jpg,0,train,dataset_stage1/no_wound
Female_normal-772.jpg,dataset_stage1/no_wound/Nomal/Female_normal-772.jpg,0,train,dataset_stage1/no_wound
Female_normal-200.jpg,dataset_stage1/no_wound/Nomal/Female_normal-200.jpg,0,train,dataset_stage1/no_wound
Male_Normal-1584.jpg,dataset_stage1/no_wound/Nomal/Male_Normal-1584.jpg,0,train,dataset_stage1/no_wound
Male_Normal-1393.jpg,dataset_stage1/no_wound/Nomal/Male_Normal-1393.jpg,0,train,dataset_stage1/no_wound
26.jpg,dataset_stage1/no_wound/BG/26.jpg,0,train,dataset_stage1/no_wound
Female_normal-485.jpg,dataset_stage1/no_wound/Nomal/Female_normal-485.jpg,0,train,dataset_stage1/no_wound
40.jpg,dataset_stage1/no_wound/BG/40.jpg,0,train,dataset_stage1/no_wound
Male_Normal-1812.jpg,dataset_stage1/no_wound/Nomal/Male_Normal-1812.jpg,0,train,dataset_stage1/no_wound
Female_normal-325.jpg,dataset_stage1/no_wound/Nomal/Female_normal-325.jpg,0,train,dataset_stage1/no_wound
Male_Normal-1480.jpg,dataset_stage1/no_wound/Nomal/Male_Normal-1480.jpg,0,train,dataset_stage1/no_wound
Female_normal-721.jpg,dataset_stage1/no_wound/Nomal/Female_normal-721.jpg,0,train,dataset_stage1/no_wound
Male_Normal-0866.jpg,dataset_stage1/no_wound/Nomal/Male_Normal-0866.jpg,0,train,dataset_stage1/no_wound
Male_Normal-0915.jpg,dataset_stage1/no_wound/Nomal/Male_Normal-0915.jpg,0,train,dataset_stage1/no_wound
Female_normal-338.jpg,dataset_stage1/no_wound/Nomal/Female_normal-338.jpg,0,train,dataset_stage1/no_wound
Male_Normal-0730.jpg,dataset_stage1/no_wound/Nomal/Male_Normal-0730.jpg,0,train,dataset_stage1/no_wound
Male_Normal-1937.jpg,dataset_stage1/no_wound/Nomal/Male_Normal-1937.jpg,0,train,dataset_stage1/no_wound
Female_normal-046.jpg,dataset_stage1/no_wound/Nomal/Female_normal-046.jpg,0,train,dataset_stage1/no_wound
Female_normal-585.jpg,dataset_stage1/no_wound/Nomal/Female_normal-585.jpg,0,train,dataset_stage1/no_wound
Male_Normal-0434.jpg,dataset_stage1/no_wound/Nomal/Male_Normal-0434.jpg,0,train,dataset_stage1/no_wound
Male_Normal-1562.jpg,dataset_stage1/no_wound/Nomal/Male_Normal-1562.jpg,0,train,dataset_stage1/no_wound
58.jpg,dataset_stage1/no_wound/N/58.jpg,0,train,dataset_stage1/no_wound
Male_Normal-0711.jpg,dataset_stage1/no_wound/Nomal/Male_Normal-0711.jpg,0,train,dataset_stage1/no_wound
Female_normal-426.jpg,dataset_stage1/no_wound/Nomal/Female_normal-426.jpg,0,train,dataset_stage1/no_wound
Male_Normal-1858.jpg,dataset_stage1/no_wound/Nomal/Male_Normal-1858.jpg,0,train,dataset_stage1/no_wound
Male_Normal-0371.jpg,dataset_stage1/no_wound/Nomal/Male_Normal-0371.jpg,0,train,dataset_stage1/no_wound
Female_normal-370.jpg,dataset_stage1/no_wound/Nomal/Female_normal-370.jpg,0,train,dataset_stage1/no_wound
Male_Normal-0783.jpg,dataset_stage1/no_wound/Nomal/Male_Normal-0783.jpg,0,train,dataset_stage1/no_wound
Male_Normal-0841.jpg,dataset_stage1/no_wound/Nomal/Male_Normal-0841.jpg,0,train,dataset_stage1/no_wound
Male_Normal-1090.jpg,dataset_stage1/no_wound/Nomal/Male_Normal-1090.jpg,0,train,dataset_stage1/no_wound
33.jpg,dataset_stage1/no_wound/N/33.jpg,0,train,dataset_stage1/no_wound
Male_Normal-1959.jpg,dataset_stage1/no_wound/Nomal/Male_Normal-1959.jpg,0,train,dataset_stage1/no_wound
Male_Normal-1031.jpg,dataset_stage1/no_wound/Nomal/Male_Normal-1031.jpg,0,train,dataset_stage1/no_wound
Male_Normal-0005.jpg,dataset_stage1/no_wound/Nomal/Male_Normal-0005.jpg,0,train,dataset_stage1/no_wound
Male_Normal-1956.jpg,dataset_stage1/no_wound/Nomal/Male_Normal-1956.jpg,0,train,dataset_stage1/no_wound
90.jpg,dataset_stage1/no_wound/N/90.jpg,0,train,dataset_stage1/no_wound
Male_Normal-0164.jpg,dataset_stage1/no_wound/Nomal/Male_Normal-0164.jpg,0,train,dataset_stage1/no_wound
Male_Normal-0017.jpg,dataset_stage1/no_wound/Nomal/Male_Normal-0017.jpg,0,train,dataset_stage1/no_wound
Female_normal-500.jpg,dataset_stage1/no_wound/Nomal/Female_normal-500.jpg,0,train,dataset_stage1/no_wound
Female_normal-407.jpg,dataset_stage1/no_wound/Nomal/Female_normal-407.jpg,0,train,dataset_stage1/no_wound
81.jpg,dataset_stage1/no_wound/N/81.jpg,0,train,dataset_stage1/no_wound
Female_normal-102.jpg,dataset_stage1/no_wound/Nomal/Female_normal-102.jpg,0,train,dataset_stage1/no_wound
Male_Normal-1569.jpg,dataset_stage1/no_wound/Nomal/Male_Normal-1569.jpg,0,train,dataset_stage1/no_wound
Male_Normal-1945.jpg,dataset_stage1/no_wound/Nomal/Male_Normal-1945.jpg,0,train,dataset_stage1/no_wound
Male_Normal-0085.jpg,dataset_stage1/no_wound/Nomal/Male_Normal-0085.jpg,0,train,dataset_stage1/no_wound
Male_Normal-1910.jpg,dataset_stage1/no_wound/Nomal/Male_Normal-1910.jpg,0,train,dataset_stage1/no_wound
Male_Normal-1860.jpg,dataset_stage1/no_wound/Nomal/Male_Normal-1860.jpg,0,train,dataset_stage1/no_wound
Male_Normal-1590.jpg,dataset_stage1/no_wound/Nomal/Male_Normal-1590.jpg,0,train,dataset_stage1/no_wound
Male_Normal-0094.jpg,dataset_stage1/no_wound/Nomal/Male_Normal-0094.jpg,0,train,dataset_stage1/no_wound
Male_Normal-1549.jpg,dataset_stage1/no_wound/Nomal/Male_Normal-1549.jpg,0,train,dataset_stage1/no_wound
Male_Normal-1230.jpg,dataset_stage1/no_wound/Nomal/Male_Normal-1230.jpg,0,train,dataset_stage1/no_wound
Male_Normal-0268.jpg,dataset_stage1/no_wound/Nomal/Male_Normal-0268.jpg,0,train,dataset_stage1/no_wound
23.jpg,dataset_stage1/no_wound/BG/23.jpg,0,train,dataset_stage1/no_wound
Male_Normal-1962.jpg,dataset_stage1/no_wound/Nomal/Male_Normal-1962.jpg,0,train,dataset_stage1/no_wound
Female_normal-347.jpg,dataset_stage1/no_wound/Nomal/Female_normal-347.jpg,0,train,dataset_stage1/no_wound
Female_normal-459.jpg,dataset_stage1/no_wound/Nomal/Female_normal-459.jpg,0,train,dataset_stage1/no_wound
Male_Normal-1688.jpg,dataset_stage1/no_wound/Nomal/Male_Normal-1688.jpg,0,train,dataset_stage1/no_wound
Male_Normal-1719.jpg,dataset_stage1/no_wound/Nomal/Male_Normal-1719.jpg,0,train,dataset_stage1/no_wound
Male_Normal-0529.jpg,dataset_stage1/no_wound/Nomal/Male_Normal-0529.jpg,0,train,dataset_stage1/no_wound
Female_normal-760.jpg,dataset_stage1/no_wound/Nomal/Female_normal-760.jpg,0,train,dataset_stage1/no_wound
Male_Normal-1356.jpg,dataset_stage1/no_wound/Nomal/Male_Normal-1356.jpg,0,train,dataset_stage1/no_wound
Female_normal-598.jpg,dataset_stage1/no_wound/Nomal/Female_normal-598.jpg,0,train,dataset_stage1/no_wound
Female_normal-026.jpg,dataset_stage1/no_wound/Nomal/Female_normal-026.jpg,0,train,dataset_stage1/no_wound
Male_Normal-1099.jpg,dataset_stage1/no_wound/Nomal/Male_Normal-1099.jpg,0,train,dataset_stage1/no_wound
Male_Normal-0824.jpg,dataset_stage1/no_wound/Nomal/Male_Normal-0824.jpg,0,train,dataset_stage1/no_wound
Male_Normal-1510.jpg,dataset_stage1/no_wound/Nomal/Male_Normal-1510.jpg,0,train,dataset_stage1/no_wound
Male_Normal-1970.jpg,dataset_stage1/no_wound/Nomal/Male_Normal-1970.jpg,0,train,dataset_stage1/no_wound
Male_Normal-1302.jpg,dataset_stage1/no_wound/Nomal/Male_Normal-1302.jpg,0,train,dataset_stage1/no_wound
Male_Normal-1110.jpg,dataset_stage1/no_wound/Nomal/Male_Normal-1110.jpg,0,train,dataset_stage1/no_wound
Male_Normal-0718.jpg,dataset_stage1/no_wound/Nomal/Male_Normal-0718.jpg,0,train,dataset_stage1/no_wound
Male_Normal-0070.jpg,dataset_stage1/no_wound/Nomal/Male_Normal-0070.jpg,0,train,dataset_stage1/no_wound
Female_normal-270.jpg,dataset_stage1/no_wound/Nomal/Female_normal-270.jpg,0,train,dataset_stage1/no_wound
Female_normal-755.jpg,dataset_stage1/no_wound/Nomal/Female_normal-755.jpg,0,train,dataset_stage1/no_wound
Male_Normal-1958.jpg,dataset_stage1/no_wound/Nomal/Male_Normal-1958.jpg,0,train,dataset_stage1/no_wound
Female_normal-440.jpg,dataset_stage1/no_wound/Nomal/Female_normal-440.jpg,0,train,dataset_stage1/no_wound
Male_Normal-1762.jpg,dataset_stage1/no_wound/Nomal/Male_Normal-1762.jpg,0,train,dataset_stage1/no_wound
Male_Normal-0243.jpg,dataset_stage1/no_wound/Nomal/Male_Normal-0243.jpg,0,train,dataset_stage1/no_wound
Male_Normal-0183.jpg,dataset_stage1/no_wound/Nomal/Male_Normal-0183.jpg,0,train,dataset_stage1/no_wound
Male_Normal-0440.jpg,dataset_stage1/no_wound/Nomal/Male_Normal-0440.jpg,0,train,dataset_stage1/no_wound
Male_Normal-1697.jpg,dataset_stage1/no_wound/Nomal/Male_Normal-1697.jpg,0,train,dataset_stage1/no_wound
Male_Normal-0552.jpg,dataset_stage1/no_wound/Nomal/Male_Normal-0552.jpg,0,train,dataset_stage1/no_wound
Male_Normal-1903.jpg,dataset_stage1/no_wound/Nomal/Male_Normal-1903.jpg,0,train,dataset_stage1/no_wound
Male_Normal-0325.jpg,dataset_stage1/no_wound/Nomal/Male_Normal-0325.jpg,0,train,dataset_stage1/no_wound
Male_Normal-1848.jpg,dataset_stage1/no_wound/Nomal/Male_Normal-1848.jpg,0,train,dataset_stage1/no_wound
Male_Normal-0628.jpg,dataset_stage1/no_wound/Nomal/Male_Normal-0628.jpg,0,train,dataset_stage1/no_wound
63.jpg,dataset_stage1/no_wound/N/63.jpg,0,train,dataset_stage1/no_wound
Male_Normal-0729.jpg,dataset_stage1/no_wound/Nomal/Male_Normal-0729.jpg,0,train,dataset_stage1/no_wound
Female_normal-757.jpg,dataset_stage1/no_wound/Nomal/Female_normal-757.jpg,0,train,dataset_stage1/no_wound
Male_Normal-1897.jpg,dataset_stage1/no_wound/Nomal/Male_Normal-1897.jpg,0,train,dataset_stage1/no_wound
Female_normal-678.jpg,dataset_stage1/no_wound/Nomal/Female_normal-678.jpg,0,train,dataset_stage1/no_wound
Male_Normal-0944.jpg,dataset_stage1/no_wound/Nomal/Male_Normal-0944.jpg,0,train,dataset_stage1/no_wound
Male_Normal-0909.jpg,dataset_stage1/no_wound/Nomal/Male_Normal-0909.jpg,0,train,dataset_stage1/no_wound
Male_Normal-1225.jpg,dataset_stage1/no_wound/Nomal/Male_Normal-1225.jpg,0,train,dataset_stage1/no_wound
98.jpg,dataset_stage1/no_wound/BG/98.jpg,0,train,dataset_stage1/no_wound
Male_Normal-1810.jpg,dataset_stage1/no_wound/Nomal/Male_Normal-1810.jpg,0,train,dataset_stage1/no_wound
Male_Normal-1582.jpg,dataset_stage1/no_wound/Nomal/Male_Normal-1582.jpg,0,train,dataset_stage1/no_wound
Female_normal-054.jpg,dataset_stage1/no_wound/Nomal/Female_normal-054.jpg,0,train,dataset_stage1/no_wound
11.jpg,dataset_stage1/no_wound/N/11.jpg,0,train,dataset_stage1/no_wound
Male_Normal-0470.jpg,dataset_stage1/no_wound/Nomal/Male_Normal-0470.jpg,0,train,dataset_stage1/no_wound
Male_Normal-0468.jpg,dataset_stage1/no_wound/Nomal/Male_Normal-0468.jpg,0,train,dataset_stage1/no_wound
Male_Normal-0673.jpg,dataset_stage1/no_wound/Nomal/Male_Normal-0673.jpg,0,train,dataset_stage1/no_wound
Female_normal-387.jpg,dataset_stage1/no_wound/Nomal/Female_normal-387.jpg,0,train,dataset_stage1/no_wound
Female_normal-428.jpg,dataset_stage1/no_wound/Nomal/Female_normal-428.jpg,0,train,dataset_stage1/no_wound
Male_Normal-0721.jpg,dataset_stage1/no_wound/Nomal/Male_Normal-0721.jpg,0,train,dataset_stage1/no_wound
Male_Normal-1126.jpg,dataset_stage1/no_wound/Nomal/Male_Normal-1126.jpg,0,train,dataset_stage1/no_wound
Male_Normal-1224.jpg,dataset_stage1/no_wound/Nomal/Male_Normal-1224.jpg,0,train,dataset_stage1/no_wound
Female_normal-204.jpg,dataset_stage1/no_wound/Nomal/Female_normal-204.jpg,0,train,dataset_stage1/no_wound
Male_Normal-0179.jpg,dataset_stage1/no_wound/Nomal/Male_Normal-0179.jpg,0,train,dataset_stage1/no_wound
Male_Normal-1280.jpg,dataset_stage1/no_wound/Nomal/Male_Normal-1280.jpg,0,train,dataset_stage1/no_wound
Male_Normal-0707.jpg,dataset_stage1/no_wound/Nomal/Male_Normal-0707.jpg,0,train,dataset_stage1/no_wound
Male_Normal-1081.jpg,dataset_stage1/no_wound/Nomal/Male_Normal-1081.jpg,0,train,dataset_stage1/no_wound
Male_Normal-1827.jpg,dataset_stage1/no_wound/Nomal/Male_Normal-1827.jpg,0,train,dataset_stage1/no_wound
Female_normal-253.jpg,dataset_stage1/no_wound/Nomal/Female_normal-253.jpg,0,train,dataset_stage1/no_wound
Male_Normal-1326.jpg,dataset_stage1/no_wound/Nomal/Male_Normal-1326.jpg,0,train,dataset_stage1/no_wound
Male_Normal-0352.jpg,dataset_stage1/no_wound/Nomal/Male_Normal-0352.jpg,0,train,dataset_stage1/no_wound
Male_Normal-1074.jpg,dataset_stage1/no_wound/Nomal/Male_Normal-1074.jpg,0,train,dataset_stage1/no_wound
Female_normal-681.jpg,dataset_stage1/no_wound/Nomal/Female_normal-681.jpg,0,train,dataset_stage1/no_wound
Male_Normal-1900.jpg,dataset_stage1/no_wound/Nomal/Male_Normal-1900.jpg,0,train,dataset_stage1/no_wound
Female_normal-424.jpg,dataset_stage1/no_wound/Nomal/Female_normal-424.jpg,0,train,dataset_stage1/no_wound
Male_Normal-1418.jpg,dataset_stage1/no_wound/Nomal/Male_Normal-1418.jpg,0,train,dataset_stage1/no_wound
Male_Normal-1859.jpg,dataset_stage1/no_wound/Nomal/Male_Normal-1859.jpg,0,train,dataset_stage1/no_wound
Male_Normal-0812.jpg,dataset_stage1/no_wound/Nomal/Male_Normal-0812.jpg,0,train,dataset_stage1/no_wound
Female_normal-063.jpg,dataset_stage1/no_wound/Nomal/Female_normal-063.jpg,0,train,dataset_stage1/no_wound
Male_Normal-0659.jpg,dataset_stage1/no_wound/Nomal/Male_Normal-0659.jpg,0,train,dataset_stage1/no_wound
Male_Normal-0463.jpg,dataset_stage1/no_wound/Nomal/Male_Normal-0463.jpg,0,train,dataset_stage1/no_wound
Male_Normal-1223.jpg,dataset_stage1/no_wound/Nomal/Male_Normal-1223.jpg,0,train,dataset_stage1/no_wound
Male_Normal-0994.jpg,dataset_stage1/no_wound/Nomal/Male_Normal-0994.jpg,0,train,dataset_stage1/no_wound
Male_Normal-1545.jpg,dataset_stage1/no_wound/Nomal/Male_Normal-1545.jpg,0,train,dataset_stage1/no_wound
Male_Normal-0827.jpg,dataset_stage1/no_wound/Nomal/Male_Normal-0827.jpg,0,train,dataset_stage1/no_wound
Female_normal-441.jpg,dataset_stage1/no_wound/Nomal/Female_normal-441.jpg,0,train,dataset_stage1/no_wound
Male_Normal-1410.jpg,dataset_stage1/no_wound/Nomal/Male_Normal-1410.jpg,0,train,dataset_stage1/no_wound
Male_Normal-1623.jpg,dataset_stage1/no_wound/Nomal/Male_Normal-1623.jpg,0,train,dataset_stage1/no_wound
Male_Normal-1813.jpg,dataset_stage1/no_wound/Nomal/Male_Normal-1813.jpg,0,train,dataset_stage1/no_wound
Male_Normal-0984.jpg,dataset_stage1/no_wound/Nomal/Male_Normal-0984.jpg,0,train,dataset_stage1/no_wound
Female_normal-289.jpg,dataset_stage1/no_wound/Nomal/Female_normal-289.jpg,0,train,dataset_stage1/no_wound
Male_Normal-0868.jpg,dataset_stage1/no_wound/Nomal/Male_Normal-0868.jpg,0,train,dataset_stage1/no_wound
Male_Normal-0759.jpg,dataset_stage1/no_wound/Nomal/Male_Normal-0759.jpg,0,train,dataset_stage1/no_wound
50.jpg,dataset_stage1/no_wound/N/50.jpg,0,train,dataset_stage1/no_wound
Male_Normal-0559.jpg,dataset_stage1/no_wound/Nomal/Male_Normal-0559.jpg,0,train,dataset_stage1/no_wound
Male_Normal-1011.jpg,dataset_stage1/no_wound/Nomal/Male_Normal-1011.jpg,0,train,dataset_stage1/no_wound
Male_Normal-0394.jpg,dataset_stage1/no_wound/Nomal/Male_Normal-0394.jpg,0,train,dataset_stage1/no_wound
Male_Normal-1475.jpg,dataset_stage1/no_wound/Nomal/Male_Normal-1475.jpg,0,train,dataset_stage1/no_wound
Male_Normal-1918.jpg,dataset_stage1/no_wound/Nomal/Male_Normal-1918.jpg,0,train,dataset_stage1/no_wound
Female_normal-460.jpg,dataset_stage1/no_wound/Nomal/Female_normal-460.jpg,0,train,dataset_stage1/no_wound
Male_Normal-0819.jpg,dataset_stage1/no_wound/Nomal/Male_Normal-0819.jpg,0,train,dataset_stage1/no_wound
Male_Normal-1536.jpg,dataset_stage1/no_wound/Nomal/Male_Normal-1536.jpg,0,train,dataset_stage1/no_wound
87.jpg,dataset_stage1/no_wound/N/87.jpg,0,train,dataset_stage1/no_wound
Male_Normal-0172.jpg,dataset_stage1/no_wound/Nomal/Male_Normal-0172.jpg,0,train,dataset_stage1/no_wound
Female_normal-409.jpg,dataset_stage1/no_wound/Nomal/Female_normal-409.jpg,0,train,dataset_stage1/no_wound
Male_Normal-1216.jpg,dataset_stage1/no_wound/Nomal/Male_Normal-1216.jpg,0,train,dataset_stage1/no_wound
Male_Normal-0955.jpg,dataset_stage1/no_wound/Nomal/Male_Normal-0955.jpg,0,train,dataset_stage1/no_wound
97.jpg,dataset_stage1/no_wound/N/97.jpg,0,train,dataset_stage1/no_wound
Male_Normal-1352.jpg,dataset_stage1/no_wound/Nomal/Male_Normal-1352.jpg,0,train,dataset_stage1/no_wound
Female_normal-094.jpg,dataset_stage1/no_wound/Nomal/Female_normal-094.jpg,0,train,dataset_stage1/no_wound
Female_normal-567.jpg,dataset_stage1/no_wound/Nomal/Female_normal-567.jpg,0,train,dataset_stage1/no_wound
Female_normal-201.jpg,dataset_stage1/no_wound/Nomal/Female_normal-201.jpg,0,train,dataset_stage1/no_wound
29.jpg,dataset_stage1/no_wound/N/29.jpg,0,train,dataset_stage1/no_wound
Female_normal-003.jpg,dataset_stage1/no_wound/Nomal/Female_normal-003.jpg,0,train,dataset_stage1/no_wound
Female_normal-636.jpg,dataset_stage1/no_wound/Nomal/Female_normal-636.jpg,0,train,dataset_stage1/no_wound
Male_Normal-1319.jpg,dataset_stage1/no_wound/Nomal/Male_Normal-1319.jpg,0,train,dataset_stage1/no_wound
Male_Normal-0464.jpg,dataset_stage1/no_wound/Nomal/Male_Normal-0464.jpg,0,train,dataset_stage1/no_wound
Male_Normal-0758.jpg,dataset_stage1/no_wound/Nomal/Male_Normal-0758.jpg,0,train,dataset_stage1/no_wound
Male_Normal-0720.jpg,dataset_stage1/no_wound/Nomal/Male_Normal-0720.jpg,0,train,dataset_stage1/no_wound
Male_Normal-0732.jpg,dataset_stage1/no_wound/Nomal/Male_Normal-0732.jpg,0,train,dataset_stage1/no_wound
Male_Normal-1895.jpg,dataset_stage1/no_wound/Nomal/Male_Normal-1895.jpg,0,train,dataset_stage1/no_wound
Male_Normal-0178.jpg,dataset_stage1/no_wound/Nomal/Male_Normal-0178.jpg,0,train,dataset_stage1/no_wound
Male_Normal-0686.jpg,dataset_stage1/no_wound/Nomal/Male_Normal-0686.jpg,0,train,dataset_stage1/no_wound
Male_Normal-1457.jpg,dataset_stage1/no_wound/Nomal/Male_Normal-1457.jpg,0,train,dataset_stage1/no_wound
Male_Normal-0784.jpg,dataset_stage1/no_wound/Nomal/Male_Normal-0784.jpg,0,train,dataset_stage1/no_wound
Female_normal-655.jpg,dataset_stage1/no_wound/Nomal/Female_normal-655.jpg,0,train,dataset_stage1/no_wound
Male_Normal-0614.jpg,dataset_stage1/no_wound/Nomal/Male_Normal-0614.jpg,0,train,dataset_stage1/no_wound
Male_Normal-1292.jpg,dataset_stage1/no_wound/Nomal/Male_Normal-1292.jpg,0,train,dataset_stage1/no_wound
Female_normal-442.jpg,dataset_stage1/no_wound/Nomal/Female_normal-442.jpg,0,train,dataset_stage1/no_wound
10.jpg,dataset_stage1/no_wound/BG/10.jpg,0,train,dataset_stage1/no_wound
Male_Normal-1185.jpg,dataset_stage1/no_wound/Nomal/Male_Normal-1185.jpg,0,train,dataset_stage1/no_wound
Female_normal-499.jpg,dataset_stage1/no_wound/Nomal/Female_normal-499.jpg,0,train,dataset_stage1/no_wound
Male_Normal-0661.jpg,dataset_stage1/no_wound/Nomal/Male_Normal-0661.jpg,0,train,dataset_stage1/no_wound
Male_Normal-0316.jpg,dataset_stage1/no_wound/Nomal/Male_Normal-0316.jpg,0,train,dataset_stage1/no_wound
Male_Normal-1928.jpg,dataset_stage1/no_wound/Nomal/Male_Normal-1928.jpg,0,train,dataset_stage1/no_wound
Male_Normal-1514.jpg,dataset_stage1/no_wound/Nomal/Male_Normal-1514.jpg,0,train,dataset_stage1/no_wound
Male_Normal-0545.jpg,dataset_stage1/no_wound/Nomal/Male_Normal-0545.jpg,0,train,dataset_stage1/no_wound
Male_Normal-0878.jpg,dataset_stage1/no_wound/Nomal/Male_Normal-0878.jpg,0,train,dataset_stage1/no_wound
Male_Normal-0161.jpg,dataset_stage1/no_wound/Nomal/Male_Normal-0161.jpg,0,train,dataset_stage1/no_wound
Male_Normal-1880.jpg,dataset_stage1/no_wound/Nomal/Male_Normal-1880.jpg,0,train,dataset_stage1/no_wound
Male_Normal-0656.jpg,dataset_stage1/no_wound/Nomal/Male_Normal-0656.jpg,0,train,dataset_stage1/no_wound
Male_Normal-1023.jpg,dataset_stage1/no_wound/Nomal/Male_Normal-1023.jpg,0,train,dataset_stage1/no_wound
Female_normal-464.jpg,dataset_stage1/no_wound/Nomal/Female_normal-464.jpg,0,train,dataset_stage1/no_wound
Female_normal-484.jpg,dataset_stage1/no_wound/Nomal/Female_normal-484.jpg,0,train,dataset_stage1/no_wound
Male_Normal-0282.jpg,dataset_stage1/no_wound/Nomal/Male_Normal-0282.jpg,0,train,dataset_stage1/no_wound
Female_normal-118.jpg,dataset_stage1/no_wound/Nomal/Female_normal-118.jpg,0,train,dataset_stage1/no_wound
Female_normal-449.jpg,dataset_stage1/no_wound/Nomal/Female_normal-449.jpg,0,train,dataset_stage1/no_wound
Male_Normal-0459.jpg,dataset_stage1/no_wound/Nomal/Male_Normal-0459.jpg,0,train,dataset_stage1/no_wound
Male_Normal-0504.jpg,dataset_stage1/no_wound/Nomal/Male_Normal-0504.jpg,0,train,dataset_stage1/no_wound
Female_normal-510.jpg,dataset_stage1/no_wound/Nomal/Female_normal-510.jpg,0,train,dataset_stage1/no_wound
Male_Normal-0307.jpg,dataset_stage1/no_wound/Nomal/Male_Normal-0307.jpg,0,train,dataset_stage1/no_wound
Male_Normal-0793.jpg,dataset_stage1/no_wound/Nomal/Male_Normal-0793.jpg,0,train,dataset_stage1/no_wound
Female_normal-773.jpg,dataset_stage1/no_wound/Nomal/Female_normal-773.jpg,0,train,dataset_stage1/no_wound
Male_Normal-1700.jpg,dataset_stage1/no_wound/Nomal/Male_Normal-1700.jpg,0,train,dataset_stage1/no_wound
Male_Normal-1705.jpg,dataset_stage1/no_wound/Nomal/Male_Normal-1705.jpg,0,train,dataset_stage1/no_wound
Male_Normal-0331.jpg,dataset_stage1/no_wound/Nomal/Male_Normal-0331.jpg,0,train,dataset_stage1/no_wound
Male_Normal-0425.jpg,dataset_stage1/no_wound/Nomal/Male_Normal-0425.jpg,0,train,dataset_stage1/no_wound
Male_Normal-0433.jpg,dataset_stage1/no_wound/Nomal/Male_Normal-0433.jpg,0,train,dataset_stage1/no_wound
Male_Normal-1262.jpg,dataset_stage1/no_wound/Nomal/Male_Normal-1262.jpg,0,train,dataset_stage1/no_wound
Male_Normal-0521.jpg,dataset_stage1/no_wound/Nomal/Male_Normal-0521.jpg,0,train,dataset_stage1/no_wound
Male_Normal-1063.jpg,dataset_stage1/no_wound/Nomal/Male_Normal-1063.jpg,0,train,dataset_stage1/no_wound
Male_Normal-0554.jpg,dataset_stage1/no_wound/Nomal/Male_Normal-0554.jpg,0,train,dataset_stage1/no_wound
Male_Normal-0688.jpg,dataset_stage1/no_wound/Nomal/Male_Normal-0688.jpg,0,train,dataset_stage1/no_wound
Male_Normal-0379.jpg,dataset_stage1/no_wound/Nomal/Male_Normal-0379.jpg,0,train,dataset_stage1/no_wound
Male_Normal-1906.jpg,dataset_stage1/no_wound/Nomal/Male_Normal-1906.jpg,0,train,dataset_stage1/no_wound
Male_Normal-1926.jpg,dataset_stage1/no_wound/Nomal/Male_Normal-1926.jpg,0,train,dataset_stage1/no_wound
Male_Normal-0668.jpg,dataset_stage1/no_wound/Nomal/Male_Normal-0668.jpg,0,train,dataset_stage1/no_wound
Male_Normal-0076.jpg,dataset_stage1/no_wound/Nomal/Male_Normal-0076.jpg,0,train,dataset_stage1/no_wound
Female_normal-596.jpg,dataset_stage1/no_wound/Nomal/Female_normal-596.jpg,0,train,dataset_stage1/no_wound
Male_Normal-1718.jpg,dataset_stage1/no_wound/Nomal/Male_Normal-1718.jpg,0,train,dataset_stage1/no_wound
Male_Normal-0622.jpg,dataset_stage1/no_wound/Nomal/Male_Normal-0622.jpg,0,train,dataset_stage1/no_wound
Male_Normal-1629.jpg,dataset_stage1/no_wound/Nomal/Male_Normal-1629.jpg,0,train,dataset_stage1/no_wound
Male_Normal-1754.jpg,dataset_stage1/no_wound/Nomal/Male_Normal-1754.jpg,0,train,dataset_stage1/no_wound
Male_Normal-1650.jpg,dataset_stage1/no_wound/Nomal/Male_Normal-1650.jpg,0,train,dataset_stage1/no_wound
Male_Normal-0844.jpg,dataset_stage1/no_wound/Nomal/Male_Normal-0844.jpg,0,train,dataset_stage1/no_wound
Male_Normal-0747.jpg,dataset_stage1/no_wound/Nomal/Male_Normal-0747.jpg,0,train,dataset_stage1/no_wound
Male_Normal-0208.jpg,dataset_stage1/no_wound/Nomal/Male_Normal-0208.jpg,0,train,dataset_stage1/no_wound
Male_Normal-1597.jpg,dataset_stage1/no_wound/Nomal/Male_Normal-1597.jpg,0,train,dataset_stage1/no_wound
Male_Normal-0084.jpg,dataset_stage1/no_wound/Nomal/Male_Normal-0084.jpg,0,train,dataset_stage1/no_wound
Female_normal-341.jpg,dataset_stage1/no_wound/Nomal/Female_normal-341.jpg,0,train,dataset_stage1/no_wound
Male_Normal-0703.jpg,dataset_stage1/no_wound/Nomal/Male_Normal-0703.jpg,0,train,dataset_stage1/no_wound
Male_Normal-1821.jpg,dataset_stage1/no_wound/Nomal/Male_Normal-1821.jpg,0,train,dataset_stage1/no_wound
Male_Normal-1870.jpg,dataset_stage1/no_wound/Nomal/Male_Normal-1870.jpg,0,train,dataset_stage1/no_wound
Male_Normal-1557.jpg,dataset_stage1/no_wound/Nomal/Male_Normal-1557.jpg,0,train,dataset_stage1/no_wound
Male_Normal-0782.jpg,dataset_stage1/no_wound/Nomal/Male_Normal-0782.jpg,0,train,dataset_stage1/no_wound
Male_Normal-0948.jpg,dataset_stage1/no_wound/Nomal/Male_Normal-0948.jpg,0,train,dataset_stage1/no_wound
95.jpg,dataset_stage1/no_wound/BG/95.jpg,0,train,dataset_stage1/no_wound
Male_Normal-0045.jpg,dataset_stage1/no_wound/Nomal/Male_Normal-0045.jpg,0,train,dataset_stage1/no_wound
Female_normal-364.jpg,dataset_stage1/no_wound/Nomal/Female_normal-364.jpg,0,train,dataset_stage1/no_wound
Male_Normal-1815.jpg,dataset_stage1/no_wound/Nomal/Male_Normal-1815.jpg,0,train,dataset_stage1/no_wound
Female_normal-664.jpg,dataset_stage1/no_wound/Nomal/Female_normal-664.jpg,0,train,dataset_stage1/no_wound
Male_Normal-0509.jpg,dataset_stage1/no_wound/Nomal/Male_Normal-0509.jpg,0,train,dataset_stage1/no_wound
Male_Normal-0906.jpg,dataset_stage1/no_wound/Nomal/Male_Normal-0906.jpg,0,train,dataset_stage1/no_wound
Male_Normal-0063.jpg,dataset_stage1/no_wound/Nomal/Male_Normal-0063.jpg,0,train,dataset_stage1/no_wound
Female_normal-007.jpg,dataset_stage1/no_wound/Nomal/Female_normal-007.jpg,0,train,dataset_stage1/no_wound
Female_normal-193.jpg,dataset_stage1/no_wound/Nomal/Female_normal-193.jpg,0,train,dataset_stage1/no_wound
Female_normal-671.jpg,dataset_stage1/no_wound/Nomal/Female_normal-671.jpg,0,train,dataset_stage1/no_wound
Female_normal-198.jpg,dataset_stage1/no_wound/Nomal/Female_normal-198.jpg,0,train,dataset_stage1/no_wound
Male_Normal-1839.jpg,dataset_stage1/no_wound/Nomal/Male_Normal-1839.jpg,0,train,dataset_stage1/no_wound
Male_Normal-1864.jpg,dataset_stage1/no_wound/Nomal/Male_Normal-1864.jpg,0,train,dataset_stage1/no_wound
Male_Normal-0053.jpg,dataset_stage1/no_wound/Nomal/Male_Normal-0053.jpg,0,train,dataset_stage1/no_wound
Male_Normal-1715.jpg,dataset_stage1/no_wound/Nomal/Male_Normal-1715.jpg,0,train,dataset_stage1/no_wound
Male_Normal-0510.jpg,dataset_stage1/no_wound/Nomal/Male_Normal-0510.jpg,0,train,dataset_stage1/no_wound
Male_Normal-1685.jpg,dataset_stage1/no_wound/Nomal/Male_Normal-1685.jpg,0,train,dataset_stage1/no_wound
Female_normal-761.jpg,dataset_stage1/no_wound/Nomal/Female_normal-761.jpg,0,train,dataset_stage1/no_wound
Male_Normal-0595.jpg,dataset_stage1/no_wound/Nomal/Male_Normal-0595.jpg,0,train,dataset_stage1/no_wound
Male_Normal-1798.jpg,dataset_stage1/no_wound/Nomal/Male_Normal-1798.jpg,0,train,dataset_stage1/no_wound
Male_Normal-0920.jpg,dataset_stage1/no_wound/Nomal/Male_Normal-0920.jpg,0,train,dataset_stage1/no_wound
Male_Normal-1756.jpg,dataset_stage1/no_wound/Nomal/Male_Normal-1756.jpg,0,train,dataset_stage1/no_wound
Male_Normal-1171.jpg,dataset_stage1/no_wound/Nomal/Male_Normal-1171.jpg,0,train,dataset_stage1/no_wound
Female_normal-605.jpg,dataset_stage1/no_wound/Nomal/Female_normal-605.jpg,0,train,dataset_stage1/no_wound
Male_Normal-0776.jpg,dataset_stage1/no_wound/Nomal/Male_Normal-0776.jpg,0,train,dataset_stage1/no_wound
Male_Normal-1479.jpg,dataset_stage1/no_wound/Nomal/Male_Normal-1479.jpg,0,train,dataset_stage1/no_wound
Female_normal-303.jpg,dataset_stage1/no_wound/Nomal/Female_normal-303.jpg,0,train,dataset_stage1/no_wound
Female_normal-580.jpg,dataset_stage1/no_wound/Nomal/Female_normal-580.jpg,0,train,dataset_stage1/no_wound
Male_Normal-0888.jpg,dataset_stage1/no_wound/Nomal/Male_Normal-0888.jpg,0,train,dataset_stage1/no_wound
Female_normal-001.jpg,dataset_stage1/no_wound/Nomal/Female_normal-001.jpg,0,train,dataset_stage1/no_wound
Male_Normal-1207.jpg,dataset_stage1/no_wound/Nomal/Male_Normal-1207.jpg,0,train,dataset_stage1/no_wound
Male_Normal-1113.jpg,dataset_stage1/no_wound/Nomal/Male_Normal-1113.jpg,0,train,dataset_stage1/no_wound
Male_Normal-1303.jpg,dataset_stage1/no_wound/Nomal/Male_Normal-1303.jpg,0,train,dataset_stage1/no_wound
Male_Normal-0821.jpg,dataset_stage1/no_wound/Nomal/Male_Normal-0821.jpg,0,train,dataset_stage1/no_wound
Female_normal-179.jpg,dataset_stage1/no_wound/Nomal/Female_normal-179.jpg,0,train,dataset_stage1/no_wound
Male_Normal-1361.jpg,dataset_stage1/no_wound/Nomal/Male_Normal-1361.jpg,0,train,dataset_stage1/no_wound
Female_normal-219.jpg,dataset_stage1/no_wound/Nomal/Female_normal-219.jpg,0,train,dataset_stage1/no_wound
Male_Normal-0723.jpg,dataset_stage1/no_wound/Nomal/Male_Normal-0723.jpg,0,train,dataset_stage1/no_wound
Female_normal-192.jpg,dataset_stage1/no_wound/Nomal/Female_normal-192.jpg,0,train,dataset_stage1/no_wound
Male_Normal-1665.jpg,dataset_stage1/no_wound/Nomal/Male_Normal-1665.jpg,0,train,dataset_stage1/no_wound
Male_Normal-0547.jpg,dataset_stage1/no_wound/Nomal/Male_Normal-0547.jpg,0,train,dataset_stage1/no_wound
Male_Normal-0187.jpg,dataset_stage1/no_wound/Nomal/Male_Normal-0187.jpg,0,train,dataset_stage1/no_wound
Male_Normal-0520.jpg,dataset_stage1/no_wound/Nomal/Male_Normal-0520.jpg,0,train,dataset_stage1/no_wound
Male_Normal-1720.jpg,dataset_stage1/no_wound/Nomal/Male_Normal-1720.jpg,0,train,dataset_stage1/no_wound
Male_Normal-1052.jpg,dataset_stage1/no_wound/Nomal/Male_Normal-1052.jpg,0,train,dataset_stage1/no_wound
Male_Normal-0177.jpg,dataset_stage1/no_wound/Nomal/Male_Normal-0177.jpg,0,train,dataset_stage1/no_wound
Male_Normal-0392.jpg,dataset_stage1/no_wound/Nomal/Male_Normal-0392.jpg,0,train,dataset_stage1/no_wound
Male_Normal-1593.jpg,dataset_stage1/no_wound/Nomal/Male_Normal-1593.jpg,0,train,dataset_stage1/no_wound
67.jpg,dataset_stage1/no_wound/BG/67.jpg,0,train,dataset_stage1/no_wound
Male_Normal-1087.jpg,dataset_stage1/no_wound/Nomal/Male_Normal-1087.jpg,0,train,dataset_stage1/no_wound
Male_Normal-0205.jpg,dataset_stage1/no_wound/Nomal/Male_Normal-0205.jpg,0,train,dataset_stage1/no_wound
Female_normal-293.jpg,dataset_stage1/no_wound/Nomal/Female_normal-293.jpg,0,train,dataset_stage1/no_wound
Female_normal-180.jpg,dataset_stage1/no_wound/Nomal/Female_normal-180.jpg,0,train,dataset_stage1/no_wound
Male_Normal-1260.jpg,dataset_stage1/no_wound/Nomal/Male_Normal-1260.jpg,0,train,dataset_stage1/no_wound
Female_normal-564.jpg,dataset_stage1/no_wound/Nomal/Female_normal-564.jpg,0,train,dataset_stage1/no_wound
Male_Normal-1289.jpg,dataset_stage1/no_wound/Nomal/Male_Normal-1289.jpg,0,train,dataset_stage1/no_wound
Female_normal-592.jpg,dataset_stage1/no_wound/Nomal/Female_normal-592.jpg,0,train,dataset_stage1/no_wound
Male_Normal-0101.jpg,dataset_stage1/no_wound/Nomal/Male_Normal-0101.jpg,0,train,dataset_stage1/no_wound
Female_normal-679.jpg,dataset_stage1/no_wound/Nomal/Female_normal-679.jpg,0,train,dataset_stage1/no_wound
Female_normal-138.jpg,dataset_stage1/no_wound/Nomal/Female_normal-138.jpg,0,train,dataset_stage1/no_wound
Male_Normal-1792.jpg,dataset_stage1/no_wound/Nomal/Male_Normal-1792.jpg,0,train,dataset_stage1/no_wound
Male_Normal-1368.jpg,dataset_stage1/no_wound/Nomal/Male_Normal-1368.jpg,0,train,dataset_stage1/no_wound
Male_Normal-0041.jpg,dataset_stage1/no_wound/Nomal/Male_Normal-0041.jpg,0,train,dataset_stage1/no_wound
Male_Normal-0300.jpg,dataset_stage1/no_wound/Nomal/Male_Normal-0300.jpg,0,train,dataset_stage1/no_wound
Female_normal-256.jpg,dataset_stage1/no_wound/Nomal/Female_normal-256.jpg,0,train,dataset_stage1/no_wound
Female_normal-616.jpg,dataset_stage1/no_wound/Nomal/Female_normal-616.jpg,0,train,dataset_stage1/no_wound
Male_Normal-1342.jpg,dataset_stage1/no_wound/Nomal/Male_Normal-1342.jpg,0,train,dataset_stage1/no_wound
Male_Normal-0020.jpg,dataset_stage1/no_wound/Nomal/Male_Normal-0020.jpg,0,train,dataset_stage1/no_wound
Male_Normal-1006.jpg,dataset_stage1/no_wound/Nomal/Male_Normal-1006.jpg,0,train,dataset_stage1/no_wound
Female_normal-002.jpg,dataset_stage1/no_wound/Nomal/Female_normal-002.jpg,0,train,dataset_stage1/no_wound
64.jpg,dataset_stage1/no_wound/N/64.jpg,0,train,dataset_stage1/no_wound
Male_Normal-0604.jpg,dataset_stage1/no_wound/Nomal/Male_Normal-0604.jpg,0,train,dataset_stage1/no_wound
Male_Normal-1802.jpg,dataset_stage1/no_wound/Nomal/Male_Normal-1802.jpg,0,train,dataset_stage1/no_wound
Male_Normal-1474.jpg,dataset_stage1/no_wound/Nomal/Male_Normal-1474.jpg,0,train,dataset_stage1/no_wound
Female_normal-503.jpg,dataset_stage1/no_wound/Nomal/Female_normal-503.jpg,0,train,dataset_stage1/no_wound
Male_Normal-0525.jpg,dataset_stage1/no_wound/Nomal/Male_Normal-0525.jpg,0,train,dataset_stage1/no_wound
Male_Normal-0154.jpg,dataset_stage1/no_wound/Nomal/Male_Normal-0154.jpg,0,train,dataset_stage1/no_wound
Male_Normal-1638.jpg,dataset_stage1/no_wound/Nomal/Male_Normal-1638.jpg,0,train,dataset_stage1/no_wound
Male_Normal-0046.jpg,dataset_stage1/no_wound/Nomal/Male_Normal-0046.jpg,0,train,dataset_stage1/no_wound
Male_Normal-0610.jpg,dataset_stage1/no_wound/Nomal/Male_Normal-0610.jpg,0,train,dataset_stage1/no_wound
Male_Normal-0980.jpg,dataset_stage1/no_wound/Nomal/Male_Normal-0980.jpg,0,train,dataset_stage1/no_wound
Male_Normal-1278.jpg,dataset_stage1/no_wound/Nomal/Male_Normal-1278.jpg,0,train,dataset_stage1/no_wound
4.jpg,dataset_stage1/no_wound/BG/4.jpg,0,train,dataset_stage1/no_wound
Female_normal-576.jpg,dataset_stage1/no_wound/Nomal/Female_normal-576.jpg,0,train,dataset_stage1/no_wound
Male_Normal-1581.jpg,dataset_stage1/no_wound/Nomal/Male_Normal-1581.jpg,0,train,dataset_stage1/no_wound
Male_Normal-0503.jpg,dataset_stage1/no_wound/Nomal/Male_Normal-0503.jpg,0,train,dataset_stage1/no_wound
Male_Normal-0415.jpg,dataset_stage1/no_wound/Nomal/Male_Normal-0415.jpg,0,train,dataset_stage1/no_wound
Male_Normal-1164.jpg,dataset_stage1/no_wound/Nomal/Male_Normal-1164.jpg,0,train,dataset_stage1/no_wound
Male_Normal-0388.jpg,dataset_stage1/no_wound/Nomal/Male_Normal-0388.jpg,0,train,dataset_stage1/no_wound
Male_Normal-1637.jpg,dataset_stage1/no_wound/Nomal/Male_Normal-1637.jpg,0,train,dataset_stage1/no_wound
Male_Normal-1849.jpg,dataset_stage1/no_wound/Nomal/Male_Normal-1849.jpg,0,train,dataset_stage1/no_wound
Male_Normal-1066.jpg,dataset_stage1/no_wound/Nomal/Male_Normal-1066.jpg,0,train,dataset_stage1/no_wound
Female_normal-042.jpg,dataset_stage1/no_wound/Nomal/Female_normal-042.jpg,0,train,dataset_stage1/no_wound
Male_Normal-1086.jpg,dataset_stage1/no_wound/Nomal/Male_Normal-1086.jpg,0,train,dataset_stage1/no_wound
Male_Normal-1388.jpg,dataset_stage1/no_wound/Nomal/Male_Normal-1388.jpg,0,train,dataset_stage1/no_wound
Female_normal-401.jpg,dataset_stage1/no_wound/Nomal/Female_normal-401.jpg,0,train,dataset_stage1/no_wound
Male_Normal-1460.jpg,dataset_stage1/no_wound/Nomal/Male_Normal-1460.jpg,0,train,dataset_stage1/no_wound
Male_Normal-0322.jpg,dataset_stage1/no_wound/Nomal/Male_Normal-0322.jpg,0,train,dataset_stage1/no_wound
Male_Normal-1239.jpg,dataset_stage1/no_wound/Nomal/Male_Normal-1239.jpg,0,train,dataset_stage1/no_wound
Male_Normal-1913.jpg,dataset_stage1/no_wound/Nomal/Male_Normal-1913.jpg,0,train,dataset_stage1/no_wound
Male_Normal-1093.jpg,dataset_stage1/no_wound/Nomal/Male_Normal-1093.jpg,0,train,dataset_stage1/no_wound
Female_normal-447.jpg,dataset_stage1/no_wound/Nomal/Female_normal-447.jpg,0,train,dataset_stage1/no_wound
Male_Normal-0553.jpg,dataset_stage1/no_wound/Nomal/Male_Normal-0553.jpg,0,train,dataset_stage1/no_wound
Male_Normal-1904.jpg,dataset_stage1/no_wound/Nomal/Male_Normal-1904.jpg,0,train,dataset_stage1/no_wound
Male_Normal-0292.jpg,dataset_stage1/no_wound/Nomal/Male_Normal-0292.jpg,0,train,dataset_stage1/no_wound
Male_Normal-0924.jpg,dataset_stage1/no_wound/Nomal/Male_Normal-0924.jpg,0,train,dataset_stage1/no_wound
Female_normal-363.jpg,dataset_stage1/no_wound/Nomal/Female_normal-363.jpg,0,train,dataset_stage1/no_wound
Male_Normal-1759.jpg,dataset_stage1/no_wound/Nomal/Male_Normal-1759.jpg,0,train,dataset_stage1/no_wound
9.jpg,dataset_stage1/no_wound/N/9.jpg,0,train,dataset_stage1/no_wound
Male_Normal-0831.jpg,dataset_stage1/no_wound/Nomal/Male_Normal-0831.jpg,0,train,dataset_stage1/no_wound
Female_normal-776.jpg,dataset_stage1/no_wound/Nomal/Female_normal-776.jpg,0,train,dataset_stage1/no_wound
Male_Normal-1772.jpg,dataset_stage1/no_wound/Nomal/Male_Normal-1772.jpg,0,train,dataset_stage1/no_wound
Male_Normal-1072.jpg,dataset_stage1/no_wound/Nomal/Male_Normal-1072.jpg,0,train,dataset_stage1/no_wound
Male_Normal-1583.jpg,dataset_stage1/no_wound/Nomal/Male_Normal-1583.jpg,0,train,dataset_stage1/no_wound
Male_Normal-0107.jpg,dataset_stage1/no_wound/Nomal/Male_Normal-0107.jpg,0,train,dataset_stage1/no_wound
Female_normal-275.jpg,dataset_stage1/no_wound/Nomal/Female_normal-275.jpg,0,train,dataset_stage1/no_wound
Male_Normal-1929.jpg,dataset_stage1/no_wound/Nomal/Male_Normal-1929.jpg,0,train,dataset_stage1/no_wound
Female_normal-548.jpg,dataset_stage1/no_wound/Nomal/Female_normal-548.jpg,0,train,dataset_stage1/no_wound
Male_Normal-1325.jpg,dataset_stage1/no_wound/Nomal/Male_Normal-1325.jpg,0,train,dataset_stage1/no_wound
28.jpg,dataset_stage1/no_wound/BG/28.jpg,0,train,dataset_stage1/no_wound
Female_normal-260.jpg,dataset_stage1/no_wound/Nomal/Female_normal-260.jpg,0,train,dataset_stage1/no_wound
Male_Normal-0209.jpg,dataset_stage1/no_wound/Nomal/Male_Normal-0209.jpg,0,train,dataset_stage1/no_wound
Male_Normal-1349.jpg,dataset_stage1/no_wound/Nomal/Male_Normal-1349.jpg,0,train,dataset_stage1/no_wound
Female_normal-756.jpg,dataset_stage1/no_wound/Nomal/Female_normal-756.jpg,0,train,dataset_stage1/no_wound
Male_Normal-0240.jpg,dataset_stage1/no_wound/Nomal/Male_Normal-0240.jpg,0,train,dataset_stage1/no_wound
Male_Normal-1458.jpg,dataset_stage1/no_wound/Nomal/Male_Normal-1458.jpg,0,train,dataset_stage1/no_wound
Male_Normal-1878.jpg,dataset_stage1/no_wound/Nomal/Male_Normal-1878.jpg,0,train,dataset_stage1/no_wound
Male_Normal-0540.jpg,dataset_stage1/no_wound/Nomal/Male_Normal-0540.jpg,0,train,dataset_stage1/no_wound
Male_Normal-1416.jpg,dataset_stage1/no_wound/Nomal/Male_Normal-1416.jpg,0,train,dataset_stage1/no_wound
Female_normal-570.jpg,dataset_stage1/no_wound/Nomal/Female_normal-570.jpg,0,train,dataset_stage1/no_wound
Male_Normal-0710.jpg,dataset_stage1/no_wound/Nomal/Male_Normal-0710.jpg,0,train,dataset_stage1/no_wound
36.jpg,dataset_stage1/no_wound/N/36.jpg,0,train,dataset_stage1/no_wound
Male_Normal-1944.jpg,dataset_stage1/no_wound/Nomal/Male_Normal-1944.jpg,0,train,dataset_stage1/no_wound
Male_Normal-1160.jpg,dataset_stage1/no_wound/Nomal/Male_Normal-1160.jpg,0,train,dataset_stage1/no_wound
Male_Normal-0507.jpg,dataset_stage1/no_wound/Nomal/Male_Normal-0507.jpg,0,train,dataset_stage1/no_wound
Female_normal-131.jpg,dataset_stage1/no_wound/Nomal/Female_normal-131.jpg,0,train,dataset_stage1/no_wound
Male_Normal-0263.jpg,dataset_stage1/no_wound/Nomal/Male_Normal-0263.jpg,0,train,dataset_stage1/no_wound
Female_normal-267.jpg,dataset_stage1/no_wound/Nomal/Female_normal-267.jpg,0,train,dataset_stage1/no_wound
Male_Normal-1194.jpg,dataset_stage1/no_wound/Nomal/Male_Normal-1194.jpg,0,train,dataset_stage1/no_wound
Male_Normal-0663.jpg,dataset_stage1/no_wound/Nomal/Male_Normal-0663.jpg,0,train,dataset_stage1/no_wound
Male_Normal-0120.jpg,dataset_stage1/no_wound/Nomal/Male_Normal-0120.jpg,0,train,dataset_stage1/no_wound
Male_Normal-0155.jpg,dataset_stage1/no_wound/Nomal/Male_Normal-0155.jpg,0,train,dataset_stage1/no_wound
Male_Normal-0319.jpg,dataset_stage1/no_wound/Nomal/Male_Normal-0319.jpg,0,train,dataset_stage1/no_wound
Female_normal-661.jpg,dataset_stage1/no_wound/Nomal/Female_normal-661.jpg,0,train,dataset_stage1/no_wound
